uid,rna_type,condition,sample_id,segmentation_name,segmentation_area,image_name,measurement_name,value
240d5d48,vasa,DMSO,21,granule,4566,granule,sum,57738047.0
240d5d48,vasa,DMSO,21,granule,4566,granule,mean,12645.21397284275
240d5d48,vasa,DMSO,21,granule,4566,granule,median,10970.5
240d5d48,vasa,DMSO,21,granule,4566,pla,sum,10294522.0
240d5d48,vasa,DMSO,21,granule,4566,pla,mean,2254.60402978537
240d5d48,vasa,DMSO,21,granule,4566,pla,median,2105.0
240d5d48,vasa,DMSO,21,granule,4566,rna_type,sum,9702856.0
240d5d48,vasa,DMSO,21,granule,4566,rna_type,mean,2125.023215067893
240d5d48,vasa,DMSO,21,granule,4566,rna_type,median,1817.5
240d5d48,vasa,DMSO,21,cell,98112,granule,sum,191295905.0
240d5d48,vasa,DMSO,21,cell,98112,granule,mean,1949.7707212165687
240d5d48,vasa,DMSO,21,cell,98112,granule,median,1164.0
240d5d48,vasa,DMSO,21,cell,98112,pla,sum,171455178.0
240d5d48,vasa,DMSO,21,cell,98112,pla,mean,1747.5454378669276
240d5d48,vasa,DMSO,21,cell,98112,pla,median,1590.0
240d5d48,vasa,DMSO,21,cell,98112,rna_type,sum,128470612.0
240d5d48,vasa,DMSO,21,cell,98112,rna_type,mean,1309.4281229615133
240d5d48,vasa,DMSO,21,cell,98112,rna_type,median,1035.0
240d5d48,vasa,DMSO,21,granule_periphery,10808,granule,sum,33399989.0
240d5d48,vasa,DMSO,21,granule_periphery,10808,granule,mean,3090.3024611398964
240d5d48,vasa,DMSO,21,granule_periphery,10808,granule,median,2658.5
240d5d48,vasa,DMSO,21,granule_periphery,10808,pla,sum,20321317.0
240d5d48,vasa,DMSO,21,granule_periphery,10808,pla,mean,1880.2106772760917
240d5d48,vasa,DMSO,21,granule_periphery,10808,pla,median,1717.0
240d5d48,vasa,DMSO,21,granule_periphery,10808,rna_type,sum,16489766.0
240d5d48,vasa,DMSO,21,granule_periphery,10808,rna_type,mean,1525.7000370096225
240d5d48,vasa,DMSO,21,granule_periphery,10808,rna_type,median,1245.0
240d5d48,vasa,DMSO,21,pseudo_nucleus,29430,granule,sum,68852285.0
240d5d48,vasa,DMSO,21,pseudo_nucleus,29430,granule,mean,2339.5271831464493
240d5d48,vasa,DMSO,21,pseudo_nucleus,29430,granule,median,1646.0
240d5d48,vasa,DMSO,21,pseudo_nucleus,29430,pla,sum,57942123.0
240d5d48,vasa,DMSO,21,pseudo_nucleus,29430,pla,mean,1968.8115188583079
240d5d48,vasa,DMSO,21,pseudo_nucleus,29430,pla,median,1842.0
240d5d48,vasa,DMSO,21,pseudo_nucleus,29430,rna_type,sum,30360623.0
240d5d48,vasa,DMSO,21,pseudo_nucleus,29430,rna_type,mean,1031.621576622494
240d5d48,vasa,DMSO,21,pseudo_nucleus,29430,rna_type,median,853.0
240d5d48,vasa,DMSO,21,cytoplasm,59283,granule,sum,62286294.0
240d5d48,vasa,DMSO,21,cytoplasm,59283,granule,mean,1050.66029047113
240d5d48,vasa,DMSO,21,cytoplasm,59283,granule,median,858.0
240d5d48,vasa,DMSO,21,cytoplasm,59283,pla,sum,94731584.0
240d5d48,vasa,DMSO,21,cytoplasm,59283,pla,mean,1597.9552991582748
240d5d48,vasa,DMSO,21,cytoplasm,59283,pla,median,1440.0
240d5d48,vasa,DMSO,21,cytoplasm,59283,rna_type,sum,80330701.0
240d5d48,vasa,DMSO,21,cytoplasm,59283,rna_type,mean,1355.0377173894708
240d5d48,vasa,DMSO,21,cytoplasm,59283,rna_type,median,1076.0
240d5d48,vasa,DMSO,21,nucleo_cytoplasm,82738,granule,sum,100157869.0
240d5d48,vasa,DMSO,21,nucleo_cytoplasm,82738,granule,mean,1210.5425439338635
240d5d48,vasa,DMSO,21,nucleo_cytoplasm,82738,granule,median,996.0
240d5d48,vasa,DMSO,21,nucleo_cytoplasm,82738,pla,sum,140839339.0
240d5d48,vasa,DMSO,21,nucleo_cytoplasm,82738,pla,mean,1702.2328192607993
240d5d48,vasa,DMSO,21,nucleo_cytoplasm,82738,pla,median,1551.0
240d5d48,vasa,DMSO,21,nucleo_cytoplasm,82738,rna_type,sum,102277990.0
240d5d48,vasa,DMSO,21,nucleo_cytoplasm,82738,rna_type,mean,1236.1670574584834
240d5d48,vasa,DMSO,21,nucleo_cytoplasm,82738,rna_type,median,982.0
17edf135,actin,DMSO,8,granule,14268,granule,sum,182285931.0
17edf135,actin,DMSO,8,granule,14268,granule,mean,12775.857232968881
17edf135,actin,DMSO,8,granule,14268,granule,median,12165.0
17edf135,actin,DMSO,8,granule,14268,pla,sum,12940731.0
17edf135,actin,DMSO,8,granule,14268,pla,mean,906.9758200168209
17edf135,actin,DMSO,8,granule,14268,pla,median,773.0
17edf135,actin,DMSO,8,granule,14268,rna_type,sum,19015795.0
17edf135,actin,DMSO,8,granule,14268,rna_type,mean,1332.7582702551163
17edf135,actin,DMSO,8,granule,14268,rna_type,median,1128.0
17edf135,actin,DMSO,8,cell,194292,granule,sum,438797568.0
17edf135,actin,DMSO,8,cell,194292,granule,mean,2258.4438268173676
17edf135,actin,DMSO,8,cell,194292,granule,median,1224.0
17edf135,actin,DMSO,8,cell,194292,pla,sum,135285723.0
17edf135,actin,DMSO,8,cell,194292,pla,mean,696.3010468778951
17edf135,actin,DMSO,8,cell,194292,pla,median,557.0
17edf135,actin,DMSO,8,cell,194292,rna_type,sum,196053261.0
17edf135,actin,DMSO,8,cell,194292,rna_type,mean,1009.065020690507
17edf135,actin,DMSO,8,cell,194292,rna_type,median,795.0
17edf135,actin,DMSO,8,granule_periphery,17393,granule,sum,52661593.0
17edf135,actin,DMSO,8,granule_periphery,17393,granule,mean,3027.746392226758
17edf135,actin,DMSO,8,granule_periphery,17393,granule,median,2611.0
17edf135,actin,DMSO,8,granule_periphery,17393,pla,sum,13099701.0
17edf135,actin,DMSO,8,granule_periphery,17393,pla,mean,753.1593744609901
17edf135,actin,DMSO,8,granule_periphery,17393,pla,median,619.0
17edf135,actin,DMSO,8,granule_periphery,17393,rna_type,sum,18469152.0
17edf135,actin,DMSO,8,granule_periphery,17393,rna_type,mean,1061.8727074110275
17edf135,actin,DMSO,8,granule_periphery,17393,rna_type,median,856.0
17edf135,actin,DMSO,8,pseudo_nucleus,121028,granule,sum,312091872.0
17edf135,actin,DMSO,8,pseudo_nucleus,121028,granule,mean,2578.67495125095
17edf135,actin,DMSO,8,pseudo_nucleus,121028,granule,median,1290.0
17edf135,actin,DMSO,8,pseudo_nucleus,121028,pla,sum,83157304.0
17edf135,actin,DMSO,8,pseudo_nucleus,121028,pla,mean,687.0914499124169
17edf135,actin,DMSO,8,pseudo_nucleus,121028,pla,median,548.0
17edf135,actin,DMSO,8,pseudo_nucleus,121028,rna_type,sum,117880431.0
17edf135,actin,DMSO,8,pseudo_nucleus,121028,rna_type,mean,973.9930511947648
17edf135,actin,DMSO,8,pseudo_nucleus,121028,rna_type,median,758.0
17edf135,actin,DMSO,8,cytoplasm,75288,granule,sum,88670147.0
17edf135,actin,DMSO,8,cytoplasm,75288,granule,mean,1177.7460817128892
17edf135,actin,DMSO,8,cytoplasm,75288,granule,median,970.0
17edf135,actin,DMSO,8,cytoplasm,75288,pla,sum,51612675.0
17edf135,actin,DMSO,8,cytoplasm,75288,pla,mean,685.5365396875997
17edf135,actin,DMSO,8,cytoplasm,75288,pla,median,544.0
17edf135,actin,DMSO,8,cytoplasm,75288,rna_type,sum,76209322.0
17edf135,actin,DMSO,8,cytoplasm,75288,rna_type,mean,1012.237302093295
17edf135,actin,DMSO,8,cytoplasm,75288,rna_type,median,798.0
17edf135,actin,DMSO,8,nucleo_cytoplasm,162631,granule,sum,203850044.0
17edf135,actin,DMSO,8,nucleo_cytoplasm,162631,granule,mean,1253.4513346164015
17edf135,actin,DMSO,8,nucleo_cytoplasm,162631,granule,median,1034.0
17edf135,actin,DMSO,8,nucleo_cytoplasm,162631,pla,sum,109245291.0
17edf135,actin,DMSO,8,nucleo_cytoplasm,162631,pla,mean,671.7371903265675
17edf135,actin,DMSO,8,nucleo_cytoplasm,162631,pla,median,533.0
17edf135,actin,DMSO,8,nucleo_cytoplasm,162631,rna_type,sum,158568314.0
17edf135,actin,DMSO,8,nucleo_cytoplasm,162631,rna_type,mean,975.0189939187486
17edf135,actin,DMSO,8,nucleo_cytoplasm,162631,rna_type,median,763.0
55da22ce,actin,DMSO,13,granule,3998,granule,sum,36485359.0
55da22ce,actin,DMSO,13,granule,3998,granule,mean,9125.902701350675
55da22ce,actin,DMSO,13,granule,3998,granule,median,8206.5
55da22ce,actin,DMSO,13,granule,3998,pla,sum,6601626.0
55da22ce,actin,DMSO,13,granule,3998,pla,mean,1651.232116058029
55da22ce,actin,DMSO,13,granule,3998,pla,median,1509.0
55da22ce,actin,DMSO,13,granule,3998,rna_type,sum,6070351.0
55da22ce,actin,DMSO,13,granule,3998,rna_type,mean,1518.346923461731
55da22ce,actin,DMSO,13,granule,3998,rna_type,median,1257.5
55da22ce,actin,DMSO,13,cell,94143,granule,sum,147779048.0
55da22ce,actin,DMSO,13,cell,94143,granule,mean,1569.7295391054035
55da22ce,actin,DMSO,13,cell,94143,granule,median,993.0
55da22ce,actin,DMSO,13,cell,94143,pla,sum,146661637.0
55da22ce,actin,DMSO,13,cell,94143,pla,mean,1557.860244521632
55da22ce,actin,DMSO,13,cell,94143,pla,median,1411.0
55da22ce,actin,DMSO,13,cell,94143,rna_type,sum,136423620.0
55da22ce,actin,DMSO,13,cell,94143,rna_type,mean,1449.1106083298812
55da22ce,actin,DMSO,13,cell,94143,rna_type,median,1226.0
55da22ce,actin,DMSO,13,granule_periphery,13189,granule,sum,33123057.0
55da22ce,actin,DMSO,13,granule_periphery,13189,granule,mean,2511.415346121768
55da22ce,actin,DMSO,13,granule_periphery,13189,granule,median,2176.0
55da22ce,actin,DMSO,13,granule_periphery,13189,pla,sum,20376446.0
55da22ce,actin,DMSO,13,granule_periphery,13189,pla,mean,1544.9576161953144
55da22ce,actin,DMSO,13,granule_periphery,13189,pla,median,1396.0
55da22ce,actin,DMSO,13,granule_periphery,13189,rna_type,sum,18562139.0
55da22ce,actin,DMSO,13,granule_periphery,13189,rna_type,mean,1407.3954810827204
55da22ce,actin,DMSO,13,granule_periphery,13189,rna_type,median,1185.0
55da22ce,actin,DMSO,13,pseudo_nucleus,26318,granule,sum,59573091.0
55da22ce,actin,DMSO,13,pseudo_nucleus,26318,granule,mean,2263.5873166654
55da22ce,actin,DMSO,13,pseudo_nucleus,26318,granule,median,1397.0
55da22ce,actin,DMSO,13,pseudo_nucleus,26318,pla,sum,40375313.0
55da22ce,actin,DMSO,13,pseudo_nucleus,26318,pla,mean,1534.1330268257466
55da22ce,actin,DMSO,13,pseudo_nucleus,26318,pla,median,1397.0
55da22ce,actin,DMSO,13,pseudo_nucleus,26318,rna_type,sum,36912944.0
55da22ce,actin,DMSO,13,pseudo_nucleus,26318,rna_type,mean,1402.5740557793144
55da22ce,actin,DMSO,13,pseudo_nucleus,26318,rna_type,median,1178.5
55da22ce,actin,DMSO,13,cytoplasm,59626,granule,sum,57290836.0
55da22ce,actin,DMSO,13,cytoplasm,59626,granule,mean,960.836480729883
55da22ce,actin,DMSO,13,cytoplasm,59626,granule,median,773.0
55da22ce,actin,DMSO,13,cytoplasm,59626,pla,sum,93364366.0
55da22ce,actin,DMSO,13,cytoplasm,59626,pla,mean,1565.8331264884446
55da22ce,actin,DMSO,13,cytoplasm,59626,pla,median,1417.0
55da22ce,actin,DMSO,13,cytoplasm,59626,rna_type,sum,87871236.0
55da22ce,actin,DMSO,13,cytoplasm,59626,rna_type,mean,1473.7067051286351
55da22ce,actin,DMSO,13,cytoplasm,59626,rna_type,median,1252.0
55da22ce,actin,DMSO,13,nucleo_cytoplasm,76956,granule,sum,78170632.0
55da22ce,actin,DMSO,13,nucleo_cytoplasm,76956,granule,mean,1015.7834606788294
55da22ce,actin,DMSO,13,nucleo_cytoplasm,76956,granule,median,824.0
55da22ce,actin,DMSO,13,nucleo_cytoplasm,76956,pla,sum,119683565.0
55da22ce,actin,DMSO,13,nucleo_cytoplasm,76956,pla,mean,1555.2207105358907
55da22ce,actin,DMSO,13,nucleo_cytoplasm,76956,pla,median,1409.0
55da22ce,actin,DMSO,13,nucleo_cytoplasm,76956,rna_type,sum,111791130.0
55da22ce,actin,DMSO,13,nucleo_cytoplasm,76956,rna_type,mean,1452.6629502572898
55da22ce,actin,DMSO,13,nucleo_cytoplasm,76956,rna_type,median,1232.0
e147b17b,vasa,DMSO,7,granule,7646,granule,sum,72411294.0
e147b17b,vasa,DMSO,7,granule,7646,granule,mean,9470.480512686372
e147b17b,vasa,DMSO,7,granule,7646,granule,median,8531.5
e147b17b,vasa,DMSO,7,granule,7646,pla,sum,16610985.0
e147b17b,vasa,DMSO,7,granule,7646,pla,mean,2172.5065393669893
e147b17b,vasa,DMSO,7,granule,7646,pla,median,1870.0
e147b17b,vasa,DMSO,7,granule,7646,rna_type,sum,31543831.0
e147b17b,vasa,DMSO,7,granule,7646,rna_type,mean,4125.533743133665
e147b17b,vasa,DMSO,7,granule,7646,rna_type,median,3664.5
e147b17b,vasa,DMSO,7,cell,119246,granule,sum,167493842.0
e147b17b,vasa,DMSO,7,cell,119246,granule,mean,1404.6076346376399
e147b17b,vasa,DMSO,7,cell,119246,granule,median,601.0
e147b17b,vasa,DMSO,7,cell,119246,pla,sum,115297129.0
e147b17b,vasa,DMSO,7,cell,119246,pla,mean,966.8846669909263
e147b17b,vasa,DMSO,7,cell,119246,pla,median,758.0
e147b17b,vasa,DMSO,7,cell,119246,rna_type,sum,168244940.0
e147b17b,vasa,DMSO,7,cell,119246,rna_type,mean,1410.9063616389649
e147b17b,vasa,DMSO,7,cell,119246,rna_type,median,999.0
e147b17b,vasa,DMSO,7,granule_periphery,14250,granule,sum,31080637.0
e147b17b,vasa,DMSO,7,granule_periphery,14250,granule,mean,2181.097333333333
e147b17b,vasa,DMSO,7,granule_periphery,14250,granule,median,1851.0
e147b17b,vasa,DMSO,7,granule_periphery,14250,pla,sum,19347309.0
e147b17b,vasa,DMSO,7,granule_periphery,14250,pla,mean,1357.705894736842
e147b17b,vasa,DMSO,7,granule_periphery,14250,pla,median,1104.0
e147b17b,vasa,DMSO,7,granule_periphery,14250,rna_type,sum,33411698.0
e147b17b,vasa,DMSO,7,granule_periphery,14250,rna_type,mean,2344.680561403509
e147b17b,vasa,DMSO,7,granule_periphery,14250,rna_type,median,1730.5
e147b17b,vasa,DMSO,7,pseudo_nucleus,38374,granule,sum,80322028.0
e147b17b,vasa,DMSO,7,pseudo_nucleus,38374,granule,mean,2093.136707145463
e147b17b,vasa,DMSO,7,pseudo_nucleus,38374,granule,median,1137.0
e147b17b,vasa,DMSO,7,pseudo_nucleus,38374,pla,sum,43522883.0
e147b17b,vasa,DMSO,7,pseudo_nucleus,38374,pla,mean,1134.1763433574815
e147b17b,vasa,DMSO,7,pseudo_nucleus,38374,pla,median,933.0
e147b17b,vasa,DMSO,7,pseudo_nucleus,38374,rna_type,sum,63757776.0
e147b17b,vasa,DMSO,7,pseudo_nucleus,38374,rna_type,mean,1661.4837129306302
e147b17b,vasa,DMSO,7,pseudo_nucleus,38374,rna_type,median,1265.0
e147b17b,vasa,DMSO,7,cytoplasm,72205,granule,sum,39414129.0
e147b17b,vasa,DMSO,7,cytoplasm,72205,granule,mean,545.864261477737
e147b17b,vasa,DMSO,7,cytoplasm,72205,granule,median,317.0
e147b17b,vasa,DMSO,7,cytoplasm,72205,pla,sum,55152928.0
e147b17b,vasa,DMSO,7,cytoplasm,72205,pla,mean,763.8380721556679
e147b17b,vasa,DMSO,7,cytoplasm,72205,pla,median,631.0
e147b17b,vasa,DMSO,7,cytoplasm,72205,rna_type,sum,71954798.0
e147b17b,vasa,DMSO,7,cytoplasm,72205,rna_type,mean,996.5348383075964
e147b17b,vasa,DMSO,7,cytoplasm,72205,rna_type,median,798.0
e147b17b,vasa,DMSO,7,nucleo_cytoplasm,97350,granule,sum,64001911.0
e147b17b,vasa,DMSO,7,nucleo_cytoplasm,97350,granule,mean,657.4413045711351
e147b17b,vasa,DMSO,7,nucleo_cytoplasm,97350,granule,median,430.0
e147b17b,vasa,DMSO,7,nucleo_cytoplasm,97350,pla,sum,79338835.0
e147b17b,vasa,DMSO,7,nucleo_cytoplasm,97350,pla,mean,814.9854648176682
e147b17b,vasa,DMSO,7,nucleo_cytoplasm,97350,pla,median,680.0
e147b17b,vasa,DMSO,7,nucleo_cytoplasm,97350,rna_type,sum,103289411.0
e147b17b,vasa,DMSO,7,nucleo_cytoplasm,97350,rna_type,mean,1061.0108988186955
e147b17b,vasa,DMSO,7,nucleo_cytoplasm,97350,rna_type,median,865.0
aaa55477,actin,DMSO,10,granule,4883,granule,sum,45842292.0
aaa55477,actin,DMSO,10,granule,4883,granule,mean,9388.140896989556
aaa55477,actin,DMSO,10,granule,4883,granule,median,7579.0
aaa55477,actin,DMSO,10,granule,4883,pla,sum,10587927.0
aaa55477,actin,DMSO,10,granule,4883,pla,mean,2168.3241859512596
aaa55477,actin,DMSO,10,granule,4883,pla,median,1939.0
aaa55477,actin,DMSO,10,granule,4883,rna_type,sum,6963075.0
aaa55477,actin,DMSO,10,granule,4883,rna_type,mean,1425.9830022527135
aaa55477,actin,DMSO,10,granule,4883,rna_type,median,1164.0
aaa55477,actin,DMSO,10,cell,68054,granule,sum,126474842.0
aaa55477,actin,DMSO,10,cell,68054,granule,mean,1858.4483204514063
aaa55477,actin,DMSO,10,cell,68054,granule,median,1057.0
aaa55477,actin,DMSO,10,cell,68054,pla,sum,86452529.0
aaa55477,actin,DMSO,10,cell,68054,pla,mean,1270.3519117171659
aaa55477,actin,DMSO,10,cell,68054,pla,median,1072.0
aaa55477,actin,DMSO,10,cell,68054,rna_type,sum,69298935.0
aaa55477,actin,DMSO,10,cell,68054,rna_type,mean,1018.2933405824787
aaa55477,actin,DMSO,10,cell,68054,rna_type,median,793.0
aaa55477,actin,DMSO,10,granule_periphery,9678,granule,sum,22535766.0
aaa55477,actin,DMSO,10,granule_periphery,9678,granule,mean,2328.5561066336018
aaa55477,actin,DMSO,10,granule_periphery,9678,granule,median,1873.0
aaa55477,actin,DMSO,10,granule_periphery,9678,pla,sum,14070249.0
aaa55477,actin,DMSO,10,granule_periphery,9678,pla,mean,1453.8384996900186
aaa55477,actin,DMSO,10,granule_periphery,9678,pla,median,1240.0
aaa55477,actin,DMSO,10,granule_periphery,9678,rna_type,sum,10630791.0
aaa55477,actin,DMSO,10,granule_periphery,9678,rna_type,mean,1098.449163050217
aaa55477,actin,DMSO,10,granule_periphery,9678,rna_type,median,863.0
aaa55477,actin,DMSO,10,pseudo_nucleus,36061,granule,sum,89903749.0
aaa55477,actin,DMSO,10,pseudo_nucleus,36061,granule,mean,2493.101938382186
aaa55477,actin,DMSO,10,pseudo_nucleus,36061,granule,median,1310.0
aaa55477,actin,DMSO,10,pseudo_nucleus,36061,pla,sum,54209281.0
aaa55477,actin,DMSO,10,pseudo_nucleus,36061,pla,mean,1503.2661601175785
aaa55477,actin,DMSO,10,pseudo_nucleus,36061,pla,median,1293.0
aaa55477,actin,DMSO,10,pseudo_nucleus,36061,rna_type,sum,39692177.0
aaa55477,actin,DMSO,10,pseudo_nucleus,36061,rna_type,mean,1100.6954050081806
aaa55477,actin,DMSO,10,pseudo_nucleus,36061,rna_type,median,878.0
aaa55477,actin,DMSO,10,cytoplasm,27489,granule,sum,25927601.0
aaa55477,actin,DMSO,10,cytoplasm,27489,granule,mean,943.1991341991342
aaa55477,actin,DMSO,10,cytoplasm,27489,granule,median,738.0
aaa55477,actin,DMSO,10,cytoplasm,27489,pla,sum,26971304.0
aaa55477,actin,DMSO,10,cytoplasm,27489,pla,mean,981.1671577721997
aaa55477,actin,DMSO,10,cytoplasm,27489,pla,median,844.0
aaa55477,actin,DMSO,10,cytoplasm,27489,rna_type,sum,25241123.0
aaa55477,actin,DMSO,10,cytoplasm,27489,rna_type,mean,918.2263087053003
aaa55477,actin,DMSO,10,cytoplasm,27489,rna_type,median,707.0
aaa55477,actin,DMSO,10,nucleo_cytoplasm,53673,granule,sum,58292145.0
aaa55477,actin,DMSO,10,nucleo_cytoplasm,53673,granule,mean,1086.0608685931475
aaa55477,actin,DMSO,10,nucleo_cytoplasm,53673,granule,median,870.0
aaa55477,actin,DMSO,10,nucleo_cytoplasm,53673,pla,sum,61985856.0
aaa55477,actin,DMSO,10,nucleo_cytoplasm,53673,pla,mean,1154.8796601643285
aaa55477,actin,DMSO,10,nucleo_cytoplasm,53673,pla,median,995.0
aaa55477,actin,DMSO,10,nucleo_cytoplasm,53673,rna_type,sum,51892964.0
aaa55477,actin,DMSO,10,nucleo_cytoplasm,53673,rna_type,mean,966.835541147318
aaa55477,actin,DMSO,10,nucleo_cytoplasm,53673,rna_type,median,754.0
416036c7,vasa,PatA,11,granule,4673,granule,sum,25666309.0
416036c7,vasa,PatA,11,granule,4673,granule,mean,5492.469291675583
416036c7,vasa,PatA,11,granule,4673,granule,median,5066.0
416036c7,vasa,PatA,11,granule,4673,pla,sum,3754269.0
416036c7,vasa,PatA,11,granule,4673,pla,mean,803.3958912903917
416036c7,vasa,PatA,11,granule,4673,pla,median,689.0
416036c7,vasa,PatA,11,granule,4673,rna_type,sum,2878234.0
416036c7,vasa,PatA,11,granule,4673,rna_type,mean,615.9285255724374
416036c7,vasa,PatA,11,granule,4673,rna_type,median,467.0
416036c7,vasa,PatA,11,cell,105149,granule,sum,161104784.0
416036c7,vasa,PatA,11,cell,105149,granule,mean,1532.1570723449581
416036c7,vasa,PatA,11,cell,105149,granule,median,1113.0
416036c7,vasa,PatA,11,cell,105149,pla,sum,75224053.0
416036c7,vasa,PatA,11,cell,105149,pla,mean,715.404359527908
416036c7,vasa,PatA,11,cell,105149,pla,median,604.0
416036c7,vasa,PatA,11,cell,105149,rna_type,sum,52536679.0
416036c7,vasa,PatA,11,cell,105149,rna_type,mean,499.64031041664686
416036c7,vasa,PatA,11,cell,105149,rna_type,median,350.0
416036c7,vasa,PatA,11,granule_periphery,15171,granule,sum,39099585.0
416036c7,vasa,PatA,11,granule_periphery,15171,granule,mean,2577.2582558829345
416036c7,vasa,PatA,11,granule_periphery,15171,granule,median,2338.0
416036c7,vasa,PatA,11,granule_periphery,15171,pla,sum,11872713.0
416036c7,vasa,PatA,11,granule_periphery,15171,pla,mean,782.5926438599961
416036c7,vasa,PatA,11,granule_periphery,15171,pla,median,675.0
416036c7,vasa,PatA,11,granule_periphery,15171,rna_type,sum,9086306.0
416036c7,vasa,PatA,11,granule_periphery,15171,rna_type,mean,598.9259771933293
416036c7,vasa,PatA,11,granule_periphery,15171,rna_type,median,447.0
416036c7,vasa,PatA,11,pseudo_nucleus,25544,granule,sum,64859276.0
416036c7,vasa,PatA,11,pseudo_nucleus,25544,granule,mean,2539.119793297839
416036c7,vasa,PatA,11,pseudo_nucleus,25544,granule,median,2114.0
416036c7,vasa,PatA,11,pseudo_nucleus,25544,pla,sum,19648191.0
416036c7,vasa,PatA,11,pseudo_nucleus,25544,pla,mean,769.190064202944
416036c7,vasa,PatA,11,pseudo_nucleus,25544,pla,median,657.0
416036c7,vasa,PatA,11,pseudo_nucleus,25544,rna_type,sum,15287640.0
416036c7,vasa,PatA,11,pseudo_nucleus,25544,rna_type,mean,598.4826182273724
416036c7,vasa,PatA,11,pseudo_nucleus,25544,rna_type,median,449.0
416036c7,vasa,PatA,11,cytoplasm,71554,granule,sum,71944803.0
416036c7,vasa,PatA,11,cytoplasm,71554,granule,mean,1005.4616513402465
416036c7,vasa,PatA,11,cytoplasm,71554,granule,median,828.0
416036c7,vasa,PatA,11,cytoplasm,71554,pla,sum,49382210.0
416036c7,vasa,PatA,11,cytoplasm,71554,pla,mean,690.1390558179836
416036c7,vasa,PatA,11,cytoplasm,71554,pla,median,580.0
416036c7,vasa,PatA,11,cytoplasm,71554,rna_type,sum,32733667.0
416036c7,vasa,PatA,11,cytoplasm,71554,rna_type,mean,457.4680241495933
416036c7,vasa,PatA,11,cytoplasm,71554,rna_type,median,313.0
416036c7,vasa,PatA,11,nucleo_cytoplasm,85305,granule,sum,96338890.0
416036c7,vasa,PatA,11,nucleo_cytoplasm,85305,granule,mean,1129.346345466268
416036c7,vasa,PatA,11,nucleo_cytoplasm,85305,granule,median,921.0
416036c7,vasa,PatA,11,nucleo_cytoplasm,85305,pla,sum,59597071.0
416036c7,vasa,PatA,11,nucleo_cytoplasm,85305,pla,mean,698.6351444815662
416036c7,vasa,PatA,11,nucleo_cytoplasm,85305,pla,median,588.0
416036c7,vasa,PatA,11,nucleo_cytoplasm,85305,rna_type,sum,40572139.0
416036c7,vasa,PatA,11,nucleo_cytoplasm,85305,rna_type,mean,475.61267217630854
416036c7,vasa,PatA,11,nucleo_cytoplasm,85305,rna_type,median,329.0
612003fd,actin,PatA,6,granule,6353,granule,sum,208275022.0
612003fd,actin,PatA,6,granule,6353,granule,mean,32783.727687706596
612003fd,actin,PatA,6,granule,6353,granule,median,30030.0
612003fd,actin,PatA,6,granule,6353,pla,sum,9900354.0
612003fd,actin,PatA,6,granule,6353,pla,mean,1558.374626160869
612003fd,actin,PatA,6,granule,6353,pla,median,1417.0
612003fd,actin,PatA,6,granule,6353,rna_type,sum,8176390.0
612003fd,actin,PatA,6,granule,6353,rna_type,mean,1287.0124350700457
612003fd,actin,PatA,6,granule,6353,rna_type,median,1074.0
612003fd,actin,PatA,6,cell,106672,granule,sum,480091065.0
612003fd,actin,PatA,6,cell,106672,granule,mean,4500.628702939853
612003fd,actin,PatA,6,cell,106672,granule,median,1978.0
612003fd,actin,PatA,6,cell,106672,pla,sum,154560933.0
612003fd,actin,PatA,6,cell,106672,pla,mean,1448.936300059997
612003fd,actin,PatA,6,cell,106672,pla,median,1300.0
612003fd,actin,PatA,6,cell,106672,rna_type,sum,108789730.0
612003fd,actin,PatA,6,cell,106672,rna_type,mean,1019.8527261136943
612003fd,actin,PatA,6,cell,106672,rna_type,median,794.0
612003fd,actin,PatA,6,granule_periphery,10527,granule,sum,83977897.0
612003fd,actin,PatA,6,granule_periphery,10527,granule,mean,7977.381685190463
612003fd,actin,PatA,6,granule_periphery,10527,granule,median,6973.0
612003fd,actin,PatA,6,granule_periphery,10527,pla,sum,15359127.0
612003fd,actin,PatA,6,granule_periphery,10527,pla,mean,1459.022228555144
612003fd,actin,PatA,6,granule_periphery,10527,pla,median,1314.0
612003fd,actin,PatA,6,granule_periphery,10527,rna_type,sum,11969487.0
612003fd,actin,PatA,6,granule_periphery,10527,rna_type,mean,1137.0273582217155
612003fd,actin,PatA,6,granule_periphery,10527,rna_type,median,911.0
612003fd,actin,PatA,6,pseudo_nucleus,14666,granule,sum,136392881.0
612003fd,actin,PatA,6,pseudo_nucleus,14666,granule,mean,9299.937338060821
612003fd,actin,PatA,6,pseudo_nucleus,14666,granule,median,5290.0
612003fd,actin,PatA,6,pseudo_nucleus,14666,pla,sum,19107860.0
612003fd,actin,PatA,6,pseudo_nucleus,14666,pla,mean,1302.8678576298923
612003fd,actin,PatA,6,pseudo_nucleus,14666,pla,median,1167.0
612003fd,actin,PatA,6,pseudo_nucleus,14666,rna_type,sum,15931901.0
612003fd,actin,PatA,6,pseudo_nucleus,14666,rna_type,mean,1086.31535524342
612003fd,actin,PatA,6,pseudo_nucleus,14666,rna_type,median,860.0
612003fd,actin,PatA,6,cytoplasm,82339,granule,sum,157000682.0
612003fd,actin,PatA,6,cytoplasm,82339,granule,mean,1906.7596400247755
612003fd,actin,PatA,6,cytoplasm,82339,granule,median,1559.0
612003fd,actin,PatA,6,cytoplasm,82339,pla,sum,120085653.0
612003fd,actin,PatA,6,cytoplasm,82339,pla,mean,1458.4298206196336
612003fd,actin,PatA,6,cytoplasm,82339,pla,median,1310.0
612003fd,actin,PatA,6,cytoplasm,82339,rna_type,sum,81110915.0
612003fd,actin,PatA,6,cytoplasm,82339,rna_type,mean,985.085014391722
612003fd,actin,PatA,6,cytoplasm,82339,rna_type,median,762.0
612003fd,actin,PatA,6,nucleo_cytoplasm,89792,granule,sum,187838146.0
612003fd,actin,PatA,6,nucleo_cytoplasm,89792,granule,mean,2091.9251826443337
612003fd,actin,PatA,6,nucleo_cytoplasm,89792,granule,median,1673.0
612003fd,actin,PatA,6,nucleo_cytoplasm,89792,pla,sum,129301452.0
612003fd,actin,PatA,6,nucleo_cytoplasm,89792,pla,mean,1440.010825017819
612003fd,actin,PatA,6,nucleo_cytoplasm,89792,pla,median,1291.0
612003fd,actin,PatA,6,nucleo_cytoplasm,89792,rna_type,sum,88643853.0
612003fd,actin,PatA,6,nucleo_cytoplasm,89792,rna_type,mean,987.2132595331433
612003fd,actin,PatA,6,nucleo_cytoplasm,89792,rna_type,median,765.0
42c86a5d,vasa,PatA,13,granule,4549,granule,sum,74327535.0
42c86a5d,vasa,PatA,13,granule,4549,granule,mean,16339.31303583205
42c86a5d,vasa,PatA,13,granule,4549,granule,median,15368.0
42c86a5d,vasa,PatA,13,granule,4549,pla,sum,6468194.0
42c86a5d,vasa,PatA,13,granule,4549,pla,mean,1421.8936029896681
42c86a5d,vasa,PatA,13,granule,4549,pla,median,1263.0
42c86a5d,vasa,PatA,13,granule,4549,rna_type,sum,7175986.0
42c86a5d,vasa,PatA,13,granule,4549,rna_type,mean,1577.4864805451748
42c86a5d,vasa,PatA,13,granule,4549,rna_type,median,1176.0
42c86a5d,vasa,PatA,13,cell,133694,granule,sum,313035174.0
42c86a5d,vasa,PatA,13,cell,133694,granule,mean,2341.4302362110493
42c86a5d,vasa,PatA,13,cell,133694,granule,median,1369.0
42c86a5d,vasa,PatA,13,cell,133694,pla,sum,155882317.0
42c86a5d,vasa,PatA,13,cell,133694,pla,mean,1165.9634463775487
42c86a5d,vasa,PatA,13,cell,133694,pla,median,1020.0
42c86a5d,vasa,PatA,13,cell,133694,rna_type,sum,101373536.0
42c86a5d,vasa,PatA,13,cell,133694,rna_type,mean,758.2504525259174
42c86a5d,vasa,PatA,13,cell,133694,rna_type,median,486.0
42c86a5d,vasa,PatA,13,granule_periphery,12869,granule,sum,63274040.0
42c86a5d,vasa,PatA,13,granule_periphery,12869,granule,mean,4916.77985857487
42c86a5d,vasa,PatA,13,granule_periphery,12869,granule,median,4248.0
42c86a5d,vasa,PatA,13,granule_periphery,12869,pla,sum,17126852.0
42c86a5d,vasa,PatA,13,granule_periphery,12869,pla,mean,1330.861139171653
42c86a5d,vasa,PatA,13,granule_periphery,12869,pla,median,1146.0
42c86a5d,vasa,PatA,13,granule_periphery,12869,rna_type,sum,14875451.0
42c86a5d,vasa,PatA,13,granule_periphery,12869,rna_type,mean,1155.9135130934806
42c86a5d,vasa,PatA,13,granule_periphery,12869,rna_type,median,731.0
42c86a5d,vasa,PatA,13,pseudo_nucleus,24131,granule,sum,124026551.0
42c86a5d,vasa,PatA,13,pseudo_nucleus,24131,granule,mean,5139.718660643985
42c86a5d,vasa,PatA,13,pseudo_nucleus,24131,granule,median,3123.0
42c86a5d,vasa,PatA,13,pseudo_nucleus,24131,pla,sum,28747509.0
42c86a5d,vasa,PatA,13,pseudo_nucleus,24131,pla,mean,1191.310306245079
42c86a5d,vasa,PatA,13,pseudo_nucleus,24131,pla,median,1012.0
42c86a5d,vasa,PatA,13,pseudo_nucleus,24131,rna_type,sum,24113694.0
42c86a5d,vasa,PatA,13,pseudo_nucleus,24131,rna_type,mean,999.2828312129626
42c86a5d,vasa,PatA,13,pseudo_nucleus,24131,rna_type,median,616.0
42c86a5d,vasa,PatA,13,cytoplasm,103209,granule,sum,143630113.0
42c86a5d,vasa,PatA,13,cytoplasm,103209,granule,mean,1391.6432966117295
42c86a5d,vasa,PatA,13,cytoplasm,103209,granule,median,1125.0
42c86a5d,vasa,PatA,13,cytoplasm,103209,pla,sum,117444103.0
42c86a5d,vasa,PatA,13,cytoplasm,103209,pla,mean,1137.9250162292049
42c86a5d,vasa,PatA,13,cytoplasm,103209,pla,median,1007.0
42c86a5d,vasa,PatA,13,cytoplasm,103209,rna_type,sum,67708967.0
42c86a5d,vasa,PatA,13,cytoplasm,103209,rna_type,mean,656.0374289063939
42c86a5d,vasa,PatA,13,cytoplasm,103209,rna_type,median,442.0
42c86a5d,vasa,PatA,13,nucleo_cytoplasm,116276,granule,sum,175433599.0
42c86a5d,vasa,PatA,13,nucleo_cytoplasm,116276,granule,mean,1508.7687828958685
42c86a5d,vasa,PatA,13,nucleo_cytoplasm,116276,granule,median,1196.0
42c86a5d,vasa,PatA,13,nucleo_cytoplasm,116276,pla,sum,132287271.0
42c86a5d,vasa,PatA,13,nucleo_cytoplasm,116276,pla,mean,1137.7005658949397
42c86a5d,vasa,PatA,13,nucleo_cytoplasm,116276,pla,median,999.0
42c86a5d,vasa,PatA,13,nucleo_cytoplasm,116276,rna_type,sum,79322099.0
42c86a5d,vasa,PatA,13,nucleo_cytoplasm,116276,rna_type,mean,682.1880611648147
42c86a5d,vasa,PatA,13,nucleo_cytoplasm,116276,rna_type,median,449.0
fcae0d77,actin,CHX,16,granule,3198,granule,sum,75010147.0
fcae0d77,actin,CHX,16,granule,3198,granule,mean,23455.33051907442
fcae0d77,actin,CHX,16,granule,3198,granule,median,20102.0
fcae0d77,actin,CHX,16,granule,3198,pla,sum,4828472.0
fcae0d77,actin,CHX,16,granule,3198,pla,mean,1509.8411507191995
fcae0d77,actin,CHX,16,granule,3198,pla,median,1352.5
fcae0d77,actin,CHX,16,granule,3198,rna_type,sum,4548325.0
fcae0d77,actin,CHX,16,granule,3198,rna_type,mean,1422.2404627892433
fcae0d77,actin,CHX,16,granule,3198,rna_type,median,1207.5
fcae0d77,actin,CHX,16,cell,126122,granule,sum,417796590.0
fcae0d77,actin,CHX,16,cell,126122,granule,mean,3312.638477030177
fcae0d77,actin,CHX,16,cell,126122,granule,median,2258.0
fcae0d77,actin,CHX,16,cell,126122,pla,sum,175077801.0
fcae0d77,actin,CHX,16,cell,126122,pla,mean,1388.162263522621
fcae0d77,actin,CHX,16,cell,126122,pla,median,1239.0
fcae0d77,actin,CHX,16,cell,126122,rna_type,sum,147389446.0
fcae0d77,actin,CHX,16,cell,126122,rna_type,mean,1168.6259811928132
fcae0d77,actin,CHX,16,cell,126122,rna_type,median,971.0
fcae0d77,actin,CHX,16,granule_periphery,10389,granule,sum,66193383.0
fcae0d77,actin,CHX,16,granule_periphery,10389,granule,mean,6371.48743863702
fcae0d77,actin,CHX,16,granule_periphery,10389,granule,median,5879.0
fcae0d77,actin,CHX,16,granule_periphery,10389,pla,sum,14609533.0
fcae0d77,actin,CHX,16,granule_periphery,10389,pla,mean,1406.2501684473964
fcae0d77,actin,CHX,16,granule_periphery,10389,pla,median,1266.0
fcae0d77,actin,CHX,16,granule_periphery,10389,rna_type,sum,12955627.0
fcae0d77,actin,CHX,16,granule_periphery,10389,rna_type,mean,1247.0523630763307
fcae0d77,actin,CHX,16,granule_periphery,10389,rna_type,median,1051.0
fcae0d77,actin,CHX,16,pseudo_nucleus,26320,granule,sum,151153287.0
fcae0d77,actin,CHX,16,pseudo_nucleus,26320,granule,mean,5742.906041033435
fcae0d77,actin,CHX,16,pseudo_nucleus,26320,granule,median,4627.0
fcae0d77,actin,CHX,16,pseudo_nucleus,26320,pla,sum,35480903.0
fcae0d77,actin,CHX,16,pseudo_nucleus,26320,pla,mean,1348.0586246200608
fcae0d77,actin,CHX,16,pseudo_nucleus,26320,pla,median,1200.0
fcae0d77,actin,CHX,16,pseudo_nucleus,26320,rna_type,sum,31205969.0
fcae0d77,actin,CHX,16,pseudo_nucleus,26320,rna_type,mean,1185.6371200607903
fcae0d77,actin,CHX,16,pseudo_nucleus,26320,rna_type,median,994.0
fcae0d77,actin,CHX,16,cytoplasm,92356,granule,sum,186688182.0
fcae0d77,actin,CHX,16,cytoplasm,92356,granule,mean,2021.3974403395557
fcae0d77,actin,CHX,16,cytoplasm,92356,granule,median,1748.0
fcae0d77,actin,CHX,16,cytoplasm,92356,pla,sum,128708668.0
fcae0d77,actin,CHX,16,cytoplasm,92356,pla,mean,1393.6145783706527
fcae0d77,actin,CHX,16,cytoplasm,92356,pla,median,1245.0
fcae0d77,actin,CHX,16,cytoplasm,92356,rna_type,sum,106336681.0
fcae0d77,actin,CHX,16,cytoplasm,92356,rna_type,mean,1151.378156264888
fcae0d77,actin,CHX,16,cytoplasm,92356,rna_type,median,953.0
fcae0d77,actin,CHX,16,nucleo_cytoplasm,112535,granule,sum,276593060.0
fcae0d77,actin,CHX,16,nucleo_cytoplasm,112535,granule,mean,2457.8403163460257
fcae0d77,actin,CHX,16,nucleo_cytoplasm,112535,granule,median,2038.0
fcae0d77,actin,CHX,16,nucleo_cytoplasm,112535,pla,sum,155639796.0
fcae0d77,actin,CHX,16,nucleo_cytoplasm,112535,pla,mean,1383.034575909717
fcae0d77,actin,CHX,16,nucleo_cytoplasm,112535,pla,median,1233.0
fcae0d77,actin,CHX,16,nucleo_cytoplasm,112535,rna_type,sum,129885494.0
fcae0d77,actin,CHX,16,nucleo_cytoplasm,112535,rna_type,mean,1154.1786466432666
fcae0d77,actin,CHX,16,nucleo_cytoplasm,112535,rna_type,median,957.0
9fd418c7,actin,DMSO,17,granule,14188,granule,sum,269849816.0
9fd418c7,actin,DMSO,17,granule,14188,granule,mean,19019.581054412178
9fd418c7,actin,DMSO,17,granule,14188,granule,median,20469.5
9fd418c7,actin,DMSO,17,granule,14188,pla,sum,19855246.0
9fd418c7,actin,DMSO,17,granule,14188,pla,mean,1399.4393853961094
9fd418c7,actin,DMSO,17,granule,14188,pla,median,1259.0
9fd418c7,actin,DMSO,17,granule,14188,rna_type,sum,28649286.0
9fd418c7,actin,DMSO,17,granule,14188,rna_type,mean,2019.2617705102905
9fd418c7,actin,DMSO,17,granule,14188,rna_type,median,1769.0
9fd418c7,actin,DMSO,17,cell,147223,granule,sum,460987559.0
9fd418c7,actin,DMSO,17,cell,147223,granule,mean,3131.2197075185263
9fd418c7,actin,DMSO,17,cell,147223,granule,median,1290.0
9fd418c7,actin,DMSO,17,cell,147223,pla,sum,188129281.0
9fd418c7,actin,DMSO,17,cell,147223,pla,mean,1277.8525162508574
9fd418c7,actin,DMSO,17,cell,147223,pla,median,1143.0
9fd418c7,actin,DMSO,17,cell,147223,rna_type,sum,222509034.0
9fd418c7,actin,DMSO,17,cell,147223,rna_type,mean,1511.3741331177873
9fd418c7,actin,DMSO,17,cell,147223,rna_type,median,1290.0
9fd418c7,actin,DMSO,17,granule_periphery,11572,granule,sum,36089069.0
9fd418c7,actin,DMSO,17,granule_periphery,11572,granule,mean,3118.6544244728657
9fd418c7,actin,DMSO,17,granule_periphery,11572,granule,median,2679.5
9fd418c7,actin,DMSO,17,granule_periphery,11572,pla,sum,14852502.0
9fd418c7,actin,DMSO,17,granule_periphery,11572,pla,mean,1283.4861735222953
9fd418c7,actin,DMSO,17,granule_periphery,11572,pla,median,1158.0
9fd418c7,actin,DMSO,17,granule_periphery,11572,rna_type,sum,17563320.0
9fd418c7,actin,DMSO,17,granule_periphery,11572,rna_type,mean,1517.7428275146906
9fd418c7,actin,DMSO,17,granule_periphery,11572,rna_type,median,1316.0
9fd418c7,actin,DMSO,17,pseudo_nucleus,49037,granule,sum,274490435.0
9fd418c7,actin,DMSO,17,pseudo_nucleus,49037,granule,mean,5597.618838835981
9fd418c7,actin,DMSO,17,pseudo_nucleus,49037,granule,median,1812.0
9fd418c7,actin,DMSO,17,pseudo_nucleus,49037,pla,sum,64135374.0
9fd418c7,actin,DMSO,17,pseudo_nucleus,49037,pla,mean,1307.8975875359422
9fd418c7,actin,DMSO,17,pseudo_nucleus,49037,pla,median,1175.0
9fd418c7,actin,DMSO,17,pseudo_nucleus,49037,rna_type,sum,80733428.0
9fd418c7,actin,DMSO,17,pseudo_nucleus,49037,rna_type,mean,1646.3777963578523
9fd418c7,actin,DMSO,17,pseudo_nucleus,49037,rna_type,median,1412.0
9fd418c7,actin,DMSO,17,cytoplasm,89162,granule,sum,108827699.0
9fd418c7,actin,DMSO,17,cytoplasm,89162,granule,mean,1220.5614387295036
9fd418c7,actin,DMSO,17,cytoplasm,89162,granule,median,1028.0
9fd418c7,actin,DMSO,17,cytoplasm,89162,pla,sum,111861943.0
9fd418c7,actin,DMSO,17,cytoplasm,89162,pla,mean,1254.5921244476347
9fd418c7,actin,DMSO,17,cytoplasm,89162,pla,median,1120.0
9fd418c7,actin,DMSO,17,cytoplasm,89162,rna_type,sum,126865505.0
9fd418c7,actin,DMSO,17,cytoplasm,89162,rna_type,mean,1422.8651779906238
9fd418c7,actin,DMSO,17,cytoplasm,89162,rna_type,median,1214.0
9fd418c7,actin,DMSO,17,nucleo_cytoplasm,121463,granule,sum,155048674.0
9fd418c7,actin,DMSO,17,nucleo_cytoplasm,121463,granule,mean,1276.5095049521253
9fd418c7,actin,DMSO,17,nucleo_cytoplasm,121463,granule,median,1077.0
9fd418c7,actin,DMSO,17,nucleo_cytoplasm,121463,pla,sum,153421533.0
9fd418c7,actin,DMSO,17,nucleo_cytoplasm,121463,pla,mean,1263.1133184591192
9fd418c7,actin,DMSO,17,nucleo_cytoplasm,121463,pla,median,1129.0
9fd418c7,actin,DMSO,17,nucleo_cytoplasm,121463,rna_type,sum,176296428.0
9fd418c7,actin,DMSO,17,nucleo_cytoplasm,121463,rna_type,mean,1451.44141014136
9fd418c7,actin,DMSO,17,nucleo_cytoplasm,121463,rna_type,median,1241.0
b5311d3d,actin,CHX,12,granule,6452,granule,sum,101028018.0
b5311d3d,actin,CHX,12,granule,6452,granule,mean,15658.403285802851
b5311d3d,actin,CHX,12,granule,6452,granule,median,14291.5
b5311d3d,actin,CHX,12,granule,6452,pla,sum,11067115.0
b5311d3d,actin,CHX,12,granule,6452,pla,mean,1715.2999070055796
b5311d3d,actin,CHX,12,granule,6452,pla,median,1559.5
b5311d3d,actin,CHX,12,granule,6452,rna_type,sum,10534531.0
b5311d3d,actin,CHX,12,granule,6452,rna_type,mean,1632.7543397396157
b5311d3d,actin,CHX,12,granule,6452,rna_type,median,1430.0
b5311d3d,actin,CHX,12,cell,119142,granule,sum,294374819.0
b5311d3d,actin,CHX,12,cell,119142,granule,mean,2470.7896375753303
b5311d3d,actin,CHX,12,cell,119142,granule,median,1373.0
b5311d3d,actin,CHX,12,cell,119142,pla,sum,191478949.0
b5311d3d,actin,CHX,12,cell,119142,pla,mean,1607.1490238538886
b5311d3d,actin,CHX,12,cell,119142,pla,median,1448.0
b5311d3d,actin,CHX,12,cell,119142,rna_type,sum,172740944.0
b5311d3d,actin,CHX,12,cell,119142,rna_type,mean,1449.874469120881
b5311d3d,actin,CHX,12,cell,119142,rna_type,median,1234.0
b5311d3d,actin,CHX,12,granule_periphery,13335,granule,sum,55140125.0
b5311d3d,actin,CHX,12,granule_periphery,13335,granule,mean,4134.992500937383
b5311d3d,actin,CHX,12,granule_periphery,13335,granule,median,3688.0
b5311d3d,actin,CHX,12,granule_periphery,13335,pla,sum,21604438.0
b5311d3d,actin,CHX,12,granule_periphery,13335,pla,mean,1620.1303337082866
b5311d3d,actin,CHX,12,granule_periphery,13335,pla,median,1449.0
b5311d3d,actin,CHX,12,granule_periphery,13335,rna_type,sum,21285295.0
b5311d3d,actin,CHX,12,granule_periphery,13335,rna_type,mean,1596.1976002999625
b5311d3d,actin,CHX,12,granule_periphery,13335,rna_type,median,1380.0
b5311d3d,actin,CHX,12,pseudo_nucleus,22404,granule,sum,136326616.0
b5311d3d,actin,CHX,12,pseudo_nucleus,22404,granule,mean,6084.923049455454
b5311d3d,actin,CHX,12,pseudo_nucleus,22404,granule,median,3476.0
b5311d3d,actin,CHX,12,pseudo_nucleus,22404,pla,sum,36515525.0
b5311d3d,actin,CHX,12,pseudo_nucleus,22404,pla,mean,1629.866318514551
b5311d3d,actin,CHX,12,pseudo_nucleus,22404,pla,median,1474.0
b5311d3d,actin,CHX,12,pseudo_nucleus,22404,rna_type,sum,33834420.0
b5311d3d,actin,CHX,12,pseudo_nucleus,22404,rna_type,mean,1510.1955008034279
b5311d3d,actin,CHX,12,pseudo_nucleus,22404,rna_type,median,1310.0
b5311d3d,actin,CHX,12,cytoplasm,89584,granule,sum,116406278.0
b5311d3d,actin,CHX,12,cytoplasm,89584,granule,mean,1299.4092471869976
b5311d3d,actin,CHX,12,cytoplasm,89584,granule,median,1085.0
b5311d3d,actin,CHX,12,cytoplasm,89584,pla,sum,143418912.0
b5311d3d,actin,CHX,12,cytoplasm,89584,pla,mean,1600.943382746919
b5311d3d,actin,CHX,12,cytoplasm,89584,pla,median,1442.0
b5311d3d,actin,CHX,12,cytoplasm,89584,rna_type,sum,126857645.0
b5311d3d,actin,CHX,12,cytoplasm,89584,rna_type,mean,1416.0748013038042
b5311d3d,actin,CHX,12,cytoplasm,89584,rna_type,median,1198.0
b5311d3d,actin,CHX,12,nucleo_cytoplasm,99355,granule,sum,138206676.0
b5311d3d,actin,CHX,12,nucleo_cytoplasm,99355,granule,mean,1391.0389613003874
b5311d3d,actin,CHX,12,nucleo_cytoplasm,99355,granule,median,1150.0
b5311d3d,actin,CHX,12,nucleo_cytoplasm,99355,pla,sum,158807396.0
b5311d3d,actin,CHX,12,nucleo_cytoplasm,99355,pla,mean,1598.3835337929647
b5311d3d,actin,CHX,12,nucleo_cytoplasm,99355,pla,median,1441.0
b5311d3d,actin,CHX,12,nucleo_cytoplasm,99355,rna_type,sum,140921118.0
b5311d3d,actin,CHX,12,nucleo_cytoplasm,99355,rna_type,mean,1418.3595994162347
b5311d3d,actin,CHX,12,nucleo_cytoplasm,99355,rna_type,median,1203.0
aa994b6b,vasa,DMSO,5,granule,5413,granule,sum,74200711.0
aa994b6b,vasa,DMSO,5,granule,5413,granule,mean,13707.871974875301
aa994b6b,vasa,DMSO,5,granule,5413,granule,median,12304.0
aa994b6b,vasa,DMSO,5,granule,5413,pla,sum,12741992.0
aa994b6b,vasa,DMSO,5,granule,5413,pla,mean,2353.961204507667
aa994b6b,vasa,DMSO,5,granule,5413,pla,median,2024.0
aa994b6b,vasa,DMSO,5,granule,5413,rna_type,sum,21926657.0
aa994b6b,vasa,DMSO,5,granule,5413,rna_type,mean,4050.7402549418066
aa994b6b,vasa,DMSO,5,granule,5413,rna_type,median,3317.0
aa994b6b,vasa,DMSO,5,cell,93494,granule,sum,236800666.0
aa994b6b,vasa,DMSO,5,cell,93494,granule,mean,2532.7899758273256
aa994b6b,vasa,DMSO,5,cell,93494,granule,median,1428.0
aa994b6b,vasa,DMSO,5,cell,93494,pla,sum,151026591.0
aa994b6b,vasa,DMSO,5,cell,93494,pla,mean,1615.3613173037843
aa994b6b,vasa,DMSO,5,cell,93494,pla,median,1426.0
aa994b6b,vasa,DMSO,5,cell,93494,rna_type,sum,223587565.0
aa994b6b,vasa,DMSO,5,cell,93494,rna_type,mean,2391.4643185658974
aa994b6b,vasa,DMSO,5,cell,93494,rna_type,median,1975.0
aa994b6b,vasa,DMSO,5,granule_periphery,13877,granule,sum,60231746.0
aa994b6b,vasa,DMSO,5,granule_periphery,13877,granule,mean,4340.401095337609
aa994b6b,vasa,DMSO,5,granule_periphery,13877,granule,median,3946.0
aa994b6b,vasa,DMSO,5,granule_periphery,13877,pla,sum,25881787.0
aa994b6b,vasa,DMSO,5,granule_periphery,13877,pla,mean,1865.0851769114363
aa994b6b,vasa,DMSO,5,granule_periphery,13877,pla,median,1635.0
aa994b6b,vasa,DMSO,5,granule_periphery,13877,rna_type,sum,40350359.0
aa994b6b,vasa,DMSO,5,granule_periphery,13877,rna_type,mean,2907.714851913238
aa994b6b,vasa,DMSO,5,granule_periphery,13877,rna_type,median,2388.0
aa994b6b,vasa,DMSO,5,pseudo_nucleus,22604,granule,sum,94616692.0
aa994b6b,vasa,DMSO,5,pseudo_nucleus,22604,granule,mean,4185.838435675102
aa994b6b,vasa,DMSO,5,pseudo_nucleus,22604,granule,median,2742.0
aa994b6b,vasa,DMSO,5,pseudo_nucleus,22604,pla,sum,35921032.0
aa994b6b,vasa,DMSO,5,pseudo_nucleus,22604,pla,mean,1589.1449301008672
aa994b6b,vasa,DMSO,5,pseudo_nucleus,22604,pla,median,1426.0
aa994b6b,vasa,DMSO,5,pseudo_nucleus,22604,rna_type,sum,44944862.0
aa994b6b,vasa,DMSO,5,pseudo_nucleus,22604,rna_type,mean,1988.3587860555654
aa994b6b,vasa,DMSO,5,pseudo_nucleus,22604,rna_type,median,1692.0
aa994b6b,vasa,DMSO,5,cytoplasm,61768,granule,sum,77685921.0
aa994b6b,vasa,DMSO,5,cytoplasm,61768,granule,mean,1257.7049766869577
aa994b6b,vasa,DMSO,5,cytoplasm,61768,granule,median,1033.0
aa994b6b,vasa,DMSO,5,cytoplasm,61768,pla,sum,94702434.0
aa994b6b,vasa,DMSO,5,cytoplasm,61768,pla,mean,1533.1957324180805
aa994b6b,vasa,DMSO,5,cytoplasm,61768,pla,median,1371.0
aa994b6b,vasa,DMSO,5,cytoplasm,61768,rna_type,sum,141996207.0
aa994b6b,vasa,DMSO,5,cytoplasm,61768,rna_type,mean,2298.863602512628
aa994b6b,vasa,DMSO,5,cytoplasm,61768,rna_type,median,1956.0
aa994b6b,vasa,DMSO,5,nucleo_cytoplasm,74204,granule,sum,102368209.0
aa994b6b,vasa,DMSO,5,nucleo_cytoplasm,74204,granule,mean,1379.5510888900867
aa994b6b,vasa,DMSO,5,nucleo_cytoplasm,74204,granule,median,1126.0
aa994b6b,vasa,DMSO,5,nucleo_cytoplasm,74204,pla,sum,112402812.0
aa994b6b,vasa,DMSO,5,nucleo_cytoplasm,74204,pla,mean,1514.781036062746
aa994b6b,vasa,DMSO,5,nucleo_cytoplasm,74204,pla,median,1358.0
aa994b6b,vasa,DMSO,5,nucleo_cytoplasm,74204,rna_type,sum,161310549.0
aa994b6b,vasa,DMSO,5,nucleo_cytoplasm,74204,rna_type,mean,2173.879426985068
aa994b6b,vasa,DMSO,5,nucleo_cytoplasm,74204,rna_type,median,1844.0
835f7dcf,vasa,PatA,8,granule,7003,granule,sum,120269011.0
835f7dcf,vasa,PatA,8,granule,7003,granule,mean,17173.927031272313
835f7dcf,vasa,PatA,8,granule,7003,granule,median,15793.0
835f7dcf,vasa,PatA,8,granule,7003,pla,sum,8395995.0
835f7dcf,vasa,PatA,8,granule,7003,pla,mean,1198.9140368413537
835f7dcf,vasa,PatA,8,granule,7003,pla,median,1023.0
835f7dcf,vasa,PatA,8,granule,7003,rna_type,sum,10047631.0
835f7dcf,vasa,PatA,8,granule,7003,rna_type,mean,1434.7609595887477
835f7dcf,vasa,PatA,8,granule,7003,rna_type,median,1171.0
835f7dcf,vasa,PatA,8,cell,119942,granule,sum,326646136.0
835f7dcf,vasa,PatA,8,cell,119942,granule,mean,2723.3674275900016
835f7dcf,vasa,PatA,8,cell,119942,granule,median,1327.0
835f7dcf,vasa,PatA,8,cell,119942,pla,sum,105151598.0
835f7dcf,vasa,PatA,8,cell,119942,pla,mean,876.6870487402244
835f7dcf,vasa,PatA,8,cell,119942,pla,median,743.0
835f7dcf,vasa,PatA,8,cell,119942,rna_type,sum,94021297.0
835f7dcf,vasa,PatA,8,cell,119942,rna_type,mean,783.8896883493688
835f7dcf,vasa,PatA,8,cell,119942,rna_type,median,583.0
835f7dcf,vasa,PatA,8,granule_periphery,13649,granule,sum,70064312.0
835f7dcf,vasa,PatA,8,granule_periphery,13649,granule,mean,5133.2926954355635
835f7dcf,vasa,PatA,8,granule_periphery,13649,granule,median,4663.0
835f7dcf,vasa,PatA,8,granule_periphery,13649,pla,sum,14327144.0
835f7dcf,vasa,PatA,8,granule_periphery,13649,pla,mean,1049.6845190123818
835f7dcf,vasa,PatA,8,granule_periphery,13649,pla,median,892.0
835f7dcf,vasa,PatA,8,granule_periphery,13649,rna_type,sum,15958705.0
835f7dcf,vasa,PatA,8,granule_periphery,13649,rna_type,mean,1169.2215546926516
835f7dcf,vasa,PatA,8,granule_periphery,13649,rna_type,median,913.0
835f7dcf,vasa,PatA,8,pseudo_nucleus,26171,granule,sum,138496329.0
835f7dcf,vasa,PatA,8,pseudo_nucleus,26171,granule,mean,5291.976959229682
835f7dcf,vasa,PatA,8,pseudo_nucleus,26171,granule,median,3019.0
835f7dcf,vasa,PatA,8,pseudo_nucleus,26171,pla,sum,23495166.0
835f7dcf,vasa,PatA,8,pseudo_nucleus,26171,pla,mean,897.7557601925796
835f7dcf,vasa,PatA,8,pseudo_nucleus,26171,pla,median,768.0
835f7dcf,vasa,PatA,8,pseudo_nucleus,26171,rna_type,sum,23298246.0
835f7dcf,vasa,PatA,8,pseudo_nucleus,26171,rna_type,mean,890.2314011692331
835f7dcf,vasa,PatA,8,pseudo_nucleus,26171,rna_type,median,719.0
835f7dcf,vasa,PatA,8,cytoplasm,84282,granule,sum,102518903.0
835f7dcf,vasa,PatA,8,cytoplasm,84282,granule,mean,1216.3795709641442
835f7dcf,vasa,PatA,8,cytoplasm,84282,granule,median,941.0
835f7dcf,vasa,PatA,8,cytoplasm,84282,pla,sum,69972567.0
835f7dcf,vasa,PatA,8,cytoplasm,84282,pla,mean,830.2195842528654
835f7dcf,vasa,PatA,8,cytoplasm,84282,pla,median,709.0
835f7dcf,vasa,PatA,8,cytoplasm,84282,rna_type,sum,56708170.0
835f7dcf,vasa,PatA,8,cytoplasm,84282,rna_type,mean,672.8384471180086
835f7dcf,vasa,PatA,8,cytoplasm,84282,rna_type,median,504.0
835f7dcf,vasa,PatA,8,nucleo_cytoplasm,99290,granule,sum,136312813.0
835f7dcf,vasa,PatA,8,nucleo_cytoplasm,99290,granule,mean,1372.875546379293
835f7dcf,vasa,PatA,8,nucleo_cytoplasm,99290,granule,median,1063.0
835f7dcf,vasa,PatA,8,nucleo_cytoplasm,99290,pla,sum,82428459.0
835f7dcf,vasa,PatA,8,nucleo_cytoplasm,99290,pla,mean,830.1788599053278
835f7dcf,vasa,PatA,8,nucleo_cytoplasm,99290,pla,median,711.0
835f7dcf,vasa,PatA,8,nucleo_cytoplasm,99290,rna_type,sum,68014961.0
835f7dcf,vasa,PatA,8,nucleo_cytoplasm,99290,rna_type,mean,685.0132037466009
835f7dcf,vasa,PatA,8,nucleo_cytoplasm,99290,rna_type,median,521.0
d37180fa,actin,CHX,17,granule,7197,granule,sum,254838786.0
d37180fa,actin,CHX,17,granule,7197,granule,mean,35409.02959566486
d37180fa,actin,CHX,17,granule,7197,granule,median,32759.0
d37180fa,actin,CHX,17,granule,7197,pla,sum,12809011.0
d37180fa,actin,CHX,17,granule,7197,pla,mean,1779.770876754203
d37180fa,actin,CHX,17,granule,7197,pla,median,1645.0
d37180fa,actin,CHX,17,granule,7197,rna_type,sum,10892085.0
d37180fa,actin,CHX,17,granule,7197,rna_type,mean,1513.4201750729471
d37180fa,actin,CHX,17,granule,7197,rna_type,median,1312.0
d37180fa,actin,CHX,17,cell,168310,granule,sum,827387716.0
d37180fa,actin,CHX,17,cell,168310,granule,mean,4915.855956271166
d37180fa,actin,CHX,17,cell,168310,granule,median,2924.0
d37180fa,actin,CHX,17,cell,168310,pla,sum,277819784.0
d37180fa,actin,CHX,17,cell,168310,pla,mean,1650.643360465807
d37180fa,actin,CHX,17,cell,168310,pla,median,1499.0
d37180fa,actin,CHX,17,cell,168310,rna_type,sum,204427233.0
d37180fa,actin,CHX,17,cell,168310,rna_type,mean,1214.5875646129166
d37180fa,actin,CHX,17,cell,168310,rna_type,median,1017.0
d37180fa,actin,CHX,17,granule_periphery,13626,granule,sum,118673226.0
d37180fa,actin,CHX,17,granule_periphery,13626,granule,mean,8709.322324966975
d37180fa,actin,CHX,17,granule_periphery,13626,granule,median,7969.0
d37180fa,actin,CHX,17,granule_periphery,13626,pla,sum,22464400.0
d37180fa,actin,CHX,17,granule_periphery,13626,pla,mean,1648.64230148246
d37180fa,actin,CHX,17,granule_periphery,13626,pla,median,1487.5
d37180fa,actin,CHX,17,granule_periphery,13626,rna_type,sum,17344713.0
d37180fa,actin,CHX,17,granule_periphery,13626,rna_type,mean,1272.9130339057683
d37180fa,actin,CHX,17,granule_periphery,13626,rna_type,median,1077.0
d37180fa,actin,CHX,17,pseudo_nucleus,43302,granule,sum,356382726.0
d37180fa,actin,CHX,17,pseudo_nucleus,43302,granule,mean,8230.167798254122
d37180fa,actin,CHX,17,pseudo_nucleus,43302,granule,median,5679.0
d37180fa,actin,CHX,17,pseudo_nucleus,43302,pla,sum,67706363.0
d37180fa,actin,CHX,17,pseudo_nucleus,43302,pla,mean,1563.5851230890028
d37180fa,actin,CHX,17,pseudo_nucleus,43302,pla,median,1415.0
d37180fa,actin,CHX,17,pseudo_nucleus,43302,rna_type,sum,53503228.0
d37180fa,actin,CHX,17,pseudo_nucleus,43302,rna_type,mean,1235.583298692901
d37180fa,actin,CHX,17,pseudo_nucleus,43302,rna_type,median,1036.0
d37180fa,actin,CHX,17,cytoplasm,115198,granule,sum,287619129.0
d37180fa,actin,CHX,17,cytoplasm,115198,granule,mean,2496.7371742564974
d37180fa,actin,CHX,17,cytoplasm,115198,granule,median,2241.0
d37180fa,actin,CHX,17,cytoplasm,115198,pla,sum,193097702.0
d37180fa,actin,CHX,17,cytoplasm,115198,pla,mean,1676.2244309797045
d37180fa,actin,CHX,17,cytoplasm,115198,pla,median,1524.0
d37180fa,actin,CHX,17,cytoplasm,115198,rna_type,sum,137534644.0
d37180fa,actin,CHX,17,cytoplasm,115198,rna_type,mean,1193.8978454487058
d37180fa,actin,CHX,17,cytoplasm,115198,rna_type,median,1000.0
d37180fa,actin,CHX,17,nucleo_cytoplasm,147662,granule,sum,454708295.0
d37180fa,actin,CHX,17,nucleo_cytoplasm,147662,granule,mean,3079.385996397177
d37180fa,actin,CHX,17,nucleo_cytoplasm,147662,granule,median,2606.0
d37180fa,actin,CHX,17,nucleo_cytoplasm,147662,pla,sum,242832197.0
d37180fa,actin,CHX,17,nucleo_cytoplasm,147662,pla,mean,1644.5138017905758
d37180fa,actin,CHX,17,nucleo_cytoplasm,147662,pla,median,1494.0
d37180fa,actin,CHX,17,nucleo_cytoplasm,147662,rna_type,sum,176439109.0
d37180fa,actin,CHX,17,nucleo_cytoplasm,147662,rna_type,mean,1194.885000880389
d37180fa,actin,CHX,17,nucleo_cytoplasm,147662,rna_type,median,1001.0
606fe520,vasa,PatA,10,granule,5591,granule,sum,45373481.0
606fe520,vasa,PatA,10,granule,5591,granule,mean,8115.450008942944
606fe520,vasa,PatA,10,granule,5591,granule,median,7479.0
606fe520,vasa,PatA,10,granule,5591,pla,sum,6068452.0
606fe520,vasa,PatA,10,granule,5591,pla,mean,1085.3965301377214
606fe520,vasa,PatA,10,granule,5591,pla,median,963.0
606fe520,vasa,PatA,10,granule,5591,rna_type,sum,4926280.0
606fe520,vasa,PatA,10,granule,5591,rna_type,mean,881.1089250581291
606fe520,vasa,PatA,10,granule,5591,rna_type,median,681.0
606fe520,vasa,PatA,10,cell,150182,granule,sum,272759561.0
606fe520,vasa,PatA,10,cell,150182,granule,mean,1816.193425310623
606fe520,vasa,PatA,10,cell,150182,granule,median,1320.0
606fe520,vasa,PatA,10,cell,150182,pla,sum,148140565.0
606fe520,vasa,PatA,10,cell,150182,pla,mean,986.4069262628011
606fe520,vasa,PatA,10,cell,150182,pla,median,874.0
606fe520,vasa,PatA,10,cell,150182,rna_type,sum,85494438.0
606fe520,vasa,PatA,10,cell,150182,rna_type,mean,569.2722030602869
606fe520,vasa,PatA,10,cell,150182,rna_type,median,417.5
606fe520,vasa,PatA,10,granule_periphery,16293,granule,sum,52616414.0
606fe520,vasa,PatA,10,granule_periphery,16293,granule,mean,3229.387712514577
606fe520,vasa,PatA,10,granule_periphery,16293,granule,median,2933.0
606fe520,vasa,PatA,10,granule_periphery,16293,pla,sum,16657880.0
606fe520,vasa,PatA,10,granule_periphery,16293,pla,mean,1022.3948935125514
606fe520,vasa,PatA,10,granule_periphery,16293,pla,median,909.0
606fe520,vasa,PatA,10,granule_periphery,16293,rna_type,sum,11563643.0
606fe520,vasa,PatA,10,granule_periphery,16293,rna_type,mean,709.7307432639784
606fe520,vasa,PatA,10,granule_periphery,16293,rna_type,median,535.0
606fe520,vasa,PatA,10,pseudo_nucleus,27815,granule,sum,97333247.0
606fe520,vasa,PatA,10,pseudo_nucleus,27815,granule,mean,3499.307819521841
606fe520,vasa,PatA,10,pseudo_nucleus,27815,granule,median,2729.0
606fe520,vasa,PatA,10,pseudo_nucleus,27815,pla,sum,27833967.0
606fe520,vasa,PatA,10,pseudo_nucleus,27815,pla,mean,1000.6818982563365
606fe520,vasa,PatA,10,pseudo_nucleus,27815,pla,median,895.0
606fe520,vasa,PatA,10,pseudo_nucleus,27815,rna_type,sum,18904594.0
606fe520,vasa,PatA,10,pseudo_nucleus,27815,rna_type,mean,679.6546467733237
606fe520,vasa,PatA,10,pseudo_nucleus,27815,rna_type,median,514.0
606fe520,vasa,PatA,10,cytoplasm,114930,granule,sum,145721699.0
606fe520,vasa,PatA,10,cytoplasm,114930,granule,mean,1267.9169842512833
606fe520,vasa,PatA,10,cytoplasm,114930,granule,median,1084.0
606fe520,vasa,PatA,10,cytoplasm,114930,pla,sum,112454244.0
606fe520,vasa,PatA,10,cytoplasm,114930,pla,mean,978.4585747846515
606fe520,vasa,PatA,10,cytoplasm,114930,pla,median,864.0
606fe520,vasa,PatA,10,cytoplasm,114930,rna_type,sum,61027232.0
606fe520,vasa,PatA,10,cytoplasm,114930,rna_type,mean,530.9947968328548
606fe520,vasa,PatA,10,cytoplasm,114930,rna_type,median,389.0
606fe520,vasa,PatA,10,nucleo_cytoplasm,128298,granule,sum,174769666.0
606fe520,vasa,PatA,10,nucleo_cytoplasm,128298,granule,mean,1362.216605091272
606fe520,vasa,PatA,10,nucleo_cytoplasm,128298,granule,median,1156.0
606fe520,vasa,PatA,10,nucleo_cytoplasm,128298,pla,sum,125414233.0
606fe520,vasa,PatA,10,nucleo_cytoplasm,128298,pla,mean,977.5228998113766
606fe520,vasa,PatA,10,nucleo_cytoplasm,128298,pla,median,865.0
606fe520,vasa,PatA,10,nucleo_cytoplasm,128298,rna_type,sum,69004515.0
606fe520,vasa,PatA,10,nucleo_cytoplasm,128298,rna_type,mean,537.8456016461676
606fe520,vasa,PatA,10,nucleo_cytoplasm,128298,rna_type,median,396.0
7380da1b,actin,CHX,1,granule,17487,granule,sum,652917316.0
7380da1b,actin,CHX,1,granule,17487,granule,mean,37337.29719219992
7380da1b,actin,CHX,1,granule,17487,granule,median,39684.0
7380da1b,actin,CHX,1,granule,17487,pla,sum,25918211.0
7380da1b,actin,CHX,1,granule,17487,pla,mean,1482.1416480814319
7380da1b,actin,CHX,1,granule,17487,pla,median,1335.0
7380da1b,actin,CHX,1,granule,17487,rna_type,sum,39586188.0
7380da1b,actin,CHX,1,granule,17487,rna_type,mean,2263.7495282209643
7380da1b,actin,CHX,1,granule,17487,rna_type,median,2065.0
7380da1b,actin,CHX,1,cell,150636,granule,sum,1200917251.0
7380da1b,actin,CHX,1,cell,150636,granule,mean,7972.3124020818395
7380da1b,actin,CHX,1,cell,150636,granule,median,3607.0
7380da1b,actin,CHX,1,cell,150636,pla,sum,198038353.0
7380da1b,actin,CHX,1,cell,150636,pla,mean,1314.6814373722084
7380da1b,actin,CHX,1,cell,150636,pla,median,1163.0
7380da1b,actin,CHX,1,cell,150636,rna_type,sum,241915659.0
7380da1b,actin,CHX,1,cell,150636,rna_type,mean,1605.9617820441329
7380da1b,actin,CHX,1,cell,150636,rna_type,median,1397.0
7380da1b,actin,CHX,1,granule_periphery,14680,granule,sum,132048609.0
7380da1b,actin,CHX,1,granule_periphery,14680,granule,mean,8995.136852861035
7380da1b,actin,CHX,1,granule_periphery,14680,granule,median,8218.5
7380da1b,actin,CHX,1,granule_periphery,14680,pla,sum,19943533.0
7380da1b,actin,CHX,1,granule_periphery,14680,pla,mean,1358.5512942779292
7380da1b,actin,CHX,1,granule_periphery,14680,pla,median,1204.0
7380da1b,actin,CHX,1,granule_periphery,14680,rna_type,sum,25020531.0
7380da1b,actin,CHX,1,granule_periphery,14680,rna_type,mean,1704.3958446866484
7380da1b,actin,CHX,1,granule_periphery,14680,rna_type,median,1518.0
7380da1b,actin,CHX,1,pseudo_nucleus,41179,granule,sum,533388922.0
7380da1b,actin,CHX,1,pseudo_nucleus,41179,granule,mean,12952.935282546929
7380da1b,actin,CHX,1,pseudo_nucleus,41179,granule,median,6826.0
7380da1b,actin,CHX,1,pseudo_nucleus,41179,pla,sum,54474431.0
7380da1b,actin,CHX,1,pseudo_nucleus,41179,pla,mean,1322.8692051773962
7380da1b,actin,CHX,1,pseudo_nucleus,41179,pla,median,1170.0
7380da1b,actin,CHX,1,pseudo_nucleus,41179,rna_type,sum,70618062.0
7380da1b,actin,CHX,1,pseudo_nucleus,41179,rna_type,mean,1714.904732994973
7380da1b,actin,CHX,1,pseudo_nucleus,41179,rna_type,median,1507.0
7380da1b,actin,CHX,1,cytoplasm,93508,granule,sum,286444264.0
7380da1b,actin,CHX,1,cytoplasm,93508,granule,mean,3063.312914403046
7380da1b,actin,CHX,1,cytoplasm,93508,granule,median,2656.0
7380da1b,actin,CHX,1,cytoplasm,93508,pla,sum,120792943.0
7380da1b,actin,CHX,1,cytoplasm,93508,pla,mean,1291.7926059802369
7380da1b,actin,CHX,1,cytoplasm,93508,pla,median,1141.0
7380da1b,actin,CHX,1,cytoplasm,93508,rna_type,sum,139149372.0
7380da1b,actin,CHX,1,cytoplasm,93508,rna_type,mean,1488.1012533686958
7380da1b,actin,CHX,1,cytoplasm,93508,rna_type,median,1295.0
7380da1b,actin,CHX,1,nucleo_cytoplasm,118472,granule,sum,415959455.0
7380da1b,actin,CHX,1,nucleo_cytoplasm,118472,granule,mean,3511.0359831859005
7380da1b,actin,CHX,1,nucleo_cytoplasm,118472,granule,median,2925.0
7380da1b,actin,CHX,1,nucleo_cytoplasm,118472,pla,sum,152180537.0
7380da1b,actin,CHX,1,nucleo_cytoplasm,118472,pla,mean,1284.5274579647512
7380da1b,actin,CHX,1,nucleo_cytoplasm,118472,pla,median,1132.0
7380da1b,actin,CHX,1,nucleo_cytoplasm,118472,rna_type,sum,177312456.0
7380da1b,actin,CHX,1,nucleo_cytoplasm,118472,rna_type,mean,1496.6612870551692
7380da1b,actin,CHX,1,nucleo_cytoplasm,118472,rna_type,median,1302.0
73e56210,vasa,DMSO,14,granule,7761,granule,sum,68305445.0
73e56210,vasa,DMSO,14,granule,7761,granule,mean,8801.113902847572
73e56210,vasa,DMSO,14,granule,7761,granule,median,8067.0
73e56210,vasa,DMSO,14,granule,7761,pla,sum,9725615.0
73e56210,vasa,DMSO,14,granule,7761,pla,mean,1253.139415023837
73e56210,vasa,DMSO,14,granule,7761,pla,median,1133.0
73e56210,vasa,DMSO,14,granule,7761,rna_type,sum,8273425.0
73e56210,vasa,DMSO,14,granule,7761,rna_type,mean,1066.025641025641
73e56210,vasa,DMSO,14,granule,7761,rna_type,median,913.0
73e56210,vasa,DMSO,14,cell,122096,granule,sum,228280652.0
73e56210,vasa,DMSO,14,cell,122096,granule,mean,1869.6816603328527
73e56210,vasa,DMSO,14,cell,122096,granule,median,1196.0
73e56210,vasa,DMSO,14,cell,122096,pla,sum,154307907.0
73e56210,vasa,DMSO,14,cell,122096,pla,mean,1263.8244250425894
73e56210,vasa,DMSO,14,cell,122096,pla,median,1143.0
73e56210,vasa,DMSO,14,cell,122096,rna_type,sum,118790125.0
73e56210,vasa,DMSO,14,cell,122096,rna_type,mean,972.9239696632159
73e56210,vasa,DMSO,14,cell,122096,rna_type,median,807.0
73e56210,vasa,DMSO,14,granule_periphery,13534,granule,sum,36371054.0
73e56210,vasa,DMSO,14,granule_periphery,13534,granule,mean,2687.383921974287
73e56210,vasa,DMSO,14,granule_periphery,13534,granule,median,2409.5
73e56210,vasa,DMSO,14,granule_periphery,13534,pla,sum,17124866.0
73e56210,vasa,DMSO,14,granule_periphery,13534,pla,mean,1265.3218560662037
73e56210,vasa,DMSO,14,granule_periphery,13534,pla,median,1151.0
73e56210,vasa,DMSO,14,granule_periphery,13534,rna_type,sum,14080725.0
73e56210,vasa,DMSO,14,granule_periphery,13534,rna_type,mean,1040.3964090438894
73e56210,vasa,DMSO,14,granule_periphery,13534,rna_type,median,893.0
73e56210,vasa,DMSO,14,pseudo_nucleus,27569,granule,sum,85202853.0
73e56210,vasa,DMSO,14,pseudo_nucleus,27569,granule,mean,3090.5311400486053
73e56210,vasa,DMSO,14,pseudo_nucleus,27569,granule,median,2239.0
73e56210,vasa,DMSO,14,pseudo_nucleus,27569,pla,sum,33972782.0
73e56210,vasa,DMSO,14,pseudo_nucleus,27569,pla,mean,1232.2819833871376
73e56210,vasa,DMSO,14,pseudo_nucleus,27569,pla,median,1119.0
73e56210,vasa,DMSO,14,pseudo_nucleus,27569,rna_type,sum,25775408.0
73e56210,vasa,DMSO,14,pseudo_nucleus,27569,rna_type,mean,934.9417098915449
73e56210,vasa,DMSO,14,pseudo_nucleus,27569,rna_type,median,784.0
73e56210,vasa,DMSO,14,cytoplasm,85634,granule,sum,94541584.0
73e56210,vasa,DMSO,14,cytoplasm,85634,granule,mean,1104.0192446925287
73e56210,vasa,DMSO,14,cytoplasm,85634,granule,median,885.0
73e56210,vasa,DMSO,14,cytoplasm,85634,pla,sum,108789828.0
73e56210,vasa,DMSO,14,cytoplasm,85634,pla,mean,1270.4046056472896
73e56210,vasa,DMSO,14,cytoplasm,85634,pla,median,1147.0
73e56210,vasa,DMSO,14,cytoplasm,85634,rna_type,sum,82830378.0
73e56210,vasa,DMSO,14,cytoplasm,85634,rna_type,mean,967.2604105845809
73e56210,vasa,DMSO,14,cytoplasm,85634,rna_type,median,797.0
73e56210,vasa,DMSO,14,nucleo_cytoplasm,100801,granule,sum,123604153.0
73e56210,vasa,DMSO,14,nucleo_cytoplasm,100801,granule,mean,1226.2195117111933
73e56210,vasa,DMSO,14,nucleo_cytoplasm,100801,granule,median,992.0
73e56210,vasa,DMSO,14,nucleo_cytoplasm,100801,pla,sum,127457426.0
73e56210,vasa,DMSO,14,nucleo_cytoplasm,100801,pla,mean,1264.4460471622306
73e56210,vasa,DMSO,14,nucleo_cytoplasm,100801,pla,median,1142.0
73e56210,vasa,DMSO,14,nucleo_cytoplasm,100801,rna_type,sum,96435975.0
73e56210,vasa,DMSO,14,nucleo_cytoplasm,100801,rna_type,mean,956.6966101526771
73e56210,vasa,DMSO,14,nucleo_cytoplasm,100801,rna_type,median,789.0
d4fbbf1b,vasa,CHX,19,granule,4320,granule,sum,76478156.0
d4fbbf1b,vasa,CHX,19,granule,4320,granule,mean,17703.276851851853
d4fbbf1b,vasa,CHX,19,granule,4320,granule,median,16488.5
d4fbbf1b,vasa,CHX,19,granule,4320,pla,sum,6795320.0
d4fbbf1b,vasa,CHX,19,granule,4320,pla,mean,1572.9907407407406
d4fbbf1b,vasa,CHX,19,granule,4320,pla,median,1455.0
d4fbbf1b,vasa,CHX,19,granule,4320,rna_type,sum,5093887.0
d4fbbf1b,vasa,CHX,19,granule,4320,rna_type,mean,1179.1405092592593
d4fbbf1b,vasa,CHX,19,granule,4320,rna_type,median,954.0
d4fbbf1b,vasa,CHX,19,cell,104301,granule,sum,333895559.0
d4fbbf1b,vasa,CHX,19,cell,104301,granule,mean,3201.2690098848525
d4fbbf1b,vasa,CHX,19,cell,104301,granule,median,2019.0
d4fbbf1b,vasa,CHX,19,cell,104301,pla,sum,143563084.0
d4fbbf1b,vasa,CHX,19,cell,104301,pla,mean,1376.430561547828
d4fbbf1b,vasa,CHX,19,cell,104301,pla,median,1253.0
d4fbbf1b,vasa,CHX,19,cell,104301,rna_type,sum,103963598.0
d4fbbf1b,vasa,CHX,19,cell,104301,rna_type,mean,996.765112510906
d4fbbf1b,vasa,CHX,19,cell,104301,rna_type,median,800.0
d4fbbf1b,vasa,CHX,19,granule_periphery,12035,granule,sum,76638685.0
d4fbbf1b,vasa,CHX,19,granule_periphery,12035,granule,mean,6367.983797257997
d4fbbf1b,vasa,CHX,19,granule_periphery,12035,granule,median,5944.0
d4fbbf1b,vasa,CHX,19,granule_periphery,12035,pla,sum,16812936.0
d4fbbf1b,vasa,CHX,19,granule_periphery,12035,pla,mean,1397.0034067303698
d4fbbf1b,vasa,CHX,19,granule_periphery,12035,pla,median,1283.0
d4fbbf1b,vasa,CHX,19,granule_periphery,12035,rna_type,sum,11896284.0
d4fbbf1b,vasa,CHX,19,granule_periphery,12035,rna_type,mean,988.4739509763191
d4fbbf1b,vasa,CHX,19,granule_periphery,12035,rna_type,median,817.0
d4fbbf1b,vasa,CHX,19,pseudo_nucleus,22356,granule,sum,127506715.0
d4fbbf1b,vasa,CHX,19,pseudo_nucleus,22356,granule,mean,5703.467301842906
d4fbbf1b,vasa,CHX,19,pseudo_nucleus,22356,granule,median,4201.0
d4fbbf1b,vasa,CHX,19,pseudo_nucleus,22356,pla,sum,28788693.0
d4fbbf1b,vasa,CHX,19,pseudo_nucleus,22356,pla,mean,1287.7389962426194
d4fbbf1b,vasa,CHX,19,pseudo_nucleus,22356,pla,median,1182.0
d4fbbf1b,vasa,CHX,19,pseudo_nucleus,22356,rna_type,sum,17287262.0
d4fbbf1b,vasa,CHX,19,pseudo_nucleus,22356,rna_type,mean,773.2716943997137
d4fbbf1b,vasa,CHX,19,pseudo_nucleus,22356,rna_type,median,615.0
d4fbbf1b,vasa,CHX,19,cytoplasm,72863,granule,sum,126384279.0
d4fbbf1b,vasa,CHX,19,cytoplasm,72863,granule,mean,1734.546738399462
d4fbbf1b,vasa,CHX,19,cytoplasm,72863,granule,median,1514.0
d4fbbf1b,vasa,CHX,19,cytoplasm,72863,pla,sum,101217444.0
d4fbbf1b,vasa,CHX,19,cytoplasm,72863,pla,mean,1389.1473587417481
d4fbbf1b,vasa,CHX,19,cytoplasm,72863,pla,median,1262.0
d4fbbf1b,vasa,CHX,19,cytoplasm,72863,rna_type,sum,76572998.0
d4fbbf1b,vasa,CHX,19,cytoplasm,72863,rna_type,mean,1050.917447813019
d4fbbf1b,vasa,CHX,19,cytoplasm,72863,rna_type,median,846.0
d4fbbf1b,vasa,CHX,19,nucleo_cytoplasm,87946,granule,sum,180778718.0
d4fbbf1b,vasa,CHX,19,nucleo_cytoplasm,87946,granule,mean,2055.5649830577854
d4fbbf1b,vasa,CHX,19,nucleo_cytoplasm,87946,granule,median,1728.0
d4fbbf1b,vasa,CHX,19,nucleo_cytoplasm,87946,pla,sum,119954828.0
d4fbbf1b,vasa,CHX,19,nucleo_cytoplasm,87946,pla,mean,1363.9600209219293
d4fbbf1b,vasa,CHX,19,nucleo_cytoplasm,87946,pla,median,1239.0
d4fbbf1b,vasa,CHX,19,nucleo_cytoplasm,87946,rna_type,sum,86973427.0
d4fbbf1b,vasa,CHX,19,nucleo_cytoplasm,87946,rna_type,mean,988.9412480385691
d4fbbf1b,vasa,CHX,19,nucleo_cytoplasm,87946,rna_type,median,790.0
76fdd2ed,vasa,CHX,23,granule,4006,granule,sum,25465736.0
76fdd2ed,vasa,CHX,23,granule,4006,granule,mean,6356.898652021967
76fdd2ed,vasa,CHX,23,granule,4006,granule,median,5966.0
76fdd2ed,vasa,CHX,23,granule,4006,pla,sum,4342436.0
76fdd2ed,vasa,CHX,23,granule,4006,pla,mean,1083.9830254618073
76fdd2ed,vasa,CHX,23,granule,4006,pla,median,968.5
76fdd2ed,vasa,CHX,23,granule,4006,rna_type,sum,3670327.0
76fdd2ed,vasa,CHX,23,granule,4006,rna_type,mean,916.2074388417374
76fdd2ed,vasa,CHX,23,granule,4006,rna_type,median,756.0
76fdd2ed,vasa,CHX,23,cell,122921,granule,sum,142952995.0
76fdd2ed,vasa,CHX,23,cell,122921,granule,mean,1162.9664174551135
76fdd2ed,vasa,CHX,23,cell,122921,granule,median,749.0
76fdd2ed,vasa,CHX,23,cell,122921,pla,sum,119095326.0
76fdd2ed,vasa,CHX,23,cell,122921,pla,mean,968.8769697610661
76fdd2ed,vasa,CHX,23,cell,122921,pla,median,852.0
76fdd2ed,vasa,CHX,23,cell,122921,rna_type,sum,97630266.0
76fdd2ed,vasa,CHX,23,cell,122921,rna_type,mean,794.2521294164545
76fdd2ed,vasa,CHX,23,cell,122921,rna_type,median,625.0
76fdd2ed,vasa,CHX,23,granule_periphery,10391,granule,sum,24742848.0
76fdd2ed,vasa,CHX,23,granule_periphery,10391,granule,mean,2381.1806370897893
76fdd2ed,vasa,CHX,23,granule_periphery,10391,granule,median,2140.0
76fdd2ed,vasa,CHX,23,granule_periphery,10391,pla,sum,10760289.0
76fdd2ed,vasa,CHX,23,granule_periphery,10391,pla,mean,1035.539312866904
76fdd2ed,vasa,CHX,23,granule_periphery,10391,pla,median,932.0
76fdd2ed,vasa,CHX,23,granule_periphery,10391,rna_type,sum,8295785.0
76fdd2ed,vasa,CHX,23,granule_periphery,10391,rna_type,mean,798.3625252622462
76fdd2ed,vasa,CHX,23,granule_periphery,10391,rna_type,median,643.0
76fdd2ed,vasa,CHX,23,pseudo_nucleus,21366,granule,sum,45604127.0
76fdd2ed,vasa,CHX,23,pseudo_nucleus,21366,granule,mean,2134.4251146681645
76fdd2ed,vasa,CHX,23,pseudo_nucleus,21366,granule,median,1640.0
76fdd2ed,vasa,CHX,23,pseudo_nucleus,21366,pla,sum,20669784.0
76fdd2ed,vasa,CHX,23,pseudo_nucleus,21366,pla,mean,967.4147711317046
76fdd2ed,vasa,CHX,23,pseudo_nucleus,21366,pla,median,862.0
76fdd2ed,vasa,CHX,23,pseudo_nucleus,21366,rna_type,sum,13991416.0
76fdd2ed,vasa,CHX,23,pseudo_nucleus,21366,rna_type,mean,654.8448937564355
76fdd2ed,vasa,CHX,23,pseudo_nucleus,21366,rna_type,median,509.0
76fdd2ed,vasa,CHX,23,cytoplasm,93222,granule,sum,69569731.0
76fdd2ed,vasa,CHX,23,cytoplasm,93222,granule,mean,746.280180644054
76fdd2ed,vasa,CHX,23,cytoplasm,93222,granule,median,565.0
76fdd2ed,vasa,CHX,23,cytoplasm,93222,pla,sum,89327310.0
76fdd2ed,vasa,CHX,23,cytoplasm,93222,pla,mean,958.2213426015318
76fdd2ed,vasa,CHX,23,cytoplasm,93222,pla,median,840.0
76fdd2ed,vasa,CHX,23,cytoplasm,93222,rna_type,sum,76204691.0
76fdd2ed,vasa,CHX,23,cytoplasm,93222,rna_type,mean,817.4539379116518
76fdd2ed,vasa,CHX,23,cytoplasm,93222,rna_type,median,644.0
76fdd2ed,vasa,CHX,23,nucleo_cytoplasm,108524,granule,sum,92744411.0
76fdd2ed,vasa,CHX,23,nucleo_cytoplasm,108524,granule,mean,854.598162618407
76fdd2ed,vasa,CHX,23,nucleo_cytoplasm,108524,granule,median,648.0
76fdd2ed,vasa,CHX,23,nucleo_cytoplasm,108524,pla,sum,103992601.0
76fdd2ed,vasa,CHX,23,nucleo_cytoplasm,108524,pla,mean,958.2451900040544
76fdd2ed,vasa,CHX,23,nucleo_cytoplasm,108524,pla,median,842.0
76fdd2ed,vasa,CHX,23,nucleo_cytoplasm,108524,rna_type,sum,85664154.0
76fdd2ed,vasa,CHX,23,nucleo_cytoplasm,108524,rna_type,mean,789.3567690096199
76fdd2ed,vasa,CHX,23,nucleo_cytoplasm,108524,rna_type,median,618.0
e00610d9,actin,DMSO,1,granule,14546,granule,sum,211280617.0
e00610d9,actin,DMSO,1,granule,14546,granule,mean,14524.997731335076
e00610d9,actin,DMSO,1,granule,14546,granule,median,14842.0
e00610d9,actin,DMSO,1,granule,14546,pla,sum,21212599.0
e00610d9,actin,DMSO,1,granule,14546,pla,mean,1458.3114945689538
e00610d9,actin,DMSO,1,granule,14546,pla,median,1321.0
e00610d9,actin,DMSO,1,granule,14546,rna_type,sum,5323091.0
e00610d9,actin,DMSO,1,granule,14546,rna_type,mean,365.9487831706311
e00610d9,actin,DMSO,1,granule,14546,rna_type,median,330.0
e00610d9,actin,DMSO,1,cell,147812,granule,sum,381953349.0
e00610d9,actin,DMSO,1,cell,147812,granule,mean,2584.048311368495
e00610d9,actin,DMSO,1,cell,147812,granule,median,1079.0
e00610d9,actin,DMSO,1,cell,147812,pla,sum,176667485.0
e00610d9,actin,DMSO,1,cell,147812,pla,mean,1195.217472194409
e00610d9,actin,DMSO,1,cell,147812,pla,median,1054.0
e00610d9,actin,DMSO,1,cell,147812,rna_type,sum,36035472.0
e00610d9,actin,DMSO,1,cell,147812,rna_type,mean,243.7926014126052
e00610d9,actin,DMSO,1,cell,147812,rna_type,median,207.0
e00610d9,actin,DMSO,1,granule_periphery,12760,granule,sum,40441934.0
e00610d9,actin,DMSO,1,granule_periphery,12760,granule,mean,3169.430564263323
e00610d9,actin,DMSO,1,granule_periphery,12760,granule,median,2642.0
e00610d9,actin,DMSO,1,granule_periphery,12760,pla,sum,17067454.0
e00610d9,actin,DMSO,1,granule_periphery,12760,pla,mean,1337.574764890282
e00610d9,actin,DMSO,1,granule_periphery,12760,pla,median,1202.0
e00610d9,actin,DMSO,1,granule_periphery,12760,rna_type,sum,3353808.0
e00610d9,actin,DMSO,1,granule_periphery,12760,rna_type,mean,262.8376175548589
e00610d9,actin,DMSO,1,granule_periphery,12760,rna_type,median,227.0
e00610d9,actin,DMSO,1,pseudo_nucleus,28554,granule,sum,75538194.0
e00610d9,actin,DMSO,1,pseudo_nucleus,28554,granule,mean,2645.4505148140365
e00610d9,actin,DMSO,1,pseudo_nucleus,28554,granule,median,1376.0
e00610d9,actin,DMSO,1,pseudo_nucleus,28554,pla,sum,33658776.0
e00610d9,actin,DMSO,1,pseudo_nucleus,28554,pla,mean,1178.776213490229
e00610d9,actin,DMSO,1,pseudo_nucleus,28554,pla,median,1043.0
e00610d9,actin,DMSO,1,pseudo_nucleus,28554,rna_type,sum,7054609.0
e00610d9,actin,DMSO,1,pseudo_nucleus,28554,rna_type,mean,247.0620228339287
e00610d9,actin,DMSO,1,pseudo_nucleus,28554,rna_type,median,212.0
e00610d9,actin,DMSO,1,cytoplasm,101947,granule,sum,108079990.0
e00610d9,actin,DMSO,1,cytoplasm,101947,granule,mean,1060.1586118277144
e00610d9,actin,DMSO,1,cytoplasm,101947,granule,median,855.0
e00610d9,actin,DMSO,1,cytoplasm,101947,pla,sum,118081629.0
e00610d9,actin,DMSO,1,cytoplasm,101947,pla,mean,1158.2648729241664
e00610d9,actin,DMSO,1,cytoplasm,101947,pla,median,1016.0
e00610d9,actin,DMSO,1,cytoplasm,101947,rna_type,sum,23125865.0
e00610d9,actin,DMSO,1,cytoplasm,101947,rna_type,mean,226.84203556750077
e00610d9,actin,DMSO,1,cytoplasm,101947,rna_type,median,193.0
e00610d9,actin,DMSO,1,nucleo_cytoplasm,120506,granule,sum,130230798.0
e00610d9,actin,DMSO,1,nucleo_cytoplasm,120506,granule,mean,1080.6996996000198
e00610d9,actin,DMSO,1,nucleo_cytoplasm,120506,granule,median,879.0
e00610d9,actin,DMSO,1,nucleo_cytoplasm,120506,pla,sum,138387432.0
e00610d9,actin,DMSO,1,nucleo_cytoplasm,120506,pla,mean,1148.3862380296416
e00610d9,actin,DMSO,1,nucleo_cytoplasm,120506,pla,median,1007.5
e00610d9,actin,DMSO,1,nucleo_cytoplasm,120506,rna_type,sum,27358573.0
e00610d9,actin,DMSO,1,nucleo_cytoplasm,120506,rna_type,mean,227.0307951471296
e00610d9,actin,DMSO,1,nucleo_cytoplasm,120506,rna_type,median,193.0
a06e9665,vasa,CHX,8,granule,6571,granule,sum,85000573.0
a06e9665,vasa,CHX,8,granule,6571,granule,mean,12935.713437832903
a06e9665,vasa,CHX,8,granule,6571,granule,median,12714.0
a06e9665,vasa,CHX,8,granule,6571,pla,sum,12154491.0
a06e9665,vasa,CHX,8,granule,6571,pla,mean,1849.717090245016
a06e9665,vasa,CHX,8,granule,6571,pla,median,1690.0
a06e9665,vasa,CHX,8,granule,6571,rna_type,sum,11801788.0
a06e9665,vasa,CHX,8,granule,6571,rna_type,mean,1796.0413940039568
a06e9665,vasa,CHX,8,granule,6571,rna_type,median,1554.0
a06e9665,vasa,CHX,8,cell,104058,granule,sum,217546859.0
a06e9665,vasa,CHX,8,cell,104058,granule,mean,2090.630792442676
a06e9665,vasa,CHX,8,cell,104058,granule,median,1003.0
a06e9665,vasa,CHX,8,cell,104058,pla,sum,149545710.0
a06e9665,vasa,CHX,8,cell,104058,pla,mean,1437.1380384016607
a06e9665,vasa,CHX,8,cell,104058,pla,median,1316.5
a06e9665,vasa,CHX,8,cell,104058,rna_type,sum,99570053.0
a06e9665,vasa,CHX,8,cell,104058,rna_type,mean,956.8707163312768
a06e9665,vasa,CHX,8,cell,104058,rna_type,median,758.0
a06e9665,vasa,CHX,8,granule_periphery,9062,granule,sum,34322239.0
a06e9665,vasa,CHX,8,granule_periphery,9062,granule,mean,3787.4905098212316
a06e9665,vasa,CHX,8,granule_periphery,9062,granule,median,3201.5
a06e9665,vasa,CHX,8,granule_periphery,9062,pla,sum,14270654.0
a06e9665,vasa,CHX,8,granule_periphery,9062,pla,mean,1574.7797395718385
a06e9665,vasa,CHX,8,granule_periphery,9062,pla,median,1439.0
a06e9665,vasa,CHX,8,granule_periphery,9062,rna_type,sum,11698514.0
a06e9665,vasa,CHX,8,granule_periphery,9062,rna_type,mean,1290.941734716398
a06e9665,vasa,CHX,8,granule_periphery,9062,rna_type,median,1052.0
a06e9665,vasa,CHX,8,pseudo_nucleus,13893,granule,sum,60233427.0
a06e9665,vasa,CHX,8,pseudo_nucleus,13893,granule,mean,4335.523429064997
a06e9665,vasa,CHX,8,pseudo_nucleus,13893,granule,median,2937.0
a06e9665,vasa,CHX,8,pseudo_nucleus,13893,pla,sum,20909105.0
a06e9665,vasa,CHX,8,pseudo_nucleus,13893,pla,mean,1505.010077017203
a06e9665,vasa,CHX,8,pseudo_nucleus,13893,pla,median,1378.0
a06e9665,vasa,CHX,8,pseudo_nucleus,13893,rna_type,sum,14801870.0
a06e9665,vasa,CHX,8,pseudo_nucleus,13893,rna_type,mean,1065.4192758943352
a06e9665,vasa,CHX,8,pseudo_nucleus,13893,rna_type,median,852.0
a06e9665,vasa,CHX,8,cytoplasm,80506,granule,sum,78811007.0
a06e9665,vasa,CHX,8,cytoplasm,80506,granule,mean,978.9457555958562
a06e9665,vasa,CHX,8,cytoplasm,80506,granule,median,766.0
a06e9665,vasa,CHX,8,cytoplasm,80506,pla,sum,112156771.0
a06e9665,vasa,CHX,8,cytoplasm,80506,pla,mean,1393.1479765483318
a06e9665,vasa,CHX,8,cytoplasm,80506,pla,median,1281.0
a06e9665,vasa,CHX,8,cytoplasm,80506,rna_type,sum,69363884.0
a06e9665,vasa,CHX,8,cytoplasm,80506,rna_type,mean,861.598936725213
a06e9665,vasa,CHX,8,cytoplasm,80506,rna_type,median,695.0
a06e9665,vasa,CHX,8,nucleo_cytoplasm,88425,granule,sum,98224047.0
a06e9665,vasa,CHX,8,nucleo_cytoplasm,88425,granule,mean,1110.8176081424936
a06e9665,vasa,CHX,8,nucleo_cytoplasm,88425,granule,median,832.0
a06e9665,vasa,CHX,8,nucleo_cytoplasm,88425,pla,sum,123120565.0
a06e9665,vasa,CHX,8,nucleo_cytoplasm,88425,pla,mean,1392.372801809443
a06e9665,vasa,CHX,8,nucleo_cytoplasm,88425,pla,median,1281.0
a06e9665,vasa,CHX,8,nucleo_cytoplasm,88425,rna_type,sum,76069751.0
a06e9665,vasa,CHX,8,nucleo_cytoplasm,88425,rna_type,mean,860.2742550183772
a06e9665,vasa,CHX,8,nucleo_cytoplasm,88425,rna_type,median,695.0
164f8cb8,vasa,CHX,3,granule,8107,granule,sum,171628677.0
164f8cb8,vasa,CHX,3,granule,8107,granule,mean,21170.43012211669
164f8cb8,vasa,CHX,3,granule,8107,granule,median,19183.0
164f8cb8,vasa,CHX,3,granule,8107,pla,sum,12258901.0
164f8cb8,vasa,CHX,3,granule,8107,pla,mean,1512.1377821635624
164f8cb8,vasa,CHX,3,granule,8107,pla,median,1351.0
164f8cb8,vasa,CHX,3,granule,8107,rna_type,sum,15830491.0
164f8cb8,vasa,CHX,3,granule,8107,rna_type,mean,1952.694091525842
164f8cb8,vasa,CHX,3,granule,8107,rna_type,median,1513.0
164f8cb8,vasa,CHX,3,cell,142736,granule,sum,564569445.0
164f8cb8,vasa,CHX,3,cell,142736,granule,mean,3955.3402435265107
164f8cb8,vasa,CHX,3,cell,142736,granule,median,2273.0
164f8cb8,vasa,CHX,3,cell,142736,pla,sum,219877312.0
164f8cb8,vasa,CHX,3,cell,142736,pla,mean,1540.447483465979
164f8cb8,vasa,CHX,3,cell,142736,pla,median,1355.0
164f8cb8,vasa,CHX,3,cell,142736,rna_type,sum,279033232.0
164f8cb8,vasa,CHX,3,cell,142736,rna_type,mean,1954.8903710346374
164f8cb8,vasa,CHX,3,cell,142736,rna_type,median,1473.0
164f8cb8,vasa,CHX,3,granule_periphery,17517,granule,sum,121130815.0
164f8cb8,vasa,CHX,3,granule_periphery,17517,granule,mean,6915.043386424616
164f8cb8,vasa,CHX,3,granule_periphery,17517,granule,median,6398.0
164f8cb8,vasa,CHX,3,granule_periphery,17517,pla,sum,24649508.0
164f8cb8,vasa,CHX,3,granule_periphery,17517,pla,mean,1407.176342981104
164f8cb8,vasa,CHX,3,granule_periphery,17517,pla,median,1253.0
164f8cb8,vasa,CHX,3,granule_periphery,17517,rna_type,sum,29802285.0
164f8cb8,vasa,CHX,3,granule_periphery,17517,rna_type,mean,1701.3349888679568
164f8cb8,vasa,CHX,3,granule_periphery,17517,rna_type,median,1326.0
164f8cb8,vasa,CHX,3,pseudo_nucleus,30415,granule,sum,252855480.0
164f8cb8,vasa,CHX,3,pseudo_nucleus,30415,granule,mean,8313.512411638994
164f8cb8,vasa,CHX,3,pseudo_nucleus,30415,granule,median,6036.0
164f8cb8,vasa,CHX,3,pseudo_nucleus,30415,pla,sum,37950104.0
164f8cb8,vasa,CHX,3,pseudo_nucleus,30415,pla,mean,1247.7430215354266
164f8cb8,vasa,CHX,3,pseudo_nucleus,30415,pla,median,1123.0
164f8cb8,vasa,CHX,3,pseudo_nucleus,30415,rna_type,sum,39395090.0
164f8cb8,vasa,CHX,3,pseudo_nucleus,30415,rna_type,mean,1295.2520138089758
164f8cb8,vasa,CHX,3,pseudo_nucleus,30415,rna_type,median,1080.0
164f8cb8,vasa,CHX,3,cytoplasm,102546,granule,sum,202425754.0
164f8cb8,vasa,CHX,3,cytoplasm,102546,granule,mean,1973.9995124139411
164f8cb8,vasa,CHX,3,cytoplasm,102546,granule,median,1635.0
164f8cb8,vasa,CHX,3,cytoplasm,102546,pla,sum,165818913.0
164f8cb8,vasa,CHX,3,cytoplasm,102546,pla,mean,1617.0198057457142
164f8cb8,vasa,CHX,3,cytoplasm,102546,pla,median,1422.0
164f8cb8,vasa,CHX,3,cytoplasm,102546,rna_type,sum,216724678.0
164f8cb8,vasa,CHX,3,cytoplasm,102546,rna_type,mean,2113.438632418622
164f8cb8,vasa,CHX,3,cytoplasm,102546,rna_type,median,1593.0
164f8cb8,vasa,CHX,3,nucleo_cytoplasm,117112,granule,sum,271809953.0
164f8cb8,vasa,CHX,3,nucleo_cytoplasm,117112,granule,mean,2320.9402366964955
164f8cb8,vasa,CHX,3,nucleo_cytoplasm,117112,granule,median,1848.0
164f8cb8,vasa,CHX,3,nucleo_cytoplasm,117112,pla,sum,182968903.0
164f8cb8,vasa,CHX,3,nucleo_cytoplasm,117112,pla,mean,1562.3412032925746
164f8cb8,vasa,CHX,3,nucleo_cytoplasm,117112,pla,median,1371.0
164f8cb8,vasa,CHX,3,nucleo_cytoplasm,117112,rna_type,sum,233400456.0
164f8cb8,vasa,CHX,3,nucleo_cytoplasm,117112,rna_type,mean,1992.9678939818293
164f8cb8,vasa,CHX,3,nucleo_cytoplasm,117112,rna_type,median,1495.0
8ebab5e1,actin,PatA,3,granule,6967,granule,sum,34330866.0
8ebab5e1,actin,PatA,3,granule,6967,granule,mean,4927.639730156452
8ebab5e1,actin,PatA,3,granule,6967,granule,median,4839.0
8ebab5e1,actin,PatA,3,granule,6967,pla,sum,16904318.0
8ebab5e1,actin,PatA,3,granule,6967,pla,mean,2426.341036314052
8ebab5e1,actin,PatA,3,granule,6967,pla,median,2265.0
8ebab5e1,actin,PatA,3,granule,6967,rna_type,sum,8378219.0
8ebab5e1,actin,PatA,3,granule,6967,rna_type,mean,1202.5576288215875
8ebab5e1,actin,PatA,3,granule,6967,rna_type,median,1000.0
8ebab5e1,actin,PatA,3,cell,137919,granule,sum,149418062.0
8ebab5e1,actin,PatA,3,cell,137919,granule,mean,1083.3754740101074
8ebab5e1,actin,PatA,3,cell,137919,granule,median,692.0
8ebab5e1,actin,PatA,3,cell,137919,pla,sum,295166698.0
8ebab5e1,actin,PatA,3,cell,137919,pla,mean,2140.1452881763935
8ebab5e1,actin,PatA,3,cell,137919,pla,median,1982.0
8ebab5e1,actin,PatA,3,cell,137919,rna_type,sum,135457792.0
8ebab5e1,actin,PatA,3,cell,137919,rna_type,mean,982.1546849962659
8ebab5e1,actin,PatA,3,cell,137919,rna_type,median,773.0
8ebab5e1,actin,PatA,3,granule_periphery,9429,granule,sum,18364799.0
8ebab5e1,actin,PatA,3,granule_periphery,9429,granule,mean,1947.6931806130024
8ebab5e1,actin,PatA,3,granule_periphery,9429,granule,median,1498.0
8ebab5e1,actin,PatA,3,granule_periphery,9429,pla,sum,22553265.0
8ebab5e1,actin,PatA,3,granule_periphery,9429,pla,mean,2391.904231625835
8ebab5e1,actin,PatA,3,granule_periphery,9429,pla,median,2221.0
8ebab5e1,actin,PatA,3,granule_periphery,9429,rna_type,sum,10395642.0
8ebab5e1,actin,PatA,3,granule_periphery,9429,rna_type,mean,1102.5179764556156
8ebab5e1,actin,PatA,3,granule_periphery,9429,rna_type,median,899.0
8ebab5e1,actin,PatA,3,pseudo_nucleus,20415,granule,sum,32149315.0
8ebab5e1,actin,PatA,3,pseudo_nucleus,20415,granule,mean,1574.7888807249572
8ebab5e1,actin,PatA,3,pseudo_nucleus,20415,granule,median,920.0
8ebab5e1,actin,PatA,3,pseudo_nucleus,20415,pla,sum,43635063.0
8ebab5e1,actin,PatA,3,pseudo_nucleus,20415,pla,mean,2137.402057310801
8ebab5e1,actin,PatA,3,pseudo_nucleus,20415,pla,median,1990.0
8ebab5e1,actin,PatA,3,pseudo_nucleus,20415,rna_type,sum,20629224.0
8ebab5e1,actin,PatA,3,pseudo_nucleus,20415,rna_type,mean,1010.4934606906686
8ebab5e1,actin,PatA,3,pseudo_nucleus,20415,rna_type,median,799.0
8ebab5e1,actin,PatA,3,cytoplasm,107899,granule,sum,84139739.0
8ebab5e1,actin,PatA,3,cytoplasm,107899,granule,mean,779.8009156711369
8ebab5e1,actin,PatA,3,cytoplasm,107899,granule,median,602.0
8ebab5e1,actin,PatA,3,cytoplasm,107899,pla,sum,227435938.0
8ebab5e1,actin,PatA,3,cytoplasm,107899,pla,mean,2107.859553842019
8ebab5e1,actin,PatA,3,cytoplasm,107899,pla,median,1950.0
8ebab5e1,actin,PatA,3,cytoplasm,107899,rna_type,sum,103550468.0
8ebab5e1,actin,PatA,3,cytoplasm,107899,rna_type,mean,959.6981250984717
8ebab5e1,actin,PatA,3,cytoplasm,107899,rna_type,median,750.0
8ebab5e1,actin,PatA,3,nucleo_cytoplasm,121523,granule,sum,96722397.0
8ebab5e1,actin,PatA,3,nucleo_cytoplasm,121523,granule,mean,795.9184434222328
8ebab5e1,actin,PatA,3,nucleo_cytoplasm,121523,granule,median,612.0
8ebab5e1,actin,PatA,3,nucleo_cytoplasm,121523,pla,sum,255709115.0
8ebab5e1,actin,PatA,3,nucleo_cytoplasm,121523,pla,mean,2104.2034429696437
8ebab5e1,actin,PatA,3,nucleo_cytoplasm,121523,pla,median,1947.0
8ebab5e1,actin,PatA,3,nucleo_cytoplasm,121523,rna_type,sum,116683931.0
8ebab5e1,actin,PatA,3,nucleo_cytoplasm,121523,rna_type,mean,960.179809583371
8ebab5e1,actin,PatA,3,nucleo_cytoplasm,121523,rna_type,median,749.0
b214652b,actin,DMSO,3,granule,6735,granule,sum,59451586.0
b214652b,actin,DMSO,3,granule,6735,granule,mean,8827.258500371196
b214652b,actin,DMSO,3,granule,6735,granule,median,8710.0
b214652b,actin,DMSO,3,granule,6735,pla,sum,6203276.0
b214652b,actin,DMSO,3,granule,6735,pla,mean,921.0506310319228
b214652b,actin,DMSO,3,granule,6735,pla,median,790.0
b214652b,actin,DMSO,3,granule,6735,rna_type,sum,2522073.0
b214652b,actin,DMSO,3,granule,6735,rna_type,mean,374.4726057906459
b214652b,actin,DMSO,3,granule,6735,rna_type,median,341.0
b214652b,actin,DMSO,3,cell,125203,granule,sum,174565137.0
b214652b,actin,DMSO,3,cell,125203,granule,mean,1394.2568229195786
b214652b,actin,DMSO,3,cell,125203,granule,median,826.0
b214652b,actin,DMSO,3,cell,125203,pla,sum,96120425.0
b214652b,actin,DMSO,3,cell,125203,pla,mean,767.71662819581
b214652b,actin,DMSO,3,cell,125203,pla,median,635.0
b214652b,actin,DMSO,3,cell,125203,rna_type,sum,37172477.0
b214652b,actin,DMSO,3,cell,125203,rna_type,mean,296.89765420956365
b214652b,actin,DMSO,3,cell,125203,rna_type,median,259.0
b214652b,actin,DMSO,3,granule_periphery,4756,granule,sum,11812495.0
b214652b,actin,DMSO,3,granule_periphery,4756,granule,mean,2483.7037426408747
b214652b,actin,DMSO,3,granule_periphery,4756,granule,median,2206.5
b214652b,actin,DMSO,3,granule_periphery,4756,pla,sum,4149912.0
b214652b,actin,DMSO,3,granule_periphery,4756,pla,mean,872.5634987384357
b214652b,actin,DMSO,3,granule_periphery,4756,pla,median,731.0
b214652b,actin,DMSO,3,granule_periphery,4756,rna_type,sum,1585253.0
b214652b,actin,DMSO,3,granule_periphery,4756,rna_type,mean,333.3164423885618
b214652b,actin,DMSO,3,granule_periphery,4756,rna_type,median,300.0
b214652b,actin,DMSO,3,pseudo_nucleus,3689,granule,sum,19213899.0
b214652b,actin,DMSO,3,pseudo_nucleus,3689,granule,mean,5208.430197885606
b214652b,actin,DMSO,3,pseudo_nucleus,3689,granule,median,3333.0
b214652b,actin,DMSO,3,pseudo_nucleus,3689,pla,sum,3223532.0
b214652b,actin,DMSO,3,pseudo_nucleus,3689,pla,mean,873.8227161832475
b214652b,actin,DMSO,3,pseudo_nucleus,3689,pla,median,750.0
b214652b,actin,DMSO,3,pseudo_nucleus,3689,rna_type,sum,1221514.0
b214652b,actin,DMSO,3,pseudo_nucleus,3689,rna_type,mean,331.123339658444
b214652b,actin,DMSO,3,pseudo_nucleus,3689,rna_type,median,293.0
b214652b,actin,DMSO,3,cytoplasm,112450,granule,sum,101805845.0
b214652b,actin,DMSO,3,cytoplasm,112450,granule,mean,905.3432192085371
b214652b,actin,DMSO,3,cytoplasm,112450,granule,median,742.0
b214652b,actin,DMSO,3,cytoplasm,112450,pla,sum,84804315.0
b214652b,actin,DMSO,3,cytoplasm,112450,pla,mean,754.1513116940863
b214652b,actin,DMSO,3,cytoplasm,112450,pla,median,621.0
b214652b,actin,DMSO,3,cytoplasm,112450,rna_type,sum,32701730.0
b214652b,actin,DMSO,3,cytoplasm,112450,rna_type,mean,290.81129390840374
b214652b,actin,DMSO,3,cytoplasm,112450,rna_type,median,253.0
b214652b,actin,DMSO,3,nucleo_cytoplasm,113712,granule,sum,103301056.0
b214652b,actin,DMSO,3,nucleo_cytoplasm,113712,granule,mean,908.4446320529056
b214652b,actin,DMSO,3,nucleo_cytoplasm,113712,granule,median,745.0
b214652b,actin,DMSO,3,nucleo_cytoplasm,113712,pla,sum,85767237.0
b214652b,actin,DMSO,3,nucleo_cytoplasm,113712,pla,mean,754.249657028282
b214652b,actin,DMSO,3,nucleo_cytoplasm,113712,pla,median,621.0
b214652b,actin,DMSO,3,nucleo_cytoplasm,113712,rna_type,sum,33065151.0
b214652b,actin,DMSO,3,nucleo_cytoplasm,113712,rna_type,mean,290.77978577458845
b214652b,actin,DMSO,3,nucleo_cytoplasm,113712,rna_type,median,253.0
33d4946c,actin,CHX,22,granule,5302,granule,sum,14350789.0
33d4946c,actin,CHX,22,granule,5302,granule,mean,2706.674651075066
33d4946c,actin,CHX,22,granule,5302,granule,median,2467.5
33d4946c,actin,CHX,22,granule,5302,pla,sum,13214557.0
33d4946c,actin,CHX,22,granule,5302,pla,mean,2492.3721237268956
33d4946c,actin,CHX,22,granule,5302,pla,median,2320.0
33d4946c,actin,CHX,22,granule,5302,rna_type,sum,5291965.0
33d4946c,actin,CHX,22,granule,5302,rna_type,mean,998.1073179932101
33d4946c,actin,CHX,22,granule,5302,rna_type,median,801.0
33d4946c,actin,CHX,22,cell,107611,granule,sum,106526087.0
33d4946c,actin,CHX,22,cell,107611,granule,mean,989.9181960951947
33d4946c,actin,CHX,22,cell,107611,granule,median,751.0
33d4946c,actin,CHX,22,cell,107611,pla,sum,225564849.0
33d4946c,actin,CHX,22,cell,107611,pla,mean,2096.113306260512
33d4946c,actin,CHX,22,cell,107611,pla,median,1925.0
33d4946c,actin,CHX,22,cell,107611,rna_type,sum,93821698.0
33d4946c,actin,CHX,22,cell,107611,rna_type,mean,871.8597355288957
33d4946c,actin,CHX,22,cell,107611,rna_type,median,672.0
33d4946c,actin,CHX,22,granule_periphery,16829,granule,sum,23505296.0
33d4946c,actin,CHX,22,granule_periphery,16829,granule,mean,1396.7137679006478
33d4946c,actin,CHX,22,granule_periphery,16829,granule,median,1227.0
33d4946c,actin,CHX,22,granule_periphery,16829,pla,sum,40010270.0
33d4946c,actin,CHX,22,granule_periphery,16829,pla,mean,2377.4597421118306
33d4946c,actin,CHX,22,granule_periphery,16829,pla,median,2227.0
33d4946c,actin,CHX,22,granule_periphery,16829,rna_type,sum,15738378.0
33d4946c,actin,CHX,22,granule_periphery,16829,rna_type,mean,935.1938914968209
33d4946c,actin,CHX,22,granule_periphery,16829,rna_type,median,746.0
33d4946c,actin,CHX,22,pseudo_nucleus,32858,granule,sum,45922548.0
33d4946c,actin,CHX,22,pseudo_nucleus,32858,granule,mean,1397.606305922454
33d4946c,actin,CHX,22,pseudo_nucleus,32858,granule,median,1155.0
33d4946c,actin,CHX,22,pseudo_nucleus,32858,pla,sum,80454756.0
33d4946c,actin,CHX,22,pseudo_nucleus,32858,pla,mean,2448.559133240002
33d4946c,actin,CHX,22,pseudo_nucleus,32858,pla,median,2289.0
33d4946c,actin,CHX,22,pseudo_nucleus,32858,rna_type,sum,29724608.0
33d4946c,actin,CHX,22,pseudo_nucleus,32858,rna_type,mean,904.6383833465214
33d4946c,actin,CHX,22,pseudo_nucleus,32858,rna_type,median,714.0
33d4946c,actin,CHX,22,cytoplasm,66699,granule,sum,48368651.0
33d4946c,actin,CHX,22,cytoplasm,66699,granule,mean,725.1780536439827
33d4946c,actin,CHX,22,cytoplasm,66699,granule,median,562.0
33d4946c,actin,CHX,22,cytoplasm,66699,pla,sum,126281832.0
33d4946c,actin,CHX,22,cytoplasm,66699,pla,mean,1893.3092250258624
33d4946c,actin,CHX,22,cytoplasm,66699,pla,median,1712.0
33d4946c,actin,CHX,22,cytoplasm,66699,rna_type,sum,56150821.0
33d4946c,actin,CHX,22,cytoplasm,66699,rna_type,mean,841.8540158023359
33d4946c,actin,CHX,22,cytoplasm,66699,rna_type,median,639.0
33d4946c,actin,CHX,22,nucleo_cytoplasm,85573,granule,sum,68734975.0
33d4946c,actin,CHX,22,nucleo_cytoplasm,85573,granule,mean,803.2320358056863
33d4946c,actin,CHX,22,nucleo_cytoplasm,85573,granule,median,632.0
33d4946c,actin,CHX,22,nucleo_cytoplasm,85573,pla,sum,172552005.0
33d4946c,actin,CHX,22,nucleo_cytoplasm,85573,pla,mean,2016.4304745655757
33d4946c,actin,CHX,22,nucleo_cytoplasm,85573,pla,median,1840.0
33d4946c,actin,CHX,22,nucleo_cytoplasm,85573,rna_type,sum,72883086.0
33d4946c,actin,CHX,22,nucleo_cytoplasm,85573,rna_type,mean,851.7065663234899
33d4946c,actin,CHX,22,nucleo_cytoplasm,85573,rna_type,median,651.0
cb1b03b3,actin,PatA,2,granule,11471,granule,sum,83755168.0
cb1b03b3,actin,PatA,2,granule,11471,granule,mean,7301.470490802894
cb1b03b3,actin,PatA,2,granule,11471,granule,median,7252.0
cb1b03b3,actin,PatA,2,granule,11471,pla,sum,31541997.0
cb1b03b3,actin,PatA,2,granule,11471,pla,mean,2749.7164153081685
cb1b03b3,actin,PatA,2,granule,11471,pla,median,2620.0
cb1b03b3,actin,PatA,2,granule,11471,rna_type,sum,16334520.0
cb1b03b3,actin,PatA,2,granule,11471,rna_type,mean,1423.98395955017
cb1b03b3,actin,PatA,2,granule,11471,rna_type,median,1206.0
cb1b03b3,actin,PatA,2,cell,67202,granule,sum,159726390.0
cb1b03b3,actin,PatA,2,cell,67202,granule,mean,2376.8100651766317
cb1b03b3,actin,PatA,2,cell,67202,granule,median,1328.0
cb1b03b3,actin,PatA,2,cell,67202,pla,sum,169324453.0
cb1b03b3,actin,PatA,2,cell,67202,pla,mean,2519.634132912711
cb1b03b3,actin,PatA,2,cell,67202,pla,median,2360.0
cb1b03b3,actin,PatA,2,cell,67202,rna_type,sum,78650183.0
cb1b03b3,actin,PatA,2,cell,67202,rna_type,mean,1170.3547959882146
cb1b03b3,actin,PatA,2,cell,67202,rna_type,median,956.0
cb1b03b3,actin,PatA,2,granule_periphery,14445,granule,sum,30045823.0
cb1b03b3,actin,PatA,2,granule_periphery,14445,granule,mean,2080.0154378677744
cb1b03b3,actin,PatA,2,granule_periphery,14445,granule,median,1747.0
cb1b03b3,actin,PatA,2,granule_periphery,14445,pla,sum,38026375.0
cb1b03b3,actin,PatA,2,granule_periphery,14445,pla,mean,2632.4939425406715
cb1b03b3,actin,PatA,2,granule_periphery,14445,pla,median,2457.0
cb1b03b3,actin,PatA,2,granule_periphery,14445,rna_type,sum,17440552.0
cb1b03b3,actin,PatA,2,granule_periphery,14445,rna_type,mean,1207.3763932156455
cb1b03b3,actin,PatA,2,granule_periphery,14445,rna_type,median,996.0
cb1b03b3,actin,PatA,2,pseudo_nucleus,25047,granule,sum,70608182.0
cb1b03b3,actin,PatA,2,pseudo_nucleus,25047,granule,mean,2819.0275082844255
cb1b03b3,actin,PatA,2,pseudo_nucleus,25047,granule,median,1565.0
cb1b03b3,actin,PatA,2,pseudo_nucleus,25047,pla,sum,62072259.0
cb1b03b3,actin,PatA,2,pseudo_nucleus,25047,pla,mean,2478.231285183854
cb1b03b3,actin,PatA,2,pseudo_nucleus,25047,pla,median,2290.0
cb1b03b3,actin,PatA,2,pseudo_nucleus,25047,rna_type,sum,29261123.0
cb1b03b3,actin,PatA,2,pseudo_nucleus,25047,rna_type,mean,1168.2486126082963
cb1b03b3,actin,PatA,2,pseudo_nucleus,25047,rna_type,median,946.0
cb1b03b3,actin,PatA,2,cytoplasm,29405,granule,sum,32362779.0
cb1b03b3,actin,PatA,2,cytoplasm,29405,granule,mean,1100.5876211528653
cb1b03b3,actin,PatA,2,cytoplasm,29405,granule,median,921.0
cb1b03b3,actin,PatA,2,cytoplasm,29405,pla,sum,72561150.0
cb1b03b3,actin,PatA,2,cytoplasm,29405,pla,mean,2467.646658731508
cb1b03b3,actin,PatA,2,cytoplasm,29405,pla,median,2329.0
cb1b03b3,actin,PatA,2,cytoplasm,29405,rna_type,sum,32413659.0
cb1b03b3,actin,PatA,2,cytoplasm,29405,rna_type,mean,1102.317939125999
cb1b03b3,actin,PatA,2,cytoplasm,29405,rna_type,median,901.0
cb1b03b3,actin,PatA,2,nucleo_cytoplasm,41396,granule,sum,46046441.0
cb1b03b3,actin,PatA,2,nucleo_cytoplasm,41396,granule,mean,1112.3403468934196
cb1b03b3,actin,PatA,2,nucleo_cytoplasm,41396,granule,median,928.5
cb1b03b3,actin,PatA,2,nucleo_cytoplasm,41396,pla,sum,100020373.0
cb1b03b3,actin,PatA,2,nucleo_cytoplasm,41396,pla,mean,2416.184486423809
cb1b03b3,actin,PatA,2,nucleo_cytoplasm,41396,pla,median,2268.0
cb1b03b3,actin,PatA,2,nucleo_cytoplasm,41396,rna_type,sum,44978384.0
cb1b03b3,actin,PatA,2,nucleo_cytoplasm,41396,rna_type,mean,1086.5393757851
cb1b03b3,actin,PatA,2,nucleo_cytoplasm,41396,rna_type,median,880.0
fb199c38,vasa,CHX,5,granule,5912,granule,sum,90336950.0
fb199c38,vasa,CHX,5,granule,5912,granule,mean,15280.268944519621
fb199c38,vasa,CHX,5,granule,5912,granule,median,13714.5
fb199c38,vasa,CHX,5,granule,5912,pla,sum,8464421.0
fb199c38,vasa,CHX,5,granule,5912,pla,mean,1431.7356224627877
fb199c38,vasa,CHX,5,granule,5912,pla,median,1289.0
fb199c38,vasa,CHX,5,granule,5912,rna_type,sum,9429238.0
fb199c38,vasa,CHX,5,granule,5912,rna_type,mean,1594.93200270636
fb199c38,vasa,CHX,5,granule,5912,rna_type,median,1205.0
fb199c38,vasa,CHX,5,cell,103666,granule,sum,301152586.0
fb199c38,vasa,CHX,5,cell,103666,granule,mean,2905.027550016399
fb199c38,vasa,CHX,5,cell,103666,granule,median,1739.0
fb199c38,vasa,CHX,5,cell,103666,pla,sum,134717420.0
fb199c38,vasa,CHX,5,cell,103666,pla,mean,1299.533308895877
fb199c38,vasa,CHX,5,cell,103666,pla,median,1174.0
fb199c38,vasa,CHX,5,cell,103666,rna_type,sum,108776572.0
fb199c38,vasa,CHX,5,cell,103666,rna_type,mean,1049.2984392182586
fb199c38,vasa,CHX,5,cell,103666,rna_type,median,820.0
fb199c38,vasa,CHX,5,granule_periphery,14902,granule,sum,69163508.0
fb199c38,vasa,CHX,5,granule_periphery,14902,granule,mean,4641.223191517917
fb199c38,vasa,CHX,5,granule_periphery,14902,granule,median,4247.0
fb199c38,vasa,CHX,5,granule_periphery,14902,pla,sum,20176768.0
fb199c38,vasa,CHX,5,granule_periphery,14902,pla,mean,1353.9637632532547
fb199c38,vasa,CHX,5,granule_periphery,14902,pla,median,1221.0
fb199c38,vasa,CHX,5,granule_periphery,14902,rna_type,sum,18483776.0
fb199c38,vasa,CHX,5,granule_periphery,14902,rna_type,mean,1240.3553885384513
fb199c38,vasa,CHX,5,granule_periphery,14902,rna_type,median,979.0
fb199c38,vasa,CHX,5,pseudo_nucleus,24330,granule,sum,127521175.0
fb199c38,vasa,CHX,5,pseudo_nucleus,24330,granule,mean,5241.314221126182
fb199c38,vasa,CHX,5,pseudo_nucleus,24330,granule,median,3927.0
fb199c38,vasa,CHX,5,pseudo_nucleus,24330,pla,sum,28532156.0
fb199c38,vasa,CHX,5,pseudo_nucleus,24330,pla,mean,1172.715002055076
fb199c38,vasa,CHX,5,pseudo_nucleus,24330,pla,median,1052.0
fb199c38,vasa,CHX,5,pseudo_nucleus,24330,rna_type,sum,22481890.0
fb199c38,vasa,CHX,5,pseudo_nucleus,24330,rna_type,mean,924.0398684751336
fb199c38,vasa,CHX,5,pseudo_nucleus,24330,rna_type,median,753.0
fb199c38,vasa,CHX,5,cytoplasm,69611,granule,sum,98191383.0
fb199c38,vasa,CHX,5,cytoplasm,69611,granule,mean,1410.5727974027093
fb199c38,vasa,CHX,5,cytoplasm,69611,granule,median,1198.0
fb199c38,vasa,CHX,5,cytoplasm,69611,pla,sum,91388718.0
fb199c38,vasa,CHX,5,cytoplasm,69611,pla,mean,1312.848802631768
fb199c38,vasa,CHX,5,cytoplasm,69611,pla,median,1192.0
fb199c38,vasa,CHX,5,cytoplasm,69611,rna_type,sum,70189445.0
fb199c38,vasa,CHX,5,cytoplasm,69611,rna_type,mean,1008.3096780681215
fb199c38,vasa,CHX,5,cytoplasm,69611,rna_type,median,794.0
fb199c38,vasa,CHX,5,nucleo_cytoplasm,82852,granule,sum,141652128.0
fb199c38,vasa,CHX,5,nucleo_cytoplasm,82852,granule,mean,1709.700767633853
fb199c38,vasa,CHX,5,nucleo_cytoplasm,82852,granule,median,1389.0
fb199c38,vasa,CHX,5,nucleo_cytoplasm,82852,pla,sum,106076231.0
fb199c38,vasa,CHX,5,nucleo_cytoplasm,82852,pla,mean,1280.3098416453436
fb199c38,vasa,CHX,5,nucleo_cytoplasm,82852,pla,median,1158.0
fb199c38,vasa,CHX,5,nucleo_cytoplasm,82852,rna_type,sum,80863558.0
fb199c38,vasa,CHX,5,nucleo_cytoplasm,82852,rna_type,mean,976.000072418288
fb199c38,vasa,CHX,5,nucleo_cytoplasm,82852,rna_type,median,770.0
616c327f,actin,CHX,13,granule,4051,granule,sum,30615294.0
616c327f,actin,CHX,13,granule,4051,granule,mean,7557.465810910886
616c327f,actin,CHX,13,granule,4051,granule,median,7068.0
616c327f,actin,CHX,13,granule,4051,pla,sum,7291121.0
616c327f,actin,CHX,13,granule,4051,pla,mean,1799.8323870649222
616c327f,actin,CHX,13,granule,4051,pla,median,1640.0
616c327f,actin,CHX,13,granule,4051,rna_type,sum,6888498.0
616c327f,actin,CHX,13,granule,4051,rna_type,mean,1700.443841026907
616c327f,actin,CHX,13,granule,4051,rna_type,median,1509.0
616c327f,actin,CHX,13,cell,127036,granule,sum,194321236.0
616c327f,actin,CHX,13,cell,127036,granule,mean,1529.654869485815
616c327f,actin,CHX,13,cell,127036,granule,median,1060.0
616c327f,actin,CHX,13,cell,127036,pla,sum,223124004.0
616c327f,actin,CHX,13,cell,127036,pla,mean,1756.3840486161403
616c327f,actin,CHX,13,cell,127036,pla,median,1594.0
616c327f,actin,CHX,13,cell,127036,rna_type,sum,223399230.0
616c327f,actin,CHX,13,cell,127036,rna_type,mean,1758.5505683428319
616c327f,actin,CHX,13,cell,127036,rna_type,median,1520.0
616c327f,actin,CHX,13,granule_periphery,12944,granule,sum,41256347.0
616c327f,actin,CHX,13,granule_periphery,12944,granule,mean,3187.295040173053
616c327f,actin,CHX,13,granule_periphery,12944,granule,median,2911.5
616c327f,actin,CHX,13,granule_periphery,12944,pla,sum,22842692.0
616c327f,actin,CHX,13,granule_periphery,12944,pla,mean,1764.7320766378245
616c327f,actin,CHX,13,granule_periphery,12944,pla,median,1608.5
616c327f,actin,CHX,13,granule_periphery,12944,rna_type,sum,21763204.0
616c327f,actin,CHX,13,granule_periphery,12944,rna_type,mean,1681.3352904820767
616c327f,actin,CHX,13,granule_periphery,12944,rna_type,median,1479.5
616c327f,actin,CHX,13,pseudo_nucleus,17326,granule,sum,55098304.0
616c327f,actin,CHX,13,pseudo_nucleus,17326,granule,mean,3180.093731963523
616c327f,actin,CHX,13,pseudo_nucleus,17326,granule,median,2431.0
616c327f,actin,CHX,13,pseudo_nucleus,17326,pla,sum,29662153.0
616c327f,actin,CHX,13,pseudo_nucleus,17326,pla,mean,1712.0023663857785
616c327f,actin,CHX,13,pseudo_nucleus,17326,pla,median,1555.0
616c327f,actin,CHX,13,pseudo_nucleus,17326,rna_type,sum,28595780.0
616c327f,actin,CHX,13,pseudo_nucleus,17326,rna_type,mean,1650.4548078033015
616c327f,actin,CHX,13,pseudo_nucleus,17326,rna_type,median,1454.0
616c327f,actin,CHX,13,cytoplasm,102232,granule,sum,109172073.0
616c327f,actin,CHX,13,cytoplasm,102232,granule,mean,1067.8855250802096
616c327f,actin,CHX,13,cytoplasm,102232,granule,median,881.0
616c327f,actin,CHX,13,cytoplasm,102232,pla,sum,179818606.0
616c327f,actin,CHX,13,cytoplasm,102232,pla,mean,1758.9268135221848
616c327f,actin,CHX,13,cytoplasm,102232,pla,median,1596.0
616c327f,actin,CHX,13,cytoplasm,102232,rna_type,sum,182085345.0
616c327f,actin,CHX,13,cytoplasm,102232,rna_type,mean,1781.0993133265513
616c327f,actin,CHX,13,cytoplasm,102232,rna_type,median,1533.0
616c327f,actin,CHX,13,nucleo_cytoplasm,110041,granule,sum,122449595.0
616c327f,actin,CHX,13,nucleo_cytoplasm,110041,granule,mean,1112.7633791041521
616c327f,actin,CHX,13,nucleo_cytoplasm,110041,granule,median,917.0
616c327f,actin,CHX,13,nucleo_cytoplasm,110041,pla,sum,192990191.0
616c327f,actin,CHX,13,nucleo_cytoplasm,110041,pla,mean,1753.8025917612526
616c327f,actin,CHX,13,nucleo_cytoplasm,110041,pla,median,1590.0
616c327f,actin,CHX,13,nucleo_cytoplasm,110041,rna_type,sum,194747528.0
616c327f,actin,CHX,13,nucleo_cytoplasm,110041,rna_type,mean,1769.772430275988
616c327f,actin,CHX,13,nucleo_cytoplasm,110041,rna_type,median,1525.0
59040d4d,vasa,PatA,12,granule,6268,granule,sum,83661467.0
59040d4d,vasa,PatA,12,granule,6268,granule,mean,13347.394224633057
59040d4d,vasa,PatA,12,granule,6268,granule,median,11548.0
59040d4d,vasa,PatA,12,granule,6268,pla,sum,6620724.0
59040d4d,vasa,PatA,12,granule,6268,pla,mean,1056.2737715379706
59040d4d,vasa,PatA,12,granule,6268,pla,median,931.0
59040d4d,vasa,PatA,12,granule,6268,rna_type,sum,5651309.0
59040d4d,vasa,PatA,12,granule,6268,rna_type,mean,901.6127951499681
59040d4d,vasa,PatA,12,granule,6268,rna_type,median,724.0
59040d4d,vasa,PatA,12,cell,106336,granule,sum,261524319.0
59040d4d,vasa,PatA,12,cell,106336,granule,mean,2459.414676120975
59040d4d,vasa,PatA,12,cell,106336,granule,median,1458.0
59040d4d,vasa,PatA,12,cell,106336,pla,sum,96844423.0
59040d4d,vasa,PatA,12,cell,106336,pla,mean,910.7397588775203
59040d4d,vasa,PatA,12,cell,106336,pla,median,796.0
59040d4d,vasa,PatA,12,cell,106336,rna_type,sum,62754995.0
59040d4d,vasa,PatA,12,cell,106336,rna_type,mean,590.1575665814023
59040d4d,vasa,PatA,12,cell,106336,rna_type,median,423.0
59040d4d,vasa,PatA,12,granule_periphery,11942,granule,sum,50412353.0
59040d4d,vasa,PatA,12,granule_periphery,11942,granule,mean,4221.43300954614
59040d4d,vasa,PatA,12,granule_periphery,11942,granule,median,3849.0
59040d4d,vasa,PatA,12,granule_periphery,11942,pla,sum,11717823.0
59040d4d,vasa,PatA,12,granule_periphery,11942,pla,mean,981.2278512811924
59040d4d,vasa,PatA,12,granule_periphery,11942,pla,median,868.5
59040d4d,vasa,PatA,12,granule_periphery,11942,rna_type,sum,9354826.0
59040d4d,vasa,PatA,12,granule_periphery,11942,rna_type,mean,783.3550494054597
59040d4d,vasa,PatA,12,granule_periphery,11942,rna_type,median,566.0
59040d4d,vasa,PatA,12,pseudo_nucleus,19747,granule,sum,88084989.0
59040d4d,vasa,PatA,12,pseudo_nucleus,19747,granule,mean,4460.677014230009
59040d4d,vasa,PatA,12,pseudo_nucleus,19747,granule,median,2858.0
59040d4d,vasa,PatA,12,pseudo_nucleus,19747,pla,sum,18394516.0
59040d4d,vasa,PatA,12,pseudo_nucleus,19747,pla,mean,931.5093938319744
59040d4d,vasa,PatA,12,pseudo_nucleus,19747,pla,median,827.0
59040d4d,vasa,PatA,12,pseudo_nucleus,19747,rna_type,sum,12741713.0
59040d4d,vasa,PatA,12,pseudo_nucleus,19747,rna_type,mean,645.2480376766091
59040d4d,vasa,PatA,12,pseudo_nucleus,19747,rna_type,median,498.0
59040d4d,vasa,PatA,12,cytoplasm,76556,granule,sum,101748990.0
59040d4d,vasa,PatA,12,cytoplasm,76556,granule,mean,1329.0792361147396
59040d4d,vasa,PatA,12,cytoplasm,76556,granule,median,1116.0
59040d4d,vasa,PatA,12,cytoplasm,76556,pla,sum,67965234.0
59040d4d,vasa,PatA,12,cytoplasm,76556,pla,mean,887.7845498719892
59040d4d,vasa,PatA,12,cytoplasm,76556,pla,median,773.0
59040d4d,vasa,PatA,12,cytoplasm,76556,rna_type,sum,40587250.0
59040d4d,vasa,PatA,12,cytoplasm,76556,rna_type,mean,530.1641935315324
59040d4d,vasa,PatA,12,cytoplasm,76556,rna_type,median,376.0
59040d4d,vasa,PatA,12,nucleo_cytoplasm,88126,granule,sum,127450499.0
59040d4d,vasa,PatA,12,nucleo_cytoplasm,88126,granule,mean,1446.2303860381726
59040d4d,vasa,PatA,12,nucleo_cytoplasm,88126,granule,median,1212.0
59040d4d,vasa,PatA,12,nucleo_cytoplasm,88126,pla,sum,78505876.0
59040d4d,vasa,PatA,12,nucleo_cytoplasm,88126,pla,mean,890.8367110727821
59040d4d,vasa,PatA,12,nucleo_cytoplasm,88126,pla,median,777.0
59040d4d,vasa,PatA,12,nucleo_cytoplasm,88126,rna_type,sum,47748860.0
59040d4d,vasa,PatA,12,nucleo_cytoplasm,88126,rna_type,mean,541.8248870934798
59040d4d,vasa,PatA,12,nucleo_cytoplasm,88126,rna_type,median,389.0
58ca37e8,actin,PatA,7,granule,5125,granule,sum,114543068.0
58ca37e8,actin,PatA,7,granule,5125,granule,mean,22349.86692682927
58ca37e8,actin,PatA,7,granule,5125,granule,median,20293.0
58ca37e8,actin,PatA,7,granule,5125,pla,sum,3840140.0
58ca37e8,actin,PatA,7,granule,5125,pla,mean,749.2956097560975
58ca37e8,actin,PatA,7,granule,5125,pla,median,686.0
58ca37e8,actin,PatA,7,granule,5125,rna_type,sum,6610042.0
58ca37e8,actin,PatA,7,granule,5125,rna_type,mean,1289.764292682927
58ca37e8,actin,PatA,7,granule,5125,rna_type,median,1065.0
58ca37e8,actin,PatA,7,cell,112168,granule,sum,346607772.0
58ca37e8,actin,PatA,7,cell,112168,granule,mean,3090.077134298552
58ca37e8,actin,PatA,7,cell,112168,granule,median,1510.0
58ca37e8,actin,PatA,7,cell,112168,pla,sum,70345527.0
58ca37e8,actin,PatA,7,cell,112168,pla,mean,627.1443459810284
58ca37e8,actin,PatA,7,cell,112168,pla,median,559.0
58ca37e8,actin,PatA,7,cell,112168,rna_type,sum,105914687.0
58ca37e8,actin,PatA,7,cell,112168,rna_type,mean,944.2504725055275
58ca37e8,actin,PatA,7,cell,112168,rna_type,median,729.0
58ca37e8,actin,PatA,7,granule_periphery,11387,granule,sum,73820670.0
58ca37e8,actin,PatA,7,granule_periphery,11387,granule,mean,6482.890137876526
58ca37e8,actin,PatA,7,granule_periphery,11387,granule,median,5880.0
58ca37e8,actin,PatA,7,granule_periphery,11387,pla,sum,7954840.0
58ca37e8,actin,PatA,7,granule_periphery,11387,pla,mean,698.5896197418108
58ca37e8,actin,PatA,7,granule_periphery,11387,pla,median,631.0
58ca37e8,actin,PatA,7,granule_periphery,11387,rna_type,sum,12565272.0
58ca37e8,actin,PatA,7,granule_periphery,11387,rna_type,mean,1103.475191007289
58ca37e8,actin,PatA,7,granule_periphery,11387,rna_type,median,891.0
58ca37e8,actin,PatA,7,pseudo_nucleus,22739,granule,sum,128486796.0
58ca37e8,actin,PatA,7,pseudo_nucleus,22739,granule,mean,5650.50336426404
58ca37e8,actin,PatA,7,pseudo_nucleus,22739,granule,median,3360.0
58ca37e8,actin,PatA,7,pseudo_nucleus,22739,pla,sum,13906808.0
58ca37e8,actin,PatA,7,pseudo_nucleus,22739,pla,mean,611.5839746690708
58ca37e8,actin,PatA,7,pseudo_nucleus,22739,pla,median,547.0
58ca37e8,actin,PatA,7,pseudo_nucleus,22739,rna_type,sum,22970452.0
58ca37e8,actin,PatA,7,pseudo_nucleus,22739,rna_type,mean,1010.1786358239149
58ca37e8,actin,PatA,7,pseudo_nucleus,22739,rna_type,median,791.0
58ca37e8,actin,PatA,7,cytoplasm,79972,granule,sum,112642332.0
58ca37e8,actin,PatA,7,cytoplasm,79972,granule,mean,1408.5221327464612
58ca37e8,actin,PatA,7,cytoplasm,79972,granule,median,1085.0
58ca37e8,actin,PatA,7,cytoplasm,79972,pla,sum,49357095.0
58ca37e8,actin,PatA,7,cytoplasm,79972,pla,mean,617.1797003951383
58ca37e8,actin,PatA,7,cytoplasm,79972,pla,median,549.0
58ca37e8,actin,PatA,7,cytoplasm,79972,rna_type,sum,71626723.0
58ca37e8,actin,PatA,7,cytoplasm,79972,rna_type,mean,895.6475141299455
58ca37e8,actin,PatA,7,cytoplasm,79972,rna_type,median,684.0
58ca37e8,actin,PatA,7,nucleo_cytoplasm,95656,granule,sum,158244034.0
58ca37e8,actin,PatA,7,nucleo_cytoplasm,95656,granule,mean,1654.303274232667
58ca37e8,actin,PatA,7,nucleo_cytoplasm,95656,granule,median,1259.0
58ca37e8,actin,PatA,7,nucleo_cytoplasm,95656,pla,sum,58550547.0
58ca37e8,actin,PatA,7,nucleo_cytoplasm,95656,pla,mean,612.0948712051518
58ca37e8,actin,PatA,7,nucleo_cytoplasm,95656,pla,median,545.0
58ca37e8,actin,PatA,7,nucleo_cytoplasm,95656,rna_type,sum,86739373.0
58ca37e8,actin,PatA,7,nucleo_cytoplasm,95656,rna_type,mean,906.7844463494188
58ca37e8,actin,PatA,7,nucleo_cytoplasm,95656,rna_type,median,694.0
0a3e38f8,vasa,CHX,14,granule,5683,granule,sum,51125752.0
0a3e38f8,vasa,CHX,14,granule,5683,granule,mean,8996.261129685026
0a3e38f8,vasa,CHX,14,granule,5683,granule,median,8551.0
0a3e38f8,vasa,CHX,14,granule,5683,pla,sum,10662529.0
0a3e38f8,vasa,CHX,14,granule,5683,pla,mean,1876.2148513109273
0a3e38f8,vasa,CHX,14,granule,5683,pla,median,1673.0
0a3e38f8,vasa,CHX,14,granule,5683,rna_type,sum,17556150.0
0a3e38f8,vasa,CHX,14,granule,5683,rna_type,mean,3089.2398381136722
0a3e38f8,vasa,CHX,14,granule,5683,rna_type,median,2646.0
0a3e38f8,vasa,CHX,14,cell,119604,granule,sum,171982718.0
0a3e38f8,vasa,CHX,14,cell,119604,granule,mean,1437.9345005183773
0a3e38f8,vasa,CHX,14,cell,119604,granule,median,875.0
0a3e38f8,vasa,CHX,14,cell,119604,pla,sum,179643852.0
0a3e38f8,vasa,CHX,14,cell,119604,pla,mean,1501.9886625865356
0a3e38f8,vasa,CHX,14,cell,119604,pla,median,1304.0
0a3e38f8,vasa,CHX,14,cell,119604,rna_type,sum,239283599.0
0a3e38f8,vasa,CHX,14,cell,119604,rna_type,mean,2000.6320775224908
0a3e38f8,vasa,CHX,14,cell,119604,rna_type,median,1596.0
0a3e38f8,vasa,CHX,14,granule_periphery,11335,granule,sum,22560178.0
0a3e38f8,vasa,CHX,14,granule_periphery,11335,granule,mean,1990.3112483458315
0a3e38f8,vasa,CHX,14,granule_periphery,11335,granule,median,1680.0
0a3e38f8,vasa,CHX,14,granule_periphery,11335,pla,sum,18261759.0
0a3e38f8,vasa,CHX,14,granule_periphery,11335,pla,mean,1611.0947507719452
0a3e38f8,vasa,CHX,14,granule_periphery,11335,pla,median,1376.0
0a3e38f8,vasa,CHX,14,granule_periphery,11335,rna_type,sum,26399978.0
0a3e38f8,vasa,CHX,14,granule_periphery,11335,rna_type,mean,2329.0673136303485
0a3e38f8,vasa,CHX,14,granule_periphery,11335,rna_type,median,1834.0
0a3e38f8,vasa,CHX,14,pseudo_nucleus,26974,granule,sum,48640146.0
0a3e38f8,vasa,CHX,14,pseudo_nucleus,26974,granule,mean,1803.2233261659376
0a3e38f8,vasa,CHX,14,pseudo_nucleus,26974,granule,median,1143.5
0a3e38f8,vasa,CHX,14,pseudo_nucleus,26974,pla,sum,34402275.0
0a3e38f8,vasa,CHX,14,pseudo_nucleus,26974,pla,mean,1275.3864832801958
0a3e38f8,vasa,CHX,14,pseudo_nucleus,26974,pla,median,1126.0
0a3e38f8,vasa,CHX,14,pseudo_nucleus,26974,rna_type,sum,40909212.0
0a3e38f8,vasa,CHX,14,pseudo_nucleus,26974,rna_type,mean,1516.6164454660043
0a3e38f8,vasa,CHX,14,pseudo_nucleus,26974,rna_type,median,1207.0
0a3e38f8,vasa,CHX,14,cytoplasm,83549,granule,sum,77496326.0
0a3e38f8,vasa,CHX,14,cytoplasm,83549,granule,mean,927.5553986283498
0a3e38f8,vasa,CHX,14,cytoplasm,83549,granule,median,735.0
0a3e38f8,vasa,CHX,14,cytoplasm,83549,pla,sum,127750548.0
0a3e38f8,vasa,CHX,14,cytoplasm,83549,pla,mean,1529.0493961627308
0a3e38f8,vasa,CHX,14,cytoplasm,83549,pla,median,1334.0
0a3e38f8,vasa,CHX,14,cytoplasm,83549,rna_type,sum,170024861.0
0a3e38f8,vasa,CHX,14,cytoplasm,83549,rna_type,mean,2035.0316700379417
0a3e38f8,vasa,CHX,14,cytoplasm,83549,rna_type,median,1661.0
0a3e38f8,vasa,CHX,14,nucleo_cytoplasm,102586,granule,sum,98296788.0
0a3e38f8,vasa,CHX,14,nucleo_cytoplasm,102586,granule,mean,958.189109625095
0a3e38f8,vasa,CHX,14,nucleo_cytoplasm,102586,granule,median,767.0
0a3e38f8,vasa,CHX,14,nucleo_cytoplasm,102586,pla,sum,150719564.0
0a3e38f8,vasa,CHX,14,nucleo_cytoplasm,102586,pla,mean,1469.2020743571247
0a3e38f8,vasa,CHX,14,nucleo_cytoplasm,102586,pla,median,1280.0
0a3e38f8,vasa,CHX,14,nucleo_cytoplasm,102586,rna_type,sum,195327471.0
0a3e38f8,vasa,CHX,14,nucleo_cytoplasm,102586,rna_type,mean,1904.0363304934397
0a3e38f8,vasa,CHX,14,nucleo_cytoplasm,102586,rna_type,median,1527.0
e3049077,vasa,DMSO,20,granule,11287,granule,sum,139154580.0
e3049077,vasa,DMSO,20,granule,11287,granule,mean,12328.748117303092
e3049077,vasa,DMSO,20,granule,11287,granule,median,12122.0
e3049077,vasa,DMSO,20,granule,11287,pla,sum,15142805.0
e3049077,vasa,DMSO,20,granule,11287,pla,mean,1341.614689465757
e3049077,vasa,DMSO,20,granule,11287,pla,median,1195.0
e3049077,vasa,DMSO,20,granule,11287,rna_type,sum,34302031.0
e3049077,vasa,DMSO,20,granule,11287,rna_type,mean,3039.0742447062994
e3049077,vasa,DMSO,20,granule,11287,rna_type,median,2772.0
e3049077,vasa,DMSO,20,cell,154631,granule,sum,301832827.0
e3049077,vasa,DMSO,20,cell,154631,granule,mean,1951.9554746460929
e3049077,vasa,DMSO,20,cell,154631,granule,median,878.0
e3049077,vasa,DMSO,20,cell,154631,pla,sum,138185948.0
e3049077,vasa,DMSO,20,cell,154631,pla,mean,893.6497080145637
e3049077,vasa,DMSO,20,cell,154631,pla,median,753.0
e3049077,vasa,DMSO,20,cell,154631,rna_type,sum,207868672.0
e3049077,vasa,DMSO,20,cell,154631,rna_type,mean,1344.2884803176594
e3049077,vasa,DMSO,20,cell,154631,rna_type,median,1054.0
e3049077,vasa,DMSO,20,granule_periphery,12269,granule,sum,39583097.0
e3049077,vasa,DMSO,20,granule_periphery,12269,granule,mean,3226.2692150949547
e3049077,vasa,DMSO,20,granule_periphery,12269,granule,median,2801.0
e3049077,vasa,DMSO,20,granule_periphery,12269,pla,sum,14649857.0
e3049077,vasa,DMSO,20,granule_periphery,12269,pla,mean,1194.0546906838374
e3049077,vasa,DMSO,20,granule_periphery,12269,pla,median,1008.0
e3049077,vasa,DMSO,20,granule_periphery,12269,rna_type,sum,28119064.0
e3049077,vasa,DMSO,20,granule_periphery,12269,rna_type,mean,2291.8790447469232
e3049077,vasa,DMSO,20,granule_periphery,12269,rna_type,median,1899.0
e3049077,vasa,DMSO,20,pseudo_nucleus,33232,granule,sum,105849015.0
e3049077,vasa,DMSO,20,pseudo_nucleus,33232,granule,mean,3185.153316080886
e3049077,vasa,DMSO,20,pseudo_nucleus,33232,granule,median,1663.0
e3049077,vasa,DMSO,20,pseudo_nucleus,33232,pla,sum,29119398.0
e3049077,vasa,DMSO,20,pseudo_nucleus,33232,pla,mean,876.2457270101107
e3049077,vasa,DMSO,20,pseudo_nucleus,33232,pla,median,736.0
e3049077,vasa,DMSO,20,pseudo_nucleus,33232,rna_type,sum,45798147.0
e3049077,vasa,DMSO,20,pseudo_nucleus,33232,rna_type,mean,1378.1339371689937
e3049077,vasa,DMSO,20,pseudo_nucleus,33232,rna_type,median,1067.0
e3049077,vasa,DMSO,20,cytoplasm,107603,granule,sum,88769386.0
e3049077,vasa,DMSO,20,cytoplasm,107603,granule,mean,824.9712926219529
e3049077,vasa,DMSO,20,cytoplasm,107603,granule,median,613.0
e3049077,vasa,DMSO,20,cytoplasm,107603,pla,sum,90479937.0
e3049077,vasa,DMSO,20,cytoplasm,107603,pla,mean,840.8681635270392
e3049077,vasa,DMSO,20,cytoplasm,107603,pla,median,716.0
e3049077,vasa,DMSO,20,cytoplasm,107603,rna_type,sum,122040188.0
e3049077,vasa,DMSO,20,cytoplasm,107603,rna_type,mean,1134.1708688419467
e3049077,vasa,DMSO,20,cytoplasm,107603,rna_type,median,949.0
e3049077,vasa,DMSO,20,nucleo_cytoplasm,131102,granule,sum,123122474.0
e3049077,vasa,DMSO,20,nucleo_cytoplasm,131102,granule,mean,939.1349788714131
e3049077,vasa,DMSO,20,nucleo_cytoplasm,131102,granule,median,713.0
e3049077,vasa,DMSO,20,nucleo_cytoplasm,131102,pla,sum,108432495.0
e3049077,vasa,DMSO,20,nucleo_cytoplasm,131102,pla,mean,827.084979634178
e3049077,vasa,DMSO,20,nucleo_cytoplasm,131102,pla,median,703.0
e3049077,vasa,DMSO,20,nucleo_cytoplasm,131102,rna_type,sum,145511854.0
e3049077,vasa,DMSO,20,nucleo_cytoplasm,131102,rna_type,mean,1109.9133041448642
e3049077,vasa,DMSO,20,nucleo_cytoplasm,131102,rna_type,median,927.0
90152a1f,actin,DMSO,11,granule,7289,granule,sum,215236169.0
90152a1f,actin,DMSO,11,granule,7289,granule,mean,29528.902318562217
90152a1f,actin,DMSO,11,granule,7289,granule,median,26144.0
90152a1f,actin,DMSO,11,granule,7289,pla,sum,13955081.0
90152a1f,actin,DMSO,11,granule,7289,pla,mean,1914.5398545753876
90152a1f,actin,DMSO,11,granule,7289,pla,median,1766.0
90152a1f,actin,DMSO,11,granule,7289,rna_type,sum,12994798.0
90152a1f,actin,DMSO,11,granule,7289,rna_type,mean,1782.7957195774454
90152a1f,actin,DMSO,11,granule,7289,rna_type,median,1526.0
90152a1f,actin,DMSO,11,cell,114215,granule,sum,475948703.0
90152a1f,actin,DMSO,11,cell,114215,granule,mean,4167.1295626669
90152a1f,actin,DMSO,11,cell,114215,granule,median,2020.0
90152a1f,actin,DMSO,11,cell,114215,pla,sum,184906268.0
90152a1f,actin,DMSO,11,cell,114215,pla,mean,1618.9315589020707
90152a1f,actin,DMSO,11,cell,114215,pla,median,1471.0
90152a1f,actin,DMSO,11,cell,114215,rna_type,sum,156701628.0
90152a1f,actin,DMSO,11,cell,114215,rna_type,mean,1371.9881626756555
90152a1f,actin,DMSO,11,cell,114215,rna_type,median,1156.0
90152a1f,actin,DMSO,11,granule_periphery,15790,granule,sum,81787489.0
90152a1f,actin,DMSO,11,granule_periphery,15790,granule,mean,5179.701646611779
90152a1f,actin,DMSO,11,granule_periphery,15790,granule,median,4454.0
90152a1f,actin,DMSO,11,granule_periphery,15790,pla,sum,26719386.0
90152a1f,actin,DMSO,11,granule_periphery,15790,pla,mean,1692.1713742875238
90152a1f,actin,DMSO,11,granule_periphery,15790,pla,median,1548.0
90152a1f,actin,DMSO,11,granule_periphery,15790,rna_type,sum,22439415.0
90152a1f,actin,DMSO,11,granule_periphery,15790,rna_type,mean,1421.115579480684
90152a1f,actin,DMSO,11,granule_periphery,15790,rna_type,median,1211.0
90152a1f,actin,DMSO,11,pseudo_nucleus,43193,granule,sum,256635479.0
90152a1f,actin,DMSO,11,pseudo_nucleus,43193,granule,mean,5941.5988470354
90152a1f,actin,DMSO,11,pseudo_nucleus,43193,granule,median,2969.0
90152a1f,actin,DMSO,11,pseudo_nucleus,43193,pla,sum,70760392.0
90152a1f,actin,DMSO,11,pseudo_nucleus,43193,pla,mean,1638.2374921862338
90152a1f,actin,DMSO,11,pseudo_nucleus,43193,pla,median,1484.0
90152a1f,actin,DMSO,11,pseudo_nucleus,43193,rna_type,sum,59304580.0
90152a1f,actin,DMSO,11,pseudo_nucleus,43193,rna_type,mean,1373.0136827726715
90152a1f,actin,DMSO,11,pseudo_nucleus,43193,rna_type,median,1159.0
90152a1f,actin,DMSO,11,cytoplasm,62492,granule,sum,106338109.0
90152a1f,actin,DMSO,11,cytoplasm,62492,granule,mean,1701.627552326698
90152a1f,actin,DMSO,11,cytoplasm,62492,granule,median,1450.0
90152a1f,actin,DMSO,11,cytoplasm,62492,pla,sum,98891200.0
90152a1f,actin,DMSO,11,cytoplasm,62492,pla,mean,1582.4617551046533
90152a1f,actin,DMSO,11,cytoplasm,62492,pla,median,1440.0
90152a1f,actin,DMSO,11,cytoplasm,62492,rna_type,sum,83899561.0
90152a1f,actin,DMSO,11,cytoplasm,62492,rna_type,mean,1342.56482429751
90152a1f,actin,DMSO,11,cytoplasm,62492,rna_type,median,1128.0
90152a1f,actin,DMSO,11,nucleo_cytoplasm,91136,granule,sum,178925045.0
90152a1f,actin,DMSO,11,nucleo_cytoplasm,91136,granule,mean,1963.2751602001404
90152a1f,actin,DMSO,11,nucleo_cytoplasm,91136,granule,median,1668.0
90152a1f,actin,DMSO,11,nucleo_cytoplasm,91136,pla,sum,144231801.0
90152a1f,actin,DMSO,11,nucleo_cytoplasm,91136,pla,mean,1582.5996422928372
90152a1f,actin,DMSO,11,nucleo_cytoplasm,91136,pla,median,1437.0
90152a1f,actin,DMSO,11,nucleo_cytoplasm,91136,rna_type,sum,121267415.0
90152a1f,actin,DMSO,11,nucleo_cytoplasm,91136,rna_type,mean,1330.6203366397472
90152a1f,actin,DMSO,11,nucleo_cytoplasm,91136,rna_type,median,1119.0
9f4fabb2,actin,DMSO,24,granule,6391,granule,sum,49608900.0
9f4fabb2,actin,DMSO,24,granule,6391,granule,mean,7762.3063683304645
9f4fabb2,actin,DMSO,24,granule,6391,granule,median,7308.0
9f4fabb2,actin,DMSO,24,granule,6391,pla,sum,8861831.0
9f4fabb2,actin,DMSO,24,granule,6391,pla,mean,1386.6110154905336
9f4fabb2,actin,DMSO,24,granule,6391,pla,median,1254.0
9f4fabb2,actin,DMSO,24,granule,6391,rna_type,sum,9284440.0
9f4fabb2,actin,DMSO,24,granule,6391,rna_type,mean,1452.736660929432
9f4fabb2,actin,DMSO,24,granule,6391,rna_type,median,1204.0
9f4fabb2,actin,DMSO,24,cell,137300,granule,sum,176480533.0
9f4fabb2,actin,DMSO,24,cell,137300,granule,mean,1285.3644064093226
9f4fabb2,actin,DMSO,24,cell,137300,granule,median,794.0
9f4fabb2,actin,DMSO,24,cell,137300,pla,sum,164108484.0
9f4fabb2,actin,DMSO,24,cell,137300,pla,mean,1195.2547997086672
9f4fabb2,actin,DMSO,24,cell,137300,pla,median,1062.0
9f4fabb2,actin,DMSO,24,cell,137300,rna_type,sum,152528800.0
9f4fabb2,actin,DMSO,24,cell,137300,rna_type,mean,1110.9162418062638
9f4fabb2,actin,DMSO,24,cell,137300,rna_type,median,908.0
9f4fabb2,actin,DMSO,24,granule_periphery,12555,granule,sum,24310803.0
9f4fabb2,actin,DMSO,24,granule_periphery,12555,granule,mean,1936.3443249701313
9f4fabb2,actin,DMSO,24,granule_periphery,12555,granule,median,1634.0
9f4fabb2,actin,DMSO,24,granule_periphery,12555,pla,sum,15352528.0
9f4fabb2,actin,DMSO,24,granule_periphery,12555,pla,mean,1222.8218239745122
9f4fabb2,actin,DMSO,24,granule_periphery,12555,pla,median,1085.0
9f4fabb2,actin,DMSO,24,granule_periphery,12555,rna_type,sum,14246006.0
9f4fabb2,actin,DMSO,24,granule_periphery,12555,rna_type,mean,1134.6878534448426
9f4fabb2,actin,DMSO,24,granule_periphery,12555,rna_type,median,927.0
9f4fabb2,actin,DMSO,24,pseudo_nucleus,25636,granule,sum,53703188.0
9f4fabb2,actin,DMSO,24,pseudo_nucleus,25636,granule,mean,2094.8349196442505
9f4fabb2,actin,DMSO,24,pseudo_nucleus,25636,granule,median,1265.0
9f4fabb2,actin,DMSO,24,pseudo_nucleus,25636,pla,sum,31730366.0
9f4fabb2,actin,DMSO,24,pseudo_nucleus,25636,pla,mean,1237.7268684662195
9f4fabb2,actin,DMSO,24,pseudo_nucleus,25636,pla,median,1100.0
9f4fabb2,actin,DMSO,24,pseudo_nucleus,25636,rna_type,sum,29598544.0
9f4fabb2,actin,DMSO,24,pseudo_nucleus,25636,rna_type,mean,1154.5695116242784
9f4fabb2,actin,DMSO,24,pseudo_nucleus,25636,rna_type,median,942.0
9f4fabb2,actin,DMSO,24,cytoplasm,102471,granule,sum,85151782.0
9f4fabb2,actin,DMSO,24,cytoplasm,102471,granule,mean,830.9842004079203
9f4fabb2,actin,DMSO,24,cytoplasm,102471,granule,median,662.0
9f4fabb2,actin,DMSO,24,cytoplasm,102471,pla,sum,120708899.0
9f4fabb2,actin,DMSO,24,cytoplasm,102471,pla,mean,1177.981077573167
9f4fabb2,actin,DMSO,24,cytoplasm,102471,pla,median,1044.0
9f4fabb2,actin,DMSO,24,cytoplasm,102471,rna_type,sum,111646505.0
9f4fabb2,actin,DMSO,24,cytoplasm,102471,rna_type,mean,1089.5424559143562
9f4fabb2,actin,DMSO,24,cytoplasm,102471,rna_type,median,890.0
9f4fabb2,actin,DMSO,24,nucleo_cytoplasm,118354,granule,sum,102560830.0
9f4fabb2,actin,DMSO,24,nucleo_cytoplasm,118354,granule,mean,866.5598965814421
9f4fabb2,actin,DMSO,24,nucleo_cytoplasm,118354,granule,median,692.0
9f4fabb2,actin,DMSO,24,nucleo_cytoplasm,118354,pla,sum,139894125.0
9f4fabb2,actin,DMSO,24,nucleo_cytoplasm,118354,pla,mean,1181.9974398837387
9f4fabb2,actin,DMSO,24,nucleo_cytoplasm,118354,pla,median,1050.0
9f4fabb2,actin,DMSO,24,nucleo_cytoplasm,118354,rna_type,sum,128998354.0
9f4fabb2,actin,DMSO,24,nucleo_cytoplasm,118354,rna_type,mean,1089.9365800902378
9f4fabb2,actin,DMSO,24,nucleo_cytoplasm,118354,rna_type,median,891.0
fd63ab23,vasa,CHX,10,granule,10021,granule,sum,277077567.0
fd63ab23,vasa,CHX,10,granule,10021,granule,mean,27649.692346073247
fd63ab23,vasa,CHX,10,granule,10021,granule,median,25404.0
fd63ab23,vasa,CHX,10,granule,10021,pla,sum,19790670.0
fd63ab23,vasa,CHX,10,granule,10021,pla,mean,1974.919668695739
fd63ab23,vasa,CHX,10,granule,10021,pla,median,1799.0
fd63ab23,vasa,CHX,10,granule,10021,rna_type,sum,28383191.0
fd63ab23,vasa,CHX,10,granule,10021,rna_type,mean,2832.371120646642
fd63ab23,vasa,CHX,10,granule,10021,rna_type,median,2370.0
fd63ab23,vasa,CHX,10,cell,214758,granule,sum,972655887.0
fd63ab23,vasa,CHX,10,cell,214758,granule,mean,4529.078716508815
fd63ab23,vasa,CHX,10,cell,214758,granule,median,2796.0
fd63ab23,vasa,CHX,10,cell,214758,pla,sum,372963313.0
fd63ab23,vasa,CHX,10,cell,214758,pla,mean,1736.6678447368665
fd63ab23,vasa,CHX,10,cell,214758,pla,median,1566.0
fd63ab23,vasa,CHX,10,cell,214758,rna_type,sum,496128279.0
fd63ab23,vasa,CHX,10,cell,214758,rna_type,mean,2310.173679211019
fd63ab23,vasa,CHX,10,cell,214758,rna_type,median,1903.0
fd63ab23,vasa,CHX,10,granule_periphery,20280,granule,sum,164759550.0
fd63ab23,vasa,CHX,10,granule_periphery,20280,granule,mean,8124.238165680474
fd63ab23,vasa,CHX,10,granule_periphery,20280,granule,median,7404.5
fd63ab23,vasa,CHX,10,granule_periphery,20280,pla,sum,34753772.0
fd63ab23,vasa,CHX,10,granule_periphery,20280,pla,mean,1713.6968441814595
fd63ab23,vasa,CHX,10,granule_periphery,20280,pla,median,1552.0
fd63ab23,vasa,CHX,10,granule_periphery,20280,rna_type,sum,47099277.0
fd63ab23,vasa,CHX,10,granule_periphery,20280,rna_type,mean,2322.449556213018
fd63ab23,vasa,CHX,10,granule_periphery,20280,rna_type,median,1964.0
fd63ab23,vasa,CHX,10,pseudo_nucleus,73129,granule,sum,524212010.0
fd63ab23,vasa,CHX,10,pseudo_nucleus,73129,granule,mean,7168.319134679812
fd63ab23,vasa,CHX,10,pseudo_nucleus,73129,granule,median,4727.0
fd63ab23,vasa,CHX,10,pseudo_nucleus,73129,pla,sum,115721807.0
fd63ab23,vasa,CHX,10,pseudo_nucleus,73129,pla,mean,1582.4338771212515
fd63ab23,vasa,CHX,10,pseudo_nucleus,73129,pla,median,1434.0
fd63ab23,vasa,CHX,10,pseudo_nucleus,73129,rna_type,sum,145403715.0
fd63ab23,vasa,CHX,10,pseudo_nucleus,73129,rna_type,mean,1988.3181090948872
fd63ab23,vasa,CHX,10,pseudo_nucleus,73129,rna_type,median,1667.0
fd63ab23,vasa,CHX,10,cytoplasm,134009,granule,sum,328542052.0
fd63ab23,vasa,CHX,10,cytoplasm,134009,granule,mean,2451.6416957070046
fd63ab23,vasa,CHX,10,cytoplasm,134009,granule,median,2179.0
fd63ab23,vasa,CHX,10,cytoplasm,134009,pla,sum,241650052.0
fd63ab23,vasa,CHX,10,cytoplasm,134009,pla,mean,1803.2374840495788
fd63ab23,vasa,CHX,10,cytoplasm,134009,pla,median,1630.0
fd63ab23,vasa,CHX,10,cytoplasm,134009,rna_type,sum,325841023.0
fd63ab23,vasa,CHX,10,cytoplasm,134009,rna_type,mean,2431.4861166041087
fd63ab23,vasa,CHX,10,cytoplasm,134009,rna_type,median,2017.0
fd63ab23,vasa,CHX,10,nucleo_cytoplasm,184457,granule,sum,530818770.0
fd63ab23,vasa,CHX,10,nucleo_cytoplasm,184457,granule,mean,2877.737196202909
fd63ab23,vasa,CHX,10,nucleo_cytoplasm,184457,granule,median,2457.0
fd63ab23,vasa,CHX,10,nucleo_cytoplasm,184457,pla,sum,318418871.0
fd63ab23,vasa,CHX,10,nucleo_cytoplasm,184457,pla,mean,1726.249863111728
fd63ab23,vasa,CHX,10,nucleo_cytoplasm,184457,pla,median,1556.0
fd63ab23,vasa,CHX,10,nucleo_cytoplasm,184457,rna_type,sum,420645811.0
fd63ab23,vasa,CHX,10,nucleo_cytoplasm,184457,rna_type,mean,2280.4545829109225
fd63ab23,vasa,CHX,10,nucleo_cytoplasm,184457,rna_type,median,1871.0
fb83231c,vasa,CHX,4,granule,4404,granule,sum,22458639.0
fb83231c,vasa,CHX,4,granule,4404,granule,mean,5099.600136239782
fb83231c,vasa,CHX,4,granule,4404,granule,median,4578.0
fb83231c,vasa,CHX,4,granule,4404,pla,sum,14476811.0
fb83231c,vasa,CHX,4,granule,4404,pla,mean,3287.1959582198
fb83231c,vasa,CHX,4,granule,4404,pla,median,3138.0
fb83231c,vasa,CHX,4,granule,4404,rna_type,sum,7089706.0
fb83231c,vasa,CHX,4,granule,4404,rna_type,mean,1609.8333333333333
fb83231c,vasa,CHX,4,granule,4404,rna_type,median,1281.0
fb83231c,vasa,CHX,4,cell,147897,granule,sum,199940597.0
fb83231c,vasa,CHX,4,cell,147897,granule,mean,1351.8908226671265
fb83231c,vasa,CHX,4,cell,147897,granule,median,1038.0
fb83231c,vasa,CHX,4,cell,147897,pla,sum,404283460.0
fb83231c,vasa,CHX,4,cell,147897,pla,mean,2733.5474012319382
fb83231c,vasa,CHX,4,cell,147897,pla,median,2578.0
fb83231c,vasa,CHX,4,cell,147897,rna_type,sum,192486131.0
fb83231c,vasa,CHX,4,cell,147897,rna_type,mean,1301.4877313265313
fb83231c,vasa,CHX,4,cell,147897,rna_type,median,964.0
fb83231c,vasa,CHX,4,granule_periphery,14269,granule,sum,31499703.0
fb83231c,vasa,CHX,4,granule_periphery,14269,granule,mean,2207.5620576074007
fb83231c,vasa,CHX,4,granule_periphery,14269,granule,median,2000.0
fb83231c,vasa,CHX,4,granule_periphery,14269,pla,sum,42292768.0
fb83231c,vasa,CHX,4,granule_periphery,14269,pla,mean,2963.9615950662273
fb83231c,vasa,CHX,4,granule_periphery,14269,pla,median,2837.0
fb83231c,vasa,CHX,4,granule_periphery,14269,rna_type,sum,20133605.0
fb83231c,vasa,CHX,4,granule_periphery,14269,rna_type,mean,1411.003223771813
fb83231c,vasa,CHX,4,granule_periphery,14269,rna_type,median,1095.0
fb83231c,vasa,CHX,4,pseudo_nucleus,30217,granule,sum,61094209.0
fb83231c,vasa,CHX,4,pseudo_nucleus,30217,granule,mean,2021.8489261012014
fb83231c,vasa,CHX,4,pseudo_nucleus,30217,granule,median,1677.0
fb83231c,vasa,CHX,4,pseudo_nucleus,30217,pla,sum,93620665.0
fb83231c,vasa,CHX,4,pseudo_nucleus,30217,pla,mean,3098.2779561174175
fb83231c,vasa,CHX,4,pseudo_nucleus,30217,pla,median,2976.0
fb83231c,vasa,CHX,4,pseudo_nucleus,30217,rna_type,sum,32939348.0
fb83231c,vasa,CHX,4,pseudo_nucleus,30217,rna_type,mean,1090.0932587616242
fb83231c,vasa,CHX,4,pseudo_nucleus,30217,rna_type,median,901.0
fb83231c,vasa,CHX,4,cytoplasm,109173,granule,sum,113886697.0
fb83231c,vasa,CHX,4,cytoplasm,109173,granule,mean,1043.1763989264746
fb83231c,vasa,CHX,4,cytoplasm,109173,granule,median,850.0
fb83231c,vasa,CHX,4,cytoplasm,109173,pla,sum,285809095.0
fb83231c,vasa,CHX,4,cytoplasm,109173,pla,mean,2617.946699275462
fb83231c,vasa,CHX,4,cytoplasm,109173,pla,median,2446.0
fb83231c,vasa,CHX,4,cytoplasm,109173,rna_type,sum,145745540.0
fb83231c,vasa,CHX,4,cytoplasm,109173,rna_type,mean,1334.9961986938163
fb83231c,vasa,CHX,4,cytoplasm,109173,rna_type,median,963.0
fb83231c,vasa,CHX,4,nucleo_cytoplasm,129224,granule,sum,145982255.0
fb83231c,vasa,CHX,4,nucleo_cytoplasm,129224,granule,mean,1129.6837661734662
fb83231c,vasa,CHX,4,nucleo_cytoplasm,129224,granule,median,927.0
fb83231c,vasa,CHX,4,nucleo_cytoplasm,129224,pla,sum,347513881.0
fb83231c,vasa,CHX,4,nucleo_cytoplasm,129224,pla,mean,2689.2363725004643
fb83231c,vasa,CHX,4,nucleo_cytoplasm,129224,pla,median,2530.0
fb83231c,vasa,CHX,4,nucleo_cytoplasm,129224,rna_type,sum,165262820.0
fb83231c,vasa,CHX,4,nucleo_cytoplasm,129224,rna_type,mean,1278.8864297653686
fb83231c,vasa,CHX,4,nucleo_cytoplasm,129224,rna_type,median,940.0
e7eeda49,vasa,CHX,11,granule,7170,granule,sum,210086283.0
e7eeda49,vasa,CHX,11,granule,7170,granule,mean,29300.736820083683
e7eeda49,vasa,CHX,11,granule,7170,granule,median,24926.5
e7eeda49,vasa,CHX,11,granule,7170,pla,sum,11056106.0
e7eeda49,vasa,CHX,11,granule,7170,pla,mean,1541.9952580195259
e7eeda49,vasa,CHX,11,granule,7170,pla,median,1360.0
e7eeda49,vasa,CHX,11,granule,7170,rna_type,sum,15860264.0
e7eeda49,vasa,CHX,11,granule,7170,rna_type,mean,2212.031241283124
e7eeda49,vasa,CHX,11,granule,7170,rna_type,median,1660.0
e7eeda49,vasa,CHX,11,cell,140117,granule,sum,663062936.0
e7eeda49,vasa,CHX,11,cell,140117,granule,mean,4732.20905386213
e7eeda49,vasa,CHX,11,cell,140117,granule,median,2935.0
e7eeda49,vasa,CHX,11,cell,140117,pla,sum,208345470.0
e7eeda49,vasa,CHX,11,cell,140117,pla,mean,1486.9392721796785
e7eeda49,vasa,CHX,11,cell,140117,pla,median,1331.0
e7eeda49,vasa,CHX,11,cell,140117,rna_type,sum,242543708.0
e7eeda49,vasa,CHX,11,cell,140117,rna_type,mean,1731.0084286703254
e7eeda49,vasa,CHX,11,cell,140117,rna_type,median,1383.0
e7eeda49,vasa,CHX,11,granule_periphery,13476,granule,sum,102339841.0
e7eeda49,vasa,CHX,11,granule_periphery,13476,granule,mean,7594.22981596913
e7eeda49,vasa,CHX,11,granule_periphery,13476,granule,median,6892.5
e7eeda49,vasa,CHX,11,granule_periphery,13476,pla,sum,18057938.0
e7eeda49,vasa,CHX,11,granule_periphery,13476,pla,mean,1340.0072721875927
e7eeda49,vasa,CHX,11,granule_periphery,13476,pla,median,1183.0
e7eeda49,vasa,CHX,11,granule_periphery,13476,rna_type,sum,21873208.0
e7eeda49,vasa,CHX,11,granule_periphery,13476,rna_type,mean,1623.1231819531017
e7eeda49,vasa,CHX,11,granule_periphery,13476,rna_type,median,1280.0
e7eeda49,vasa,CHX,11,pseudo_nucleus,20932,granule,sum,264102503.0
e7eeda49,vasa,CHX,11,pseudo_nucleus,20932,granule,mean,12617.16524937894
e7eeda49,vasa,CHX,11,pseudo_nucleus,20932,granule,median,7136.0
e7eeda49,vasa,CHX,11,pseudo_nucleus,20932,pla,sum,27934763.0
e7eeda49,vasa,CHX,11,pseudo_nucleus,20932,pla,mean,1334.5482037072425
e7eeda49,vasa,CHX,11,pseudo_nucleus,20932,pla,median,1174.0
e7eeda49,vasa,CHX,11,pseudo_nucleus,20932,rna_type,sum,33236908.0
e7eeda49,vasa,CHX,11,pseudo_nucleus,20932,rna_type,mean,1587.851519205045
e7eeda49,vasa,CHX,11,pseudo_nucleus,20932,rna_type,median,1211.0
e7eeda49,vasa,CHX,11,cytoplasm,112145,granule,sum,316749995.0
e7eeda49,vasa,CHX,11,cytoplasm,112145,granule,mean,2824.468277676223
e7eeda49,vasa,CHX,11,cytoplasm,112145,granule,median,2495.0
e7eeda49,vasa,CHX,11,cytoplasm,112145,pla,sum,170614956.0
e7eeda49,vasa,CHX,11,cytoplasm,112145,pla,mean,1521.3781800347765
e7eeda49,vasa,CHX,11,cytoplasm,112145,pla,median,1368.0
e7eeda49,vasa,CHX,11,cytoplasm,112145,rna_type,sum,196753621.0
e7eeda49,vasa,CHX,11,cytoplasm,112145,rna_type,mean,1754.4573632350973
e7eeda49,vasa,CHX,11,cytoplasm,112145,rna_type,median,1416.0
e7eeda49,vasa,CHX,11,nucleo_cytoplasm,119471,granule,sum,350636812.0
e7eeda49,vasa,CHX,11,nucleo_cytoplasm,119471,granule,mean,2934.9115015359375
e7eeda49,vasa,CHX,11,nucleo_cytoplasm,119471,granule,median,2592.0
e7eeda49,vasa,CHX,11,nucleo_cytoplasm,119471,pla,sum,179231426.0
e7eeda49,vasa,CHX,11,nucleo_cytoplasm,119471,pla,mean,1500.2086364054876
e7eeda49,vasa,CHX,11,nucleo_cytoplasm,119471,pla,median,1346.0
e7eeda49,vasa,CHX,11,nucleo_cytoplasm,119471,rna_type,sum,204810236.0
e7eeda49,vasa,CHX,11,nucleo_cytoplasm,119471,rna_type,mean,1714.3092131144797
e7eeda49,vasa,CHX,11,nucleo_cytoplasm,119471,rna_type,median,1380.0
10675c06,actin,DMSO,9,granule,12045,granule,sum,122149928.0
10675c06,actin,DMSO,9,granule,12045,granule,mean,10141.131423827313
10675c06,actin,DMSO,9,granule,12045,granule,median,10319.0
10675c06,actin,DMSO,9,granule,12045,pla,sum,19721755.0
10675c06,actin,DMSO,9,granule,12045,pla,mean,1637.3395599833957
10675c06,actin,DMSO,9,granule,12045,pla,median,1498.0
10675c06,actin,DMSO,9,granule,12045,rna_type,sum,16513497.0
10675c06,actin,DMSO,9,granule,12045,rna_type,mean,1370.9835616438356
10675c06,actin,DMSO,9,granule,12045,rna_type,median,1170.0
10675c06,actin,DMSO,9,cell,99611,granule,sum,249131139.0
10675c06,actin,DMSO,9,cell,99611,granule,mean,2501.040437301101
10675c06,actin,DMSO,9,cell,99611,granule,median,1167.0
10675c06,actin,DMSO,9,cell,99611,pla,sum,110122953.0
10675c06,actin,DMSO,9,cell,99611,pla,mean,1105.5300418628465
10675c06,actin,DMSO,9,cell,99611,pla,median,937.0
10675c06,actin,DMSO,9,cell,99611,rna_type,sum,102433662.0
10675c06,actin,DMSO,9,cell,99611,rna_type,mean,1028.3368503478532
10675c06,actin,DMSO,9,cell,99611,rna_type,median,814.0
10675c06,actin,DMSO,9,granule_periphery,14941,granule,sum,46376947.0
10675c06,actin,DMSO,9,granule_periphery,14941,granule,mean,3104.0055551837227
10675c06,actin,DMSO,9,granule_periphery,14941,granule,median,2330.0
10675c06,actin,DMSO,9,granule_periphery,14941,pla,sum,20720649.0
10675c06,actin,DMSO,9,granule_periphery,14941,pla,mean,1386.8314704504385
10675c06,actin,DMSO,9,granule_periphery,14941,pla,median,1227.0
10675c06,actin,DMSO,9,granule_periphery,14941,rna_type,sum,16091703.0
10675c06,actin,DMSO,9,granule_periphery,14941,rna_type,mean,1077.016464761395
10675c06,actin,DMSO,9,granule_periphery,14941,rna_type,median,871.0
10675c06,actin,DMSO,9,pseudo_nucleus,42969,granule,sum,183953963.0
10675c06,actin,DMSO,9,pseudo_nucleus,42969,granule,mean,4281.085503502525
10675c06,actin,DMSO,9,pseudo_nucleus,42969,granule,median,2194.0
10675c06,actin,DMSO,9,pseudo_nucleus,42969,pla,sum,58967086.0
10675c06,actin,DMSO,9,pseudo_nucleus,42969,pla,mean,1372.316926156066
10675c06,actin,DMSO,9,pseudo_nucleus,42969,pla,median,1214.0
10675c06,actin,DMSO,9,pseudo_nucleus,42969,rna_type,sum,48790214.0
10675c06,actin,DMSO,9,pseudo_nucleus,42969,rna_type,mean,1135.4747376015266
10675c06,actin,DMSO,9,pseudo_nucleus,42969,rna_type,median,920.0
10675c06,actin,DMSO,9,cytoplasm,52276,granule,sum,49936676.0
10675c06,actin,DMSO,9,cytoplasm,52276,granule,mean,955.2505164894025
10675c06,actin,DMSO,9,cytoplasm,52276,granule,median,748.0
10675c06,actin,DMSO,9,cytoplasm,52276,pla,sum,46269081.0
10675c06,actin,DMSO,9,cytoplasm,52276,pla,mean,885.0922220521845
10675c06,actin,DMSO,9,cytoplasm,52276,pla,median,753.0
10675c06,actin,DMSO,9,cytoplasm,52276,rna_type,sum,49014783.0
10675c06,actin,DMSO,9,cytoplasm,52276,rna_type,mean,937.6154066875813
10675c06,actin,DMSO,9,cytoplasm,52276,rna_type,median,732.0
10675c06,actin,DMSO,9,nucleo_cytoplasm,73083,granule,sum,81142890.0
10675c06,actin,DMSO,9,nucleo_cytoplasm,73083,granule,mean,1110.2840605886458
10675c06,actin,DMSO,9,nucleo_cytoplasm,73083,granule,median,851.0
10675c06,actin,DMSO,9,nucleo_cytoplasm,73083,pla,sum,70111015.0
10675c06,actin,DMSO,9,nucleo_cytoplasm,73083,pla,mean,959.3341132684756
10675c06,actin,DMSO,9,nucleo_cytoplasm,73083,pla,median,812.0
10675c06,actin,DMSO,9,nucleo_cytoplasm,73083,rna_type,sum,70257972.0
10675c06,actin,DMSO,9,nucleo_cytoplasm,73083,rna_type,mean,961.3449365789581
10675c06,actin,DMSO,9,nucleo_cytoplasm,73083,rna_type,median,753.0
b00c62ec,vasa,DMSO,6,granule,5349,granule,sum,22805633.0
b00c62ec,vasa,DMSO,6,granule,5349,granule,mean,4263.532062067677
b00c62ec,vasa,DMSO,6,granule,5349,granule,median,3742.0
b00c62ec,vasa,DMSO,6,granule,5349,pla,sum,8739795.0
b00c62ec,vasa,DMSO,6,granule,5349,pla,mean,1633.9119461581604
b00c62ec,vasa,DMSO,6,granule,5349,pla,median,1475.0
b00c62ec,vasa,DMSO,6,granule,5349,rna_type,sum,12733071.0
b00c62ec,vasa,DMSO,6,granule,5349,rna_type,mean,2380.4582164890635
b00c62ec,vasa,DMSO,6,granule,5349,rna_type,median,1928.0
b00c62ec,vasa,DMSO,6,cell,122453,granule,sum,119675327.0
b00c62ec,vasa,DMSO,6,cell,122453,granule,mean,977.3164152776984
b00c62ec,vasa,DMSO,6,cell,122453,granule,median,630.0
b00c62ec,vasa,DMSO,6,cell,122453,pla,sum,164950338.0
b00c62ec,vasa,DMSO,6,cell,122453,pla,mean,1347.0501988518045
b00c62ec,vasa,DMSO,6,cell,122453,pla,median,1200.0
b00c62ec,vasa,DMSO,6,cell,122453,rna_type,sum,200239401.0
b00c62ec,vasa,DMSO,6,cell,122453,rna_type,mean,1635.2347512923325
b00c62ec,vasa,DMSO,6,cell,122453,rna_type,median,1374.0
b00c62ec,vasa,DMSO,6,granule_periphery,17264,granule,sum,27149095.0
b00c62ec,vasa,DMSO,6,granule_periphery,17264,granule,mean,1572.5842794253938
b00c62ec,vasa,DMSO,6,granule_periphery,17264,granule,median,1317.5
b00c62ec,vasa,DMSO,6,granule_periphery,17264,pla,sum,24938449.0
b00c62ec,vasa,DMSO,6,granule_periphery,17264,pla,mean,1444.534812326228
b00c62ec,vasa,DMSO,6,granule_periphery,17264,pla,median,1302.0
b00c62ec,vasa,DMSO,6,granule_periphery,17264,rna_type,sum,31516792.0
b00c62ec,vasa,DMSO,6,granule_periphery,17264,rna_type,mean,1825.5787766450417
b00c62ec,vasa,DMSO,6,granule_periphery,17264,rna_type,median,1606.0
b00c62ec,vasa,DMSO,6,pseudo_nucleus,52394,granule,sum,68689979.0
b00c62ec,vasa,DMSO,6,pseudo_nucleus,52394,granule,mean,1311.0275794938352
b00c62ec,vasa,DMSO,6,pseudo_nucleus,52394,granule,median,932.0
b00c62ec,vasa,DMSO,6,pseudo_nucleus,52394,pla,sum,70858755.0
b00c62ec,vasa,DMSO,6,pseudo_nucleus,52394,pla,mean,1352.4211741802496
b00c62ec,vasa,DMSO,6,pseudo_nucleus,52394,pla,median,1217.0
b00c62ec,vasa,DMSO,6,pseudo_nucleus,52394,rna_type,sum,82159569.0
b00c62ec,vasa,DMSO,6,pseudo_nucleus,52394,rna_type,mean,1568.110260716876
b00c62ec,vasa,DMSO,6,pseudo_nucleus,52394,rna_type,median,1338.0
b00c62ec,vasa,DMSO,6,cytoplasm,63769,granule,sum,37301491.0
b00c62ec,vasa,DMSO,6,cytoplasm,63769,granule,mean,584.9470902789757
b00c62ec,vasa,DMSO,6,cytoplasm,63769,granule,median,405.0
b00c62ec,vasa,DMSO,6,cytoplasm,63769,pla,sum,84580813.0
b00c62ec,vasa,DMSO,6,cytoplasm,63769,pla,mean,1326.362542928382
b00c62ec,vasa,DMSO,6,cytoplasm,63769,pla,median,1170.0
b00c62ec,vasa,DMSO,6,cytoplasm,63769,rna_type,sum,105164331.0
b00c62ec,vasa,DMSO,6,cytoplasm,63769,rna_type,mean,1649.1450548071948
b00c62ec,vasa,DMSO,6,cytoplasm,63769,rna_type,median,1371.0
b00c62ec,vasa,DMSO,6,nucleo_cytoplasm,99840,granule,sum,69720599.0
b00c62ec,vasa,DMSO,6,nucleo_cytoplasm,99840,granule,mean,698.3233072916667
b00c62ec,vasa,DMSO,6,nucleo_cytoplasm,99840,granule,median,504.0
b00c62ec,vasa,DMSO,6,nucleo_cytoplasm,99840,pla,sum,131272094.0
b00c62ec,vasa,DMSO,6,nucleo_cytoplasm,99840,pla,mean,1314.8246594551283
b00c62ec,vasa,DMSO,6,nucleo_cytoplasm,99840,pla,median,1169.0
b00c62ec,vasa,DMSO,6,nucleo_cytoplasm,99840,rna_type,sum,155989538.0
b00c62ec,vasa,DMSO,6,nucleo_cytoplasm,99840,rna_type,mean,1562.3952123397437
b00c62ec,vasa,DMSO,6,nucleo_cytoplasm,99840,rna_type,median,1315.0
0f4067f8,vasa,DMSO,8,granule,3750,granule,sum,15912405.0
0f4067f8,vasa,DMSO,8,granule,3750,granule,mean,4243.308
0f4067f8,vasa,DMSO,8,granule,3750,granule,median,3683.5
0f4067f8,vasa,DMSO,8,granule,3750,pla,sum,6948126.0
0f4067f8,vasa,DMSO,8,granule,3750,pla,mean,1852.8336
0f4067f8,vasa,DMSO,8,granule,3750,pla,median,1504.5
0f4067f8,vasa,DMSO,8,granule,3750,rna_type,sum,13826597.0
0f4067f8,vasa,DMSO,8,granule,3750,rna_type,mean,3687.0925333333334
0f4067f8,vasa,DMSO,8,granule,3750,rna_type,median,3119.5
0f4067f8,vasa,DMSO,8,cell,124941,granule,sum,71157099.0
0f4067f8,vasa,DMSO,8,cell,124941,granule,mean,569.5256080870171
0f4067f8,vasa,DMSO,8,cell,124941,granule,median,152.0
0f4067f8,vasa,DMSO,8,cell,124941,pla,sum,96013788.0
0f4067f8,vasa,DMSO,8,cell,124941,pla,mean,768.4730232669821
0f4067f8,vasa,DMSO,8,cell,124941,pla,median,601.0
0f4067f8,vasa,DMSO,8,cell,124941,rna_type,sum,146351939.0
0f4067f8,vasa,DMSO,8,cell,124941,rna_type,mean,1171.3683978838012
0f4067f8,vasa,DMSO,8,cell,124941,rna_type,median,854.0
0f4067f8,vasa,DMSO,8,granule_periphery,9774,granule,sum,10845005.0
0f4067f8,vasa,DMSO,8,granule_periphery,9774,granule,mean,1109.5769388172703
0f4067f8,vasa,DMSO,8,granule_periphery,9774,granule,median,870.0
0f4067f8,vasa,DMSO,8,granule_periphery,9774,pla,sum,11442091.0
0f4067f8,vasa,DMSO,8,granule_periphery,9774,pla,mean,1170.6661551053817
0f4067f8,vasa,DMSO,8,granule_periphery,9774,pla,median,957.0
0f4067f8,vasa,DMSO,8,granule_periphery,9774,rna_type,sum,21671769.0
0f4067f8,vasa,DMSO,8,granule_periphery,9774,rna_type,mean,2217.2875997544506
0f4067f8,vasa,DMSO,8,granule_periphery,9774,rna_type,median,1604.0
0f4067f8,vasa,DMSO,8,pseudo_nucleus,13606,granule,sum,17867224.0
0f4067f8,vasa,DMSO,8,pseudo_nucleus,13606,granule,mean,1313.1871233279435
0f4067f8,vasa,DMSO,8,pseudo_nucleus,13606,granule,median,813.0
0f4067f8,vasa,DMSO,8,pseudo_nucleus,13606,pla,sum,14839262.0
0f4067f8,vasa,DMSO,8,pseudo_nucleus,13606,pla,mean,1090.6410407173305
0f4067f8,vasa,DMSO,8,pseudo_nucleus,13606,pla,median,898.5
0f4067f8,vasa,DMSO,8,pseudo_nucleus,13606,rna_type,sum,23978454.0
0f4067f8,vasa,DMSO,8,pseudo_nucleus,13606,rna_type,mean,1762.3441128913714
0f4067f8,vasa,DMSO,8,pseudo_nucleus,13606,rna_type,median,1312.5
0f4067f8,vasa,DMSO,8,cytoplasm,105806,granule,sum,40636724.0
0f4067f8,vasa,DMSO,8,cytoplasm,105806,granule,mean,384.0682380961382
0f4067f8,vasa,DMSO,8,cytoplasm,105806,granule,median,76.0
0f4067f8,vasa,DMSO,8,cytoplasm,105806,pla,sum,72392975.0
0f4067f8,vasa,DMSO,8,cytoplasm,105806,pla,mean,684.2048182522731
0f4067f8,vasa,DMSO,8,cytoplasm,105806,pla,median,551.0
0f4067f8,vasa,DMSO,8,cytoplasm,105806,rna_type,sum,103892327.0
0f4067f8,vasa,DMSO,8,cytoplasm,105806,rna_type,mean,981.9133792034478
0f4067f8,vasa,DMSO,8,cytoplasm,105806,rna_type,median,775.0
0f4067f8,vasa,DMSO,8,nucleo_cytoplasm,111417,granule,sum,44399689.0
0f4067f8,vasa,DMSO,8,nucleo_cytoplasm,111417,granule,mean,398.50013014171986
0f4067f8,vasa,DMSO,8,nucleo_cytoplasm,111417,granule,median,80.0
0f4067f8,vasa,DMSO,8,nucleo_cytoplasm,111417,pla,sum,77623571.0
0f4067f8,vasa,DMSO,8,nucleo_cytoplasm,111417,pla,mean,696.6941400324905
0f4067f8,vasa,DMSO,8,nucleo_cytoplasm,111417,pla,median,562.0
0f4067f8,vasa,DMSO,8,nucleo_cytoplasm,111417,rna_type,sum,110853573.0
0f4067f8,vasa,DMSO,8,nucleo_cytoplasm,111417,rna_type,mean,994.943078704327
0f4067f8,vasa,DMSO,8,nucleo_cytoplasm,111417,rna_type,median,788.0
fc9563e1,actin,DMSO,7,granule,6855,granule,sum,129710410.0
fc9563e1,actin,DMSO,7,granule,6855,granule,mean,18922.01458789205
fc9563e1,actin,DMSO,7,granule,6855,granule,median,17665.0
fc9563e1,actin,DMSO,7,granule,6855,pla,sum,6582722.0
fc9563e1,actin,DMSO,7,granule,6855,pla,mean,960.2803792851932
fc9563e1,actin,DMSO,7,granule,6855,pla,median,819.0
fc9563e1,actin,DMSO,7,granule,6855,rna_type,sum,10298903.0
fc9563e1,actin,DMSO,7,granule,6855,rna_type,mean,1502.3928519328956
fc9563e1,actin,DMSO,7,granule,6855,rna_type,median,1283.0
fc9563e1,actin,DMSO,7,cell,124916,granule,sum,396789444.0
fc9563e1,actin,DMSO,7,cell,124916,granule,mean,3176.450126484998
fc9563e1,actin,DMSO,7,cell,124916,granule,median,1717.0
fc9563e1,actin,DMSO,7,cell,124916,pla,sum,94636108.0
fc9563e1,actin,DMSO,7,cell,124916,pla,mean,757.5979698357296
fc9563e1,actin,DMSO,7,cell,124916,pla,median,614.0
fc9563e1,actin,DMSO,7,cell,124916,rna_type,sum,131914235.0
fc9563e1,actin,DMSO,7,cell,124916,rna_type,mean,1056.0235278106888
fc9563e1,actin,DMSO,7,cell,124916,rna_type,median,835.0
fc9563e1,actin,DMSO,7,granule_periphery,13480,granule,sum,74858916.0
fc9563e1,actin,DMSO,7,granule_periphery,13480,granule,mean,5553.332047477745
fc9563e1,actin,DMSO,7,granule_periphery,13480,granule,median,5008.5
fc9563e1,actin,DMSO,7,granule_periphery,13480,pla,sum,10836430.0
fc9563e1,actin,DMSO,7,granule_periphery,13480,pla,mean,803.8894658753709
fc9563e1,actin,DMSO,7,granule_periphery,13480,pla,median,665.0
fc9563e1,actin,DMSO,7,granule_periphery,13480,rna_type,sum,15796409.0
fc9563e1,actin,DMSO,7,granule_periphery,13480,rna_type,mean,1171.8404302670624
fc9563e1,actin,DMSO,7,granule_periphery,13480,rna_type,median,967.0
fc9563e1,actin,DMSO,7,pseudo_nucleus,32382,granule,sum,154116853.0
fc9563e1,actin,DMSO,7,pseudo_nucleus,32382,granule,mean,4759.337069977148
fc9563e1,actin,DMSO,7,pseudo_nucleus,32382,granule,median,3123.5
fc9563e1,actin,DMSO,7,pseudo_nucleus,32382,pla,sum,25212757.0
fc9563e1,actin,DMSO,7,pseudo_nucleus,32382,pla,mean,778.604070162436
fc9563e1,actin,DMSO,7,pseudo_nucleus,32382,pla,median,638.0
fc9563e1,actin,DMSO,7,pseudo_nucleus,32382,rna_type,sum,35124530.0
fc9563e1,actin,DMSO,7,pseudo_nucleus,32382,rna_type,mean,1084.6930393428447
fc9563e1,actin,DMSO,7,pseudo_nucleus,32382,rna_type,median,870.0
fc9563e1,actin,DMSO,7,cytoplasm,80714,granule,sum,122426039.0
fc9563e1,actin,DMSO,7,cytoplasm,80714,granule,mean,1516.7881532324009
fc9563e1,actin,DMSO,7,cytoplasm,80714,granule,median,1187.0
fc9563e1,actin,DMSO,7,cytoplasm,80714,pla,sum,59016822.0
fc9563e1,actin,DMSO,7,cytoplasm,80714,pla,mean,731.1844537502787
fc9563e1,actin,DMSO,7,cytoplasm,80714,pla,median,589.0
fc9563e1,actin,DMSO,7,cytoplasm,80714,rna_type,sum,81388788.0
fc9563e1,actin,DMSO,7,cytoplasm,80714,rna_type,mean,1008.3602349034863
fc9563e1,actin,DMSO,7,cytoplasm,80714,rna_type,median,788.0
fc9563e1,actin,DMSO,7,nucleo_cytoplasm,104581,granule,sum,192220118.0
fc9563e1,actin,DMSO,7,nucleo_cytoplasm,104581,granule,mean,1838.0022948719175
fc9563e1,actin,DMSO,7,nucleo_cytoplasm,104581,granule,median,1419.0
fc9563e1,actin,DMSO,7,nucleo_cytoplasm,104581,pla,sum,77216956.0
fc9563e1,actin,DMSO,7,nucleo_cytoplasm,104581,pla,mean,738.3459328176247
fc9563e1,actin,DMSO,7,nucleo_cytoplasm,104581,pla,median,596.0
fc9563e1,actin,DMSO,7,nucleo_cytoplasm,104581,rna_type,sum,105818923.0
fc9563e1,actin,DMSO,7,nucleo_cytoplasm,104581,rna_type,mean,1011.8369780361634
fc9563e1,actin,DMSO,7,nucleo_cytoplasm,104581,rna_type,median,794.0
d2572c49,vasa,PatA,15,granule,7722,granule,sum,227996383.0
d2572c49,vasa,PatA,15,granule,7722,granule,mean,29525.561124061125
d2572c49,vasa,PatA,15,granule,7722,granule,median,27338.0
d2572c49,vasa,PatA,15,granule,7722,pla,sum,18343407.0
d2572c49,vasa,PatA,15,granule,7722,pla,mean,2375.473581973582
d2572c49,vasa,PatA,15,granule,7722,pla,median,2140.0
d2572c49,vasa,PatA,15,granule,7722,rna_type,sum,28549506.0
d2572c49,vasa,PatA,15,granule,7722,rna_type,mean,3697.1647241647242
d2572c49,vasa,PatA,15,granule,7722,rna_type,median,2741.5
d2572c49,vasa,PatA,15,cell,104963,granule,sum,474243171.0
d2572c49,vasa,PatA,15,cell,104963,granule,mean,4518.193753989501
d2572c49,vasa,PatA,15,cell,104963,granule,median,1857.0
d2572c49,vasa,PatA,15,cell,104963,pla,sum,181504575.0
d2572c49,vasa,PatA,15,cell,104963,pla,mean,1729.2243457218258
d2572c49,vasa,PatA,15,cell,104963,pla,median,1561.0
d2572c49,vasa,PatA,15,cell,104963,rna_type,sum,142501468.0
d2572c49,vasa,PatA,15,cell,104963,rna_type,mean,1357.6352428951154
d2572c49,vasa,PatA,15,cell,104963,rna_type,median,851.0
d2572c49,vasa,PatA,15,granule_periphery,11730,granule,sum,86917178.0
d2572c49,vasa,PatA,15,granule_periphery,11730,granule,mean,7409.819096334186
d2572c49,vasa,PatA,15,granule_periphery,11730,granule,median,6452.0
d2572c49,vasa,PatA,15,granule_periphery,11730,pla,sum,24242336.0
d2572c49,vasa,PatA,15,granule_periphery,11730,pla,mean,2066.6953111679454
d2572c49,vasa,PatA,15,granule_periphery,11730,pla,median,1842.0
d2572c49,vasa,PatA,15,granule_periphery,11730,rna_type,sum,29624106.0
d2572c49,vasa,PatA,15,granule_periphery,11730,rna_type,mean,2525.499232736573
d2572c49,vasa,PatA,15,granule_periphery,11730,rna_type,median,1481.5
d2572c49,vasa,PatA,15,pseudo_nucleus,21058,granule,sum,223620414.0
d2572c49,vasa,PatA,15,pseudo_nucleus,21058,granule,mean,10619.26175325292
d2572c49,vasa,PatA,15,pseudo_nucleus,21058,granule,median,4494.0
d2572c49,vasa,PatA,15,pseudo_nucleus,21058,pla,sum,37579960.0
d2572c49,vasa,PatA,15,pseudo_nucleus,21058,pla,mean,1784.5930287776616
d2572c49,vasa,PatA,15,pseudo_nucleus,21058,pla,median,1573.5
d2572c49,vasa,PatA,15,pseudo_nucleus,21058,rna_type,sum,40031272.0
d2572c49,vasa,PatA,15,pseudo_nucleus,21058,rna_type,mean,1901.0006648304682
d2572c49,vasa,PatA,15,pseudo_nucleus,21058,rna_type,median,1207.0
d2572c49,vasa,PatA,15,cytoplasm,75000,granule,sum,129086556.0
d2572c49,vasa,PatA,15,cytoplasm,75000,granule,mean,1721.15408
d2572c49,vasa,PatA,15,cytoplasm,75000,granule,median,1393.0
d2572c49,vasa,PatA,15,cytoplasm,75000,pla,sum,123729380.0
d2572c49,vasa,PatA,15,cytoplasm,75000,pla,mean,1649.7250666666666
d2572c49,vasa,PatA,15,cytoplasm,75000,pla,median,1514.0
d2572c49,vasa,PatA,15,cytoplasm,75000,rna_type,sum,73494544.0
d2572c49,vasa,PatA,15,cytoplasm,75000,rna_type,mean,979.9272533333333
d2572c49,vasa,PatA,15,cytoplasm,75000,rna_type,median,721.0
d2572c49,vasa,PatA,15,nucleo_cytoplasm,85511,granule,sum,159329610.0
d2572c49,vasa,PatA,15,nucleo_cytoplasm,85511,granule,mean,1863.264492287542
d2572c49,vasa,PatA,15,nucleo_cytoplasm,85511,granule,median,1510.0
d2572c49,vasa,PatA,15,nucleo_cytoplasm,85511,pla,sum,138918832.0
d2572c49,vasa,PatA,15,nucleo_cytoplasm,85511,pla,mean,1624.5726514717405
d2572c49,vasa,PatA,15,nucleo_cytoplasm,85511,pla,median,1487.0
d2572c49,vasa,PatA,15,nucleo_cytoplasm,85511,rna_type,sum,84327856.0
d2572c49,vasa,PatA,15,nucleo_cytoplasm,85511,rna_type,mean,986.1638385704763
d2572c49,vasa,PatA,15,nucleo_cytoplasm,85511,rna_type,median,739.0
692ad2e3,actin,DMSO,16,granule,12203,granule,sum,117386964.0
692ad2e3,actin,DMSO,16,granule,12203,granule,mean,9619.516840121281
692ad2e3,actin,DMSO,16,granule,12203,granule,median,9735.0
692ad2e3,actin,DMSO,16,granule,12203,pla,sum,14687269.0
692ad2e3,actin,DMSO,16,granule,12203,pla,mean,1203.5785462591166
692ad2e3,actin,DMSO,16,granule,12203,pla,median,1074.0
692ad2e3,actin,DMSO,16,granule,12203,rna_type,sum,22662035.0
692ad2e3,actin,DMSO,16,granule,12203,rna_type,mean,1857.0871916741785
692ad2e3,actin,DMSO,16,granule,12203,rna_type,median,1639.0
692ad2e3,actin,DMSO,16,cell,148921,granule,sum,244001009.0
692ad2e3,actin,DMSO,16,cell,148921,granule,mean,1638.4593777909092
692ad2e3,actin,DMSO,16,cell,148921,granule,median,673.0
692ad2e3,actin,DMSO,16,cell,148921,pla,sum,161960241.0
692ad2e3,actin,DMSO,16,cell,148921,pla,mean,1087.5581079901424
692ad2e3,actin,DMSO,16,cell,148921,pla,median,953.0
692ad2e3,actin,DMSO,16,cell,148921,rna_type,sum,194699288.0
692ad2e3,actin,DMSO,16,cell,148921,rna_type,mean,1307.3998160098308
692ad2e3,actin,DMSO,16,cell,148921,rna_type,median,1103.0
692ad2e3,actin,DMSO,16,granule_periphery,11635,granule,sum,32661619.0
692ad2e3,actin,DMSO,16,granule_periphery,11635,granule,mean,2807.186850021487
692ad2e3,actin,DMSO,16,granule_periphery,11635,granule,median,2170.0
692ad2e3,actin,DMSO,16,granule_periphery,11635,pla,sum,13031634.0
692ad2e3,actin,DMSO,16,granule_periphery,11635,pla,mean,1120.0373012462398
692ad2e3,actin,DMSO,16,granule_periphery,11635,pla,median,988.0
692ad2e3,actin,DMSO,16,granule_periphery,11635,rna_type,sum,16681319.0
692ad2e3,actin,DMSO,16,granule_periphery,11635,rna_type,mean,1433.7188654920499
692ad2e3,actin,DMSO,16,granule_periphery,11635,rna_type,median,1251.0
692ad2e3,actin,DMSO,16,pseudo_nucleus,30928,granule,sum,68552148.0
692ad2e3,actin,DMSO,16,pseudo_nucleus,30928,granule,mean,2216.50763062597
692ad2e3,actin,DMSO,16,pseudo_nucleus,30928,granule,median,1250.0
692ad2e3,actin,DMSO,16,pseudo_nucleus,30928,pla,sum,31915478.0
692ad2e3,actin,DMSO,16,pseudo_nucleus,30928,pla,mean,1031.9282850491463
692ad2e3,actin,DMSO,16,pseudo_nucleus,30928,pla,median,899.0
692ad2e3,actin,DMSO,16,pseudo_nucleus,30928,rna_type,sum,40184985.0
692ad2e3,actin,DMSO,16,pseudo_nucleus,30928,rna_type,mean,1299.3075853595446
692ad2e3,actin,DMSO,16,pseudo_nucleus,30928,rna_type,median,1091.0
692ad2e3,actin,DMSO,16,cytoplasm,102804,granule,sum,67008700.0
692ad2e3,actin,DMSO,16,cytoplasm,102804,granule,mean,651.8102408466597
692ad2e3,actin,DMSO,16,cytoplasm,102804,granule,median,445.0
692ad2e3,actin,DMSO,16,cytoplasm,102804,pla,sum,111856609.0
692ad2e3,actin,DMSO,16,cytoplasm,102804,pla,mean,1088.0569724913428
692ad2e3,actin,DMSO,16,cytoplasm,102804,pla,median,954.0
692ad2e3,actin,DMSO,16,cytoplasm,102804,rna_type,sum,128427611.0
692ad2e3,actin,DMSO,16,cytoplasm,102804,rna_type,mean,1249.2472180070815
692ad2e3,actin,DMSO,16,cytoplasm,102804,rna_type,median,1053.0
692ad2e3,actin,DMSO,16,nucleo_cytoplasm,125089,granule,sum,93956549.0
692ad2e3,actin,DMSO,16,nucleo_cytoplasm,125089,granule,mean,751.1175962714548
692ad2e3,actin,DMSO,16,nucleo_cytoplasm,125089,granule,median,526.0
692ad2e3,actin,DMSO,16,nucleo_cytoplasm,125089,pla,sum,134251750.0
692ad2e3,actin,DMSO,16,nucleo_cytoplasm,125089,pla,mean,1073.24984610957
692ad2e3,actin,DMSO,16,nucleo_cytoplasm,125089,pla,median,939.0
692ad2e3,actin,DMSO,16,nucleo_cytoplasm,125089,rna_type,sum,155366141.0
692ad2e3,actin,DMSO,16,nucleo_cytoplasm,125089,rna_type,mean,1242.044792108019
692ad2e3,actin,DMSO,16,nucleo_cytoplasm,125089,rna_type,median,1047.0
56cc95c4,vasa,CHX,13,granule,4942,granule,sum,31550934.0
56cc95c4,vasa,CHX,13,granule,4942,granule,mean,6384.244030756779
56cc95c4,vasa,CHX,13,granule,4942,granule,median,5856.0
56cc95c4,vasa,CHX,13,granule,4942,pla,sum,4723570.0
56cc95c4,vasa,CHX,13,granule,4942,pla,mean,955.8012950222582
56cc95c4,vasa,CHX,13,granule,4942,pla,median,841.0
56cc95c4,vasa,CHX,13,granule,4942,rna_type,sum,6013471.0
56cc95c4,vasa,CHX,13,granule,4942,rna_type,mean,1216.809186564144
56cc95c4,vasa,CHX,13,granule,4942,rna_type,median,1031.0
56cc95c4,vasa,CHX,13,cell,104808,granule,sum,139566710.0
56cc95c4,vasa,CHX,13,cell,104808,granule,mean,1331.641763987482
56cc95c4,vasa,CHX,13,cell,104808,granule,median,848.0
56cc95c4,vasa,CHX,13,cell,104808,pla,sum,91130448.0
56cc95c4,vasa,CHX,13,cell,104808,pla,mean,869.4989695443096
56cc95c4,vasa,CHX,13,cell,104808,pla,median,751.0
56cc95c4,vasa,CHX,13,cell,104808,rna_type,sum,96768885.0
56cc95c4,vasa,CHX,13,cell,104808,rna_type,mean,923.2967426150675
56cc95c4,vasa,CHX,13,cell,104808,rna_type,median,766.0
56cc95c4,vasa,CHX,13,granule_periphery,9971,granule,sum,25267582.0
56cc95c4,vasa,CHX,13,granule_periphery,9971,granule,mean,2534.1071106208005
56cc95c4,vasa,CHX,13,granule_periphery,9971,granule,median,2217.0
56cc95c4,vasa,CHX,13,granule_periphery,9971,pla,sum,9285660.0
56cc95c4,vasa,CHX,13,granule_periphery,9971,pla,mean,931.2666733527229
56cc95c4,vasa,CHX,13,granule_periphery,9971,pla,median,807.0
56cc95c4,vasa,CHX,13,granule_periphery,9971,rna_type,sum,10420046.0
56cc95c4,vasa,CHX,13,granule_periphery,9971,rna_type,mean,1045.0352020860496
56cc95c4,vasa,CHX,13,granule_periphery,9971,rna_type,median,887.0
56cc95c4,vasa,CHX,13,pseudo_nucleus,24673,granule,sum,58809231.0
56cc95c4,vasa,CHX,13,pseudo_nucleus,24673,granule,mean,2383.5460219673328
56cc95c4,vasa,CHX,13,pseudo_nucleus,24673,granule,median,1675.0
56cc95c4,vasa,CHX,13,pseudo_nucleus,24673,pla,sum,21679880.0
56cc95c4,vasa,CHX,13,pseudo_nucleus,24673,pla,mean,878.6884448587525
56cc95c4,vasa,CHX,13,pseudo_nucleus,24673,pla,median,764.0
56cc95c4,vasa,CHX,13,pseudo_nucleus,24673,rna_type,sum,23336643.0
56cc95c4,vasa,CHX,13,pseudo_nucleus,24673,rna_type,mean,945.8372715113687
56cc95c4,vasa,CHX,13,pseudo_nucleus,24673,rna_type,median,784.0
56cc95c4,vasa,CHX,13,cytoplasm,74368,granule,sum,60769371.0
56cc95c4,vasa,CHX,13,cytoplasm,74368,granule,mean,817.1440807874354
56cc95c4,vasa,CHX,13,cytoplasm,74368,granule,median,639.0
56cc95c4,vasa,CHX,13,cytoplasm,74368,pla,sum,63954708.0
56cc95c4,vasa,CHX,13,cytoplasm,74368,pla,mean,859.9761725473322
56cc95c4,vasa,CHX,13,cytoplasm,74368,pla,median,742.0
56cc95c4,vasa,CHX,13,cytoplasm,74368,rna_type,sum,66995395.0
56cc95c4,vasa,CHX,13,cytoplasm,74368,rna_type,mean,900.8632072934596
56cc95c4,vasa,CHX,13,cytoplasm,74368,rna_type,median,745.0
56cc95c4,vasa,CHX,13,nucleo_cytoplasm,89895,granule,sum,82748194.0
56cc95c4,vasa,CHX,13,nucleo_cytoplasm,89895,granule,mean,920.4982924523055
56cc95c4,vasa,CHX,13,nucleo_cytoplasm,89895,granule,median,718.0
56cc95c4,vasa,CHX,13,nucleo_cytoplasm,89895,pla,sum,77121218.0
56cc95c4,vasa,CHX,13,nucleo_cytoplasm,89895,pla,mean,857.9033094165416
56cc95c4,vasa,CHX,13,nucleo_cytoplasm,89895,pla,median,741.0
56cc95c4,vasa,CHX,13,nucleo_cytoplasm,89895,rna_type,sum,80335368.0
56cc95c4,vasa,CHX,13,nucleo_cytoplasm,89895,rna_type,mean,893.6578007675622
56cc95c4,vasa,CHX,13,nucleo_cytoplasm,89895,rna_type,median,740.0
1a71c5be,actin,CHX,15,granule,4639,granule,sum,93735138.0
1a71c5be,actin,CHX,15,granule,4639,granule,mean,20205.89308040526
1a71c5be,actin,CHX,15,granule,4639,granule,median,20443.0
1a71c5be,actin,CHX,15,granule,4639,pla,sum,11223612.0
1a71c5be,actin,CHX,15,granule,4639,pla,mean,2419.4033196809655
1a71c5be,actin,CHX,15,granule,4639,pla,median,2223.0
1a71c5be,actin,CHX,15,granule,4639,rna_type,sum,15338276.0
1a71c5be,actin,CHX,15,granule,4639,rna_type,mean,3306.3755119637854
1a71c5be,actin,CHX,15,granule,4639,rna_type,median,2982.0
1a71c5be,actin,CHX,15,cell,54308,granule,sum,144072706.0
1a71c5be,actin,CHX,15,cell,54308,granule,mean,2652.881822199308
1a71c5be,actin,CHX,15,cell,54308,granule,median,803.0
1a71c5be,actin,CHX,15,cell,54308,pla,sum,104767123.0
1a71c5be,actin,CHX,15,cell,54308,pla,mean,1929.128728732415
1a71c5be,actin,CHX,15,cell,54308,pla,median,1729.0
1a71c5be,actin,CHX,15,cell,54308,rna_type,sum,113820764.0
1a71c5be,actin,CHX,15,cell,54308,rna_type,mean,2095.837887604036
1a71c5be,actin,CHX,15,cell,54308,rna_type,median,1770.0
1a71c5be,actin,CHX,15,granule_periphery,3037,granule,sum,9215788.0
1a71c5be,actin,CHX,15,granule_periphery,3037,granule,mean,3034.5037866315442
1a71c5be,actin,CHX,15,granule_periphery,3037,granule,median,2506.0
1a71c5be,actin,CHX,15,granule_periphery,3037,pla,sum,7287994.0
1a71c5be,actin,CHX,15,granule_periphery,3037,pla,mean,2399.7346065195916
1a71c5be,actin,CHX,15,granule_periphery,3037,pla,median,2149.0
1a71c5be,actin,CHX,15,granule_periphery,3037,rna_type,sum,8045545.0
1a71c5be,actin,CHX,15,granule_periphery,3037,rna_type,mean,2649.175172867962
1a71c5be,actin,CHX,15,granule_periphery,3037,rna_type,median,2275.0
1a71c5be,actin,CHX,15,pseudo_nucleus,160,granule,sum,1181957.0
1a71c5be,actin,CHX,15,pseudo_nucleus,160,granule,mean,7387.23125
1a71c5be,actin,CHX,15,pseudo_nucleus,160,granule,median,1585.0
1a71c5be,actin,CHX,15,pseudo_nucleus,160,pla,sum,388015.0
1a71c5be,actin,CHX,15,pseudo_nucleus,160,pla,mean,2425.09375
1a71c5be,actin,CHX,15,pseudo_nucleus,160,pla,median,2237.0
1a71c5be,actin,CHX,15,pseudo_nucleus,160,rna_type,sum,411305.0
1a71c5be,actin,CHX,15,pseudo_nucleus,160,rna_type,mean,2570.65625
1a71c5be,actin,CHX,15,pseudo_nucleus,160,rna_type,median,2286.0
1a71c5be,actin,CHX,15,cytoplasm,46705,granule,sum,41211487.0
1a71c5be,actin,CHX,15,cytoplasm,46705,granule,mean,882.3784819612462
1a71c5be,actin,CHX,15,cytoplasm,46705,granule,median,666.0
1a71c5be,actin,CHX,15,cytoplasm,46705,pla,sum,86363179.0
1a71c5be,actin,CHX,15,cytoplasm,46705,pla,mean,1849.1206294829246
1a71c5be,actin,CHX,15,cytoplasm,46705,pla,median,1663.0
1a71c5be,actin,CHX,15,cytoplasm,46705,rna_type,sum,90525159.0
1a71c5be,actin,CHX,15,cytoplasm,46705,rna_type,mean,1938.2327159832994
1a71c5be,actin,CHX,15,cytoplasm,46705,rna_type,median,1654.0
1a71c5be,actin,CHX,15,nucleo_cytoplasm,46804,granule,sum,41313889.0
1a71c5be,actin,CHX,15,nucleo_cytoplasm,46804,granule,mean,882.6999615417486
1a71c5be,actin,CHX,15,nucleo_cytoplasm,46804,granule,median,667.0
1a71c5be,actin,CHX,15,nucleo_cytoplasm,46804,pla,sum,86581947.0
1a71c5be,actin,CHX,15,nucleo_cytoplasm,46804,pla,mean,1849.8834928638578
1a71c5be,actin,CHX,15,nucleo_cytoplasm,46804,pla,median,1663.0
1a71c5be,actin,CHX,15,nucleo_cytoplasm,46804,rna_type,sum,90763977.0
1a71c5be,actin,CHX,15,nucleo_cytoplasm,46804,rna_type,mean,1939.235471327237
1a71c5be,actin,CHX,15,nucleo_cytoplasm,46804,rna_type,median,1655.0
c97c948f,vasa,DMSO,19,granule,5563,granule,sum,50118108.0
c97c948f,vasa,DMSO,19,granule,5563,granule,mean,9009.18712924681
c97c948f,vasa,DMSO,19,granule,5563,granule,median,7968.0
c97c948f,vasa,DMSO,19,granule,5563,pla,sum,15317632.0
c97c948f,vasa,DMSO,19,granule,5563,pla,mean,2753.4840913176345
c97c948f,vasa,DMSO,19,granule,5563,pla,median,2409.0
c97c948f,vasa,DMSO,19,granule,5563,rna_type,sum,34853995.0
c97c948f,vasa,DMSO,19,granule,5563,rna_type,mean,6265.323566420996
c97c948f,vasa,DMSO,19,granule,5563,rna_type,median,5565.0
c97c948f,vasa,DMSO,19,cell,107317,granule,sum,157918994.0
c97c948f,vasa,DMSO,19,cell,107317,granule,mean,1471.518901944706
c97c948f,vasa,DMSO,19,cell,107317,granule,median,879.0
c97c948f,vasa,DMSO,19,cell,107317,pla,sum,217577548.0
c97c948f,vasa,DMSO,19,cell,107317,pla,mean,2027.4285341558189
c97c948f,vasa,DMSO,19,cell,107317,pla,median,1717.0
c97c948f,vasa,DMSO,19,cell,107317,rna_type,sum,498839679.0
c97c948f,vasa,DMSO,19,cell,107317,rna_type,mean,4648.281996328634
c97c948f,vasa,DMSO,19,cell,107317,rna_type,median,3660.0
c97c948f,vasa,DMSO,19,granule_periphery,13049,granule,sum,24972607.0
c97c948f,vasa,DMSO,19,granule_periphery,13049,granule,mean,1913.7563797992184
c97c948f,vasa,DMSO,19,granule_periphery,13049,granule,median,1609.0
c97c948f,vasa,DMSO,19,granule_periphery,13049,pla,sum,27227323.0
c97c948f,vasa,DMSO,19,granule_periphery,13049,pla,mean,2086.544792704422
c97c948f,vasa,DMSO,19,granule_periphery,13049,pla,median,1809.0
c97c948f,vasa,DMSO,19,granule_periphery,13049,rna_type,sum,59795028.0
c97c948f,vasa,DMSO,19,granule_periphery,13049,rna_type,mean,4582.34562035405
c97c948f,vasa,DMSO,19,granule_periphery,13049,rna_type,median,3662.0
c97c948f,vasa,DMSO,19,pseudo_nucleus,28202,granule,sum,55579915.0
c97c948f,vasa,DMSO,19,pseudo_nucleus,28202,granule,mean,1970.7792000567335
c97c948f,vasa,DMSO,19,pseudo_nucleus,28202,granule,median,1173.0
c97c948f,vasa,DMSO,19,pseudo_nucleus,28202,pla,sum,49511757.0
c97c948f,vasa,DMSO,19,pseudo_nucleus,28202,pla,mean,1755.6115523721721
c97c948f,vasa,DMSO,19,pseudo_nucleus,28202,pla,median,1526.0
c97c948f,vasa,DMSO,19,pseudo_nucleus,28202,rna_type,sum,94196249.0
c97c948f,vasa,DMSO,19,pseudo_nucleus,28202,rna_type,mean,3340.0556343521735
c97c948f,vasa,DMSO,19,pseudo_nucleus,28202,rna_type,median,2663.0
c97c948f,vasa,DMSO,19,cytoplasm,70599,granule,sum,63714873.0
c97c948f,vasa,DMSO,19,cytoplasm,70599,granule,mean,902.4897378149832
c97c948f,vasa,DMSO,19,cytoplasm,70599,granule,median,722.0
c97c948f,vasa,DMSO,19,cytoplasm,70599,pla,sum,146766855.0
c97c948f,vasa,DMSO,19,cytoplasm,70599,pla,mean,2078.8800832872985
c97c948f,vasa,DMSO,19,cytoplasm,70599,pla,median,1756.0
c97c948f,vasa,DMSO,19,cytoplasm,70599,rna_type,sum,355131604.0
c97c948f,vasa,DMSO,19,cytoplasm,70599,rna_type,mean,5030.263941415601
c97c948f,vasa,DMSO,19,cytoplasm,70599,rna_type,median,4005.0
c97c948f,vasa,DMSO,19,nucleo_cytoplasm,88705,granule,sum,82828279.0
c97c948f,vasa,DMSO,19,nucleo_cytoplasm,88705,granule,mean,933.7498337185051
c97c948f,vasa,DMSO,19,nucleo_cytoplasm,88705,granule,median,748.0
c97c948f,vasa,DMSO,19,nucleo_cytoplasm,88705,pla,sum,175032593.0
c97c948f,vasa,DMSO,19,nucleo_cytoplasm,88705,pla,mean,1973.1987261146496
c97c948f,vasa,DMSO,19,nucleo_cytoplasm,88705,pla,median,1668.0
c97c948f,vasa,DMSO,19,nucleo_cytoplasm,88705,rna_type,sum,404190656.0
c97c948f,vasa,DMSO,19,nucleo_cytoplasm,88705,rna_type,mean,4556.57128684967
c97c948f,vasa,DMSO,19,nucleo_cytoplasm,88705,rna_type,median,3562.0
faae4d88,vasa,CHX,22,granule,4439,granule,sum,34631872.0
faae4d88,vasa,CHX,22,granule,4439,granule,mean,7801.728317188556
faae4d88,vasa,CHX,22,granule,4439,granule,median,7317.0
faae4d88,vasa,CHX,22,granule,4439,pla,sum,5038688.0
faae4d88,vasa,CHX,22,granule,4439,pla,mean,1135.095291732372
faae4d88,vasa,CHX,22,granule,4439,pla,median,1010.0
faae4d88,vasa,CHX,22,granule,4439,rna_type,sum,4309645.0
faae4d88,vasa,CHX,22,granule,4439,rna_type,mean,970.8594277990538
faae4d88,vasa,CHX,22,granule,4439,rna_type,median,791.0
faae4d88,vasa,CHX,22,cell,114735,granule,sum,186961105.0
faae4d88,vasa,CHX,22,cell,114735,granule,mean,1629.5036823985706
faae4d88,vasa,CHX,22,cell,114735,granule,median,1091.0
faae4d88,vasa,CHX,22,cell,114735,pla,sum,122499670.0
faae4d88,vasa,CHX,22,cell,114735,pla,mean,1067.6748158800715
faae4d88,vasa,CHX,22,cell,114735,pla,median,947.0
faae4d88,vasa,CHX,22,cell,114735,rna_type,sum,94797782.0
faae4d88,vasa,CHX,22,cell,114735,rna_type,mean,826.2324661175753
faae4d88,vasa,CHX,22,cell,114735,rna_type,median,655.0
faae4d88,vasa,CHX,22,granule_periphery,12515,granule,sum,38112050.0
faae4d88,vasa,CHX,22,granule_periphery,12515,granule,mean,3045.3096284458647
faae4d88,vasa,CHX,22,granule_periphery,12515,granule,median,2785.0
faae4d88,vasa,CHX,22,granule_periphery,12515,pla,sum,13770767.0
faae4d88,vasa,CHX,22,granule_periphery,12515,pla,mean,1100.3409508589693
faae4d88,vasa,CHX,22,granule_periphery,12515,pla,median,986.0
faae4d88,vasa,CHX,22,granule_periphery,12515,rna_type,sum,11427757.0
faae4d88,vasa,CHX,22,granule_periphery,12515,rna_type,mean,913.1248102277267
faae4d88,vasa,CHX,22,granule_periphery,12515,rna_type,median,738.0
faae4d88,vasa,CHX,22,pseudo_nucleus,27895,granule,sum,75782841.0
faae4d88,vasa,CHX,22,pseudo_nucleus,27895,granule,mean,2716.717727191253
faae4d88,vasa,CHX,22,pseudo_nucleus,27895,granule,median,2150.0
faae4d88,vasa,CHX,22,pseudo_nucleus,27895,pla,sum,27424582.0
faae4d88,vasa,CHX,22,pseudo_nucleus,27895,pla,mean,983.1361175837964
faae4d88,vasa,CHX,22,pseudo_nucleus,27895,pla,median,868.0
faae4d88,vasa,CHX,22,pseudo_nucleus,27895,rna_type,sum,20050290.0
faae4d88,vasa,CHX,22,pseudo_nucleus,27895,rna_type,mean,718.7772002150923
faae4d88,vasa,CHX,22,pseudo_nucleus,27895,rna_type,median,576.0
faae4d88,vasa,CHX,22,cytoplasm,77869,granule,sum,74900721.0
faae4d88,vasa,CHX,22,cytoplasm,77869,granule,mean,961.8811208568236
faae4d88,vasa,CHX,22,cytoplasm,77869,granule,median,765.0
faae4d88,vasa,CHX,22,cytoplasm,77869,pla,sum,84626234.0
faae4d88,vasa,CHX,22,cytoplasm,77869,pla,mean,1086.776945896313
faae4d88,vasa,CHX,22,cytoplasm,77869,pla,median,967.0
faae4d88,vasa,CHX,22,cytoplasm,77869,rna_type,sum,65657507.0
faae4d88,vasa,CHX,22,cytoplasm,77869,rna_type,mean,843.1790186081753
faae4d88,vasa,CHX,22,cytoplasm,77869,rna_type,median,669.0
faae4d88,vasa,CHX,22,nucleo_cytoplasm,97781,granule,sum,114217183.0
faae4d88,vasa,CHX,22,nucleo_cytoplasm,97781,granule,mean,1168.0917867479368
faae4d88,vasa,CHX,22,nucleo_cytoplasm,97781,granule,median,917.0
faae4d88,vasa,CHX,22,nucleo_cytoplasm,97781,pla,sum,103690215.0
faae4d88,vasa,CHX,22,nucleo_cytoplasm,97781,pla,mean,1060.4331618617114
faae4d88,vasa,CHX,22,nucleo_cytoplasm,97781,pla,median,939.0
faae4d88,vasa,CHX,22,nucleo_cytoplasm,97781,rna_type,sum,79060380.0
faae4d88,vasa,CHX,22,nucleo_cytoplasm,97781,rna_type,mean,808.545422934926
faae4d88,vasa,CHX,22,nucleo_cytoplasm,97781,rna_type,median,639.0
5ff6a536,vasa,CHX,6,granule,4611,granule,sum,80277943.0
5ff6a536,vasa,CHX,6,granule,4611,granule,mean,17410.09390587725
5ff6a536,vasa,CHX,6,granule,4611,granule,median,15213.0
5ff6a536,vasa,CHX,6,granule,4611,pla,sum,6583306.0
5ff6a536,vasa,CHX,6,granule,4611,pla,mean,1427.7393190197354
5ff6a536,vasa,CHX,6,granule,4611,pla,median,1287.0
5ff6a536,vasa,CHX,6,granule,4611,rna_type,sum,7802543.0
5ff6a536,vasa,CHX,6,granule,4611,rna_type,mean,1692.158533940577
5ff6a536,vasa,CHX,6,granule,4611,rna_type,median,1333.0
5ff6a536,vasa,CHX,6,cell,78246,granule,sum,236406656.0
5ff6a536,vasa,CHX,6,cell,78246,granule,mean,3021.325767451371
5ff6a536,vasa,CHX,6,cell,78246,granule,median,1543.0
5ff6a536,vasa,CHX,6,cell,78246,pla,sum,96185371.0
5ff6a536,vasa,CHX,6,cell,78246,pla,mean,1229.268857193978
5ff6a536,vasa,CHX,6,cell,78246,pla,median,1094.0
5ff6a536,vasa,CHX,6,cell,78246,rna_type,sum,83035140.0
5ff6a536,vasa,CHX,6,cell,78246,rna_type,mean,1061.206195843877
5ff6a536,vasa,CHX,6,cell,78246,rna_type,median,811.0
5ff6a536,vasa,CHX,6,granule_periphery,10614,granule,sum,57378944.0
5ff6a536,vasa,CHX,6,granule_periphery,10614,granule,mean,5405.967966836254
5ff6a536,vasa,CHX,6,granule_periphery,10614,granule,median,4887.0
5ff6a536,vasa,CHX,6,granule_periphery,10614,pla,sum,14081608.0
5ff6a536,vasa,CHX,6,granule_periphery,10614,pla,mean,1326.7013378556624
5ff6a536,vasa,CHX,6,granule_periphery,10614,pla,median,1193.5
5ff6a536,vasa,CHX,6,granule_periphery,10614,rna_type,sum,14776612.0
5ff6a536,vasa,CHX,6,granule_periphery,10614,rna_type,mean,1392.1812700207274
5ff6a536,vasa,CHX,6,granule_periphery,10614,rna_type,median,1072.0
5ff6a536,vasa,CHX,6,pseudo_nucleus,17568,granule,sum,99971966.0
5ff6a536,vasa,CHX,6,pseudo_nucleus,17568,granule,mean,5690.571835154827
5ff6a536,vasa,CHX,6,pseudo_nucleus,17568,granule,median,3771.0
5ff6a536,vasa,CHX,6,pseudo_nucleus,17568,pla,sum,19706583.0
5ff6a536,vasa,CHX,6,pseudo_nucleus,17568,pla,mean,1121.7317281420765
5ff6a536,vasa,CHX,6,pseudo_nucleus,17568,pla,median,992.0
5ff6a536,vasa,CHX,6,pseudo_nucleus,17568,rna_type,sum,16309417.0
5ff6a536,vasa,CHX,6,pseudo_nucleus,17568,rna_type,mean,928.3593465391621
5ff6a536,vasa,CHX,6,pseudo_nucleus,17568,rna_type,median,730.0
5ff6a536,vasa,CHX,6,cytoplasm,52360,granule,sum,66921549.0
5ff6a536,vasa,CHX,6,cytoplasm,52360,granule,mean,1278.1044499618029
5ff6a536,vasa,CHX,6,cytoplasm,52360,granule,median,1046.0
5ff6a536,vasa,CHX,6,cytoplasm,52360,pla,sum,64512377.0
5ff6a536,vasa,CHX,6,cytoplasm,52360,pla,mean,1232.0927616501147
5ff6a536,vasa,CHX,6,cytoplasm,52360,pla,median,1097.0
5ff6a536,vasa,CHX,6,cytoplasm,52360,rna_type,sum,52480728.0
5ff6a536,vasa,CHX,6,cytoplasm,52360,rna_type,mean,1002.3057295645531
5ff6a536,vasa,CHX,6,cytoplasm,52360,rna_type,median,778.0
5ff6a536,vasa,CHX,6,nucleo_cytoplasm,63021,granule,sum,98749769.0
5ff6a536,vasa,CHX,6,nucleo_cytoplasm,63021,granule,mean,1566.9343393472018
5ff6a536,vasa,CHX,6,nucleo_cytoplasm,63021,granule,median,1218.0
5ff6a536,vasa,CHX,6,nucleo_cytoplasm,63021,pla,sum,75520457.0
5ff6a536,vasa,CHX,6,nucleo_cytoplasm,63021,pla,mean,1198.3379667095096
5ff6a536,vasa,CHX,6,nucleo_cytoplasm,63021,pla,median,1065.0
5ff6a536,vasa,CHX,6,nucleo_cytoplasm,63021,rna_type,sum,60455985.0
5ff6a536,vasa,CHX,6,nucleo_cytoplasm,63021,rna_type,mean,959.2990431760842
5ff6a536,vasa,CHX,6,nucleo_cytoplasm,63021,rna_type,median,746.0
e5e07184,vasa,DMSO,22,granule,2981,granule,sum,19917947.0
e5e07184,vasa,DMSO,22,granule,2981,granule,mean,6681.6326735994635
e5e07184,vasa,DMSO,22,granule,2981,granule,median,6082.0
e5e07184,vasa,DMSO,22,granule,2981,pla,sum,9323081.0
e5e07184,vasa,DMSO,22,granule,2981,pla,mean,3127.50117410265
e5e07184,vasa,DMSO,22,granule,2981,pla,median,2596.0
e5e07184,vasa,DMSO,22,granule,2981,rna_type,sum,11452212.0
e5e07184,vasa,DMSO,22,granule,2981,rna_type,mean,3841.7349882589733
e5e07184,vasa,DMSO,22,granule,2981,rna_type,median,1967.0
e5e07184,vasa,DMSO,22,cell,76067,granule,sum,122439156.0
e5e07184,vasa,DMSO,22,cell,76067,granule,mean,1609.6225169915995
e5e07184,vasa,DMSO,22,cell,76067,granule,median,1158.0
e5e07184,vasa,DMSO,22,cell,76067,pla,sum,189795098.0
e5e07184,vasa,DMSO,22,cell,76067,pla,mean,2495.104289639397
e5e07184,vasa,DMSO,22,cell,76067,pla,median,2164.0
e5e07184,vasa,DMSO,22,cell,76067,rna_type,sum,154438598.0
e5e07184,vasa,DMSO,22,cell,76067,rna_type,mean,2030.296948742556
e5e07184,vasa,DMSO,22,cell,76067,rna_type,median,1355.0
e5e07184,vasa,DMSO,22,granule_periphery,11501,granule,sum,28336773.0
e5e07184,vasa,DMSO,22,granule_periphery,11501,granule,mean,2463.852969307017
e5e07184,vasa,DMSO,22,granule_periphery,11501,granule,median,2185.0
e5e07184,vasa,DMSO,22,granule_periphery,11501,pla,sum,33851017.0
e5e07184,vasa,DMSO,22,granule_periphery,11501,pla,mean,2943.310755586471
e5e07184,vasa,DMSO,22,granule_periphery,11501,pla,median,2505.0
e5e07184,vasa,DMSO,22,granule_periphery,11501,rna_type,sum,37720653.0
e5e07184,vasa,DMSO,22,granule_periphery,11501,rna_type,mean,3279.7715850795585
e5e07184,vasa,DMSO,22,granule_periphery,11501,rna_type,median,1719.0
e5e07184,vasa,DMSO,22,pseudo_nucleus,24374,granule,sum,57584273.0
e5e07184,vasa,DMSO,22,pseudo_nucleus,24374,granule,mean,2362.52863707229
e5e07184,vasa,DMSO,22,pseudo_nucleus,24374,granule,median,1916.5
e5e07184,vasa,DMSO,22,pseudo_nucleus,24374,pla,sum,86060391.0
e5e07184,vasa,DMSO,22,pseudo_nucleus,24374,pla,mean,3530.827562156396
e5e07184,vasa,DMSO,22,pseudo_nucleus,24374,pla,median,3336.0
e5e07184,vasa,DMSO,22,pseudo_nucleus,24374,rna_type,sum,54910503.0
e5e07184,vasa,DMSO,22,pseudo_nucleus,24374,rna_type,mean,2252.831008451629
e5e07184,vasa,DMSO,22,pseudo_nucleus,24374,rna_type,median,1617.0
e5e07184,vasa,DMSO,22,cytoplasm,45090,granule,sum,44168666.0
e5e07184,vasa,DMSO,22,cytoplasm,45090,granule,mean,979.5667775559991
e5e07184,vasa,DMSO,22,cytoplasm,45090,granule,median,782.0
e5e07184,vasa,DMSO,22,cytoplasm,45090,pla,sum,86605569.0
e5e07184,vasa,DMSO,22,cytoplasm,45090,pla,mean,1920.726746506986
e5e07184,vasa,DMSO,22,cytoplasm,45090,pla,median,1732.0
e5e07184,vasa,DMSO,22,cytoplasm,45090,rna_type,sum,74877339.0
e5e07184,vasa,DMSO,22,cytoplasm,45090,rna_type,mean,1660.6196274118429
e5e07184,vasa,DMSO,22,cytoplasm,45090,rna_type,median,1176.0
e5e07184,vasa,DMSO,22,nucleo_cytoplasm,61723,granule,sum,74365306.0
e5e07184,vasa,DMSO,22,nucleo_cytoplasm,61723,granule,mean,1204.823258752815
e5e07184,vasa,DMSO,22,nucleo_cytoplasm,61723,granule,median,966.0
e5e07184,vasa,DMSO,22,nucleo_cytoplasm,61723,pla,sum,146921241.0
e5e07184,vasa,DMSO,22,nucleo_cytoplasm,61723,pla,mean,2380.332145229493
e5e07184,vasa,DMSO,22,nucleo_cytoplasm,61723,pla,median,2088.0
e5e07184,vasa,DMSO,22,nucleo_cytoplasm,61723,rna_type,sum,105419941.0
e5e07184,vasa,DMSO,22,nucleo_cytoplasm,61723,rna_type,mean,1707.952319232701
e5e07184,vasa,DMSO,22,nucleo_cytoplasm,61723,rna_type,median,1276.0
0c71bdfa,vasa,CHX,21,granule,6315,granule,sum,56065440.0
0c71bdfa,vasa,CHX,21,granule,6315,granule,mean,8878.137767220902
0c71bdfa,vasa,CHX,21,granule,6315,granule,median,8448.0
0c71bdfa,vasa,CHX,21,granule,6315,pla,sum,7801896.0
0c71bdfa,vasa,CHX,21,granule,6315,pla,mean,1235.4546318289786
0c71bdfa,vasa,CHX,21,granule,6315,pla,median,1116.0
0c71bdfa,vasa,CHX,21,granule,6315,rna_type,sum,6447064.0
0c71bdfa,vasa,CHX,21,granule,6315,rna_type,mean,1020.9127474267617
0c71bdfa,vasa,CHX,21,granule,6315,rna_type,median,840.0
0c71bdfa,vasa,CHX,21,cell,147939,granule,sum,272718228.0
0c71bdfa,vasa,CHX,21,cell,147939,granule,mean,1843.4505302861314
0c71bdfa,vasa,CHX,21,cell,147939,granule,median,1183.0
0c71bdfa,vasa,CHX,21,cell,147939,pla,sum,177723056.0
0c71bdfa,vasa,CHX,21,cell,147939,pla,mean,1201.3266008287198
0c71bdfa,vasa,CHX,21,cell,147939,pla,median,1068.0
0c71bdfa,vasa,CHX,21,cell,147939,rna_type,sum,152060544.0
0c71bdfa,vasa,CHX,21,cell,147939,rna_type,mean,1027.8597530063066
0c71bdfa,vasa,CHX,21,cell,147939,rna_type,median,798.0
0c71bdfa,vasa,CHX,21,granule_periphery,13083,granule,sum,51635401.0
0c71bdfa,vasa,CHX,21,granule_periphery,13083,granule,mean,3946.75540778109
0c71bdfa,vasa,CHX,21,granule_periphery,13083,granule,median,3698.0
0c71bdfa,vasa,CHX,21,granule_periphery,13083,pla,sum,15166172.0
0c71bdfa,vasa,CHX,21,granule_periphery,13083,pla,mean,1159.227394328518
0c71bdfa,vasa,CHX,21,granule_periphery,13083,pla,median,1043.0
0c71bdfa,vasa,CHX,21,granule_periphery,13083,rna_type,sum,11699553.0
0c71bdfa,vasa,CHX,21,granule_periphery,13083,rna_type,mean,894.2561339142399
0c71bdfa,vasa,CHX,21,granule_periphery,13083,rna_type,median,731.0
0c71bdfa,vasa,CHX,21,pseudo_nucleus,34320,granule,sum,111589731.0
0c71bdfa,vasa,CHX,21,pseudo_nucleus,34320,granule,mean,3251.4490384615383
0c71bdfa,vasa,CHX,21,pseudo_nucleus,34320,granule,median,2538.0
0c71bdfa,vasa,CHX,21,pseudo_nucleus,34320,pla,sum,37051983.0
0c71bdfa,vasa,CHX,21,pseudo_nucleus,34320,pla,mean,1079.6032342657343
0c71bdfa,vasa,CHX,21,pseudo_nucleus,34320,pla,median,966.0
0c71bdfa,vasa,CHX,21,pseudo_nucleus,34320,rna_type,sum,26564641.0
0c71bdfa,vasa,CHX,21,pseudo_nucleus,34320,rna_type,mean,774.0280011655011
0c71bdfa,vasa,CHX,21,pseudo_nucleus,34320,rna_type,median,617.0
0c71bdfa,vasa,CHX,21,cytoplasm,105311,granule,sum,115911349.0
0c71bdfa,vasa,CHX,21,cytoplasm,105311,granule,mean,1100.657566635964
0c71bdfa,vasa,CHX,21,cytoplasm,105311,granule,median,893.0
0c71bdfa,vasa,CHX,21,cytoplasm,105311,pla,sum,130425346.0
0c71bdfa,vasa,CHX,21,cytoplasm,105311,pla,mean,1238.4778987949976
0c71bdfa,vasa,CHX,21,cytoplasm,105311,pla,median,1100.0
0c71bdfa,vasa,CHX,21,cytoplasm,105311,rna_type,sum,117332447.0
0c71bdfa,vasa,CHX,21,cytoplasm,105311,rna_type,mean,1114.151864477595
0c71bdfa,vasa,CHX,21,cytoplasm,105311,rna_type,median,867.0
0c71bdfa,vasa,CHX,21,nucleo_cytoplasm,128541,granule,sum,165017387.0
0c71bdfa,vasa,CHX,21,nucleo_cytoplasm,128541,granule,mean,1283.772391688255
0c71bdfa,vasa,CHX,21,nucleo_cytoplasm,128541,granule,median,1010.0
0c71bdfa,vasa,CHX,21,nucleo_cytoplasm,128541,pla,sum,154754988.0
0c71bdfa,vasa,CHX,21,nucleo_cytoplasm,128541,pla,mean,1203.934837911639
0c71bdfa,vasa,CHX,21,nucleo_cytoplasm,128541,pla,median,1068.0
0c71bdfa,vasa,CHX,21,nucleo_cytoplasm,128541,rna_type,sum,133913927.0
0c71bdfa,vasa,CHX,21,nucleo_cytoplasm,128541,rna_type,mean,1041.7993247290747
0c71bdfa,vasa,CHX,21,nucleo_cytoplasm,128541,rna_type,median,804.0
e44ff4dd,actin,PatA,1,granule,8659,granule,sum,76795253.0
e44ff4dd,actin,PatA,1,granule,8659,granule,mean,8868.836239750548
e44ff4dd,actin,PatA,1,granule,8659,granule,median,7809.0
e44ff4dd,actin,PatA,1,granule,8659,pla,sum,7687172.0
e44ff4dd,actin,PatA,1,granule,8659,pla,mean,887.7667167109366
e44ff4dd,actin,PatA,1,granule,8659,pla,median,760.0
e44ff4dd,actin,PatA,1,granule,8659,rna_type,sum,8212949.0
e44ff4dd,actin,PatA,1,granule,8659,rna_type,mean,948.487007737614
e44ff4dd,actin,PatA,1,granule,8659,rna_type,median,745.0
e44ff4dd,actin,PatA,1,cell,114958,granule,sum,257224286.0
e44ff4dd,actin,PatA,1,cell,114958,granule,mean,2237.550113954662
e44ff4dd,actin,PatA,1,cell,114958,granule,median,1405.0
e44ff4dd,actin,PatA,1,cell,114958,pla,sum,94614009.0
e44ff4dd,actin,PatA,1,cell,114958,pla,mean,823.0310983141669
e44ff4dd,actin,PatA,1,cell,114958,pla,median,691.0
e44ff4dd,actin,PatA,1,cell,114958,rna_type,sum,90819739.0
e44ff4dd,actin,PatA,1,cell,114958,rna_type,mean,790.0253918822526
e44ff4dd,actin,PatA,1,cell,114958,rna_type,median,584.0
e44ff4dd,actin,PatA,1,granule_periphery,15234,granule,sum,55797839.0
e44ff4dd,actin,PatA,1,granule_periphery,15234,granule,mean,3662.717539713798
e44ff4dd,actin,PatA,1,granule_periphery,15234,granule,median,3370.0
e44ff4dd,actin,PatA,1,granule_periphery,15234,pla,sum,12991695.0
e44ff4dd,actin,PatA,1,granule_periphery,15234,pla,mean,852.8091768412761
e44ff4dd,actin,PatA,1,granule_periphery,15234,pla,median,725.0
e44ff4dd,actin,PatA,1,granule_periphery,15234,rna_type,sum,13076200.0
e44ff4dd,actin,PatA,1,granule_periphery,15234,rna_type,mean,858.3563082578443
e44ff4dd,actin,PatA,1,granule_periphery,15234,rna_type,median,658.0
e44ff4dd,actin,PatA,1,pseudo_nucleus,25921,granule,sum,101775049.0
e44ff4dd,actin,PatA,1,pseudo_nucleus,25921,granule,mean,3926.355040314803
e44ff4dd,actin,PatA,1,pseudo_nucleus,25921,granule,median,3036.0
e44ff4dd,actin,PatA,1,pseudo_nucleus,25921,pla,sum,21516531.0
e44ff4dd,actin,PatA,1,pseudo_nucleus,25921,pla,mean,830.0810539716832
e44ff4dd,actin,PatA,1,pseudo_nucleus,25921,pla,median,701.0
e44ff4dd,actin,PatA,1,pseudo_nucleus,25921,rna_type,sum,21624410.0
e44ff4dd,actin,PatA,1,pseudo_nucleus,25921,rna_type,mean,834.2428918637398
e44ff4dd,actin,PatA,1,pseudo_nucleus,25921,rna_type,median,627.0
e44ff4dd,actin,PatA,1,cytoplasm,78711,granule,sum,95407292.0
e44ff4dd,actin,PatA,1,cytoplasm,78711,granule,mean,1212.121456975518
e44ff4dd,actin,PatA,1,cytoplasm,78711,granule,median,971.0
e44ff4dd,actin,PatA,1,cytoplasm,78711,pla,sum,64100499.0
e44ff4dd,actin,PatA,1,cytoplasm,78711,pla,mean,814.3779014369021
e44ff4dd,actin,PatA,1,cytoplasm,78711,pla,median,681.0
e44ff4dd,actin,PatA,1,cytoplasm,78711,rna_type,sum,59646342.0
e44ff4dd,actin,PatA,1,cytoplasm,78711,rna_type,mean,757.7891527232534
e44ff4dd,actin,PatA,1,cytoplasm,78711,rna_type,median,554.0
e44ff4dd,actin,PatA,1,nucleo_cytoplasm,91065,granule,sum,124631194.0
e44ff4dd,actin,PatA,1,nucleo_cytoplasm,91065,granule,mean,1368.595991873936
e44ff4dd,actin,PatA,1,nucleo_cytoplasm,91065,granule,median,1093.0
e44ff4dd,actin,PatA,1,nucleo_cytoplasm,91065,pla,sum,73935142.0
e44ff4dd,actin,PatA,1,nucleo_cytoplasm,91065,pla,mean,811.8941635095811
e44ff4dd,actin,PatA,1,nucleo_cytoplasm,91065,pla,median,679.0
e44ff4dd,actin,PatA,1,nucleo_cytoplasm,91065,rna_type,sum,69530590.0
e44ff4dd,actin,PatA,1,nucleo_cytoplasm,91065,rna_type,mean,763.5270411244716
e44ff4dd,actin,PatA,1,nucleo_cytoplasm,91065,rna_type,median,560.0
04b6e252,actin,PatA,10,granule,3485,granule,sum,24747648.0
04b6e252,actin,PatA,10,granule,3485,granule,mean,7101.190243902439
04b6e252,actin,PatA,10,granule,3485,granule,median,6583.0
04b6e252,actin,PatA,10,granule,3485,pla,sum,8395504.0
04b6e252,actin,PatA,10,granule,3485,pla,mean,2409.0398852223816
04b6e252,actin,PatA,10,granule,3485,pla,median,2345.0
04b6e252,actin,PatA,10,granule,3485,rna_type,sum,6753331.0
04b6e252,actin,PatA,10,granule,3485,rna_type,mean,1937.8281205164992
04b6e252,actin,PatA,10,granule,3485,rna_type,median,1722.0
04b6e252,actin,PatA,10,cell,87055,granule,sum,131650317.0
04b6e252,actin,PatA,10,cell,87055,granule,mean,1512.2660042501866
04b6e252,actin,PatA,10,cell,87055,granule,median,1001.0
04b6e252,actin,PatA,10,cell,87055,pla,sum,201920297.0
04b6e252,actin,PatA,10,cell,87055,pla,mean,2319.456630865545
04b6e252,actin,PatA,10,cell,87055,pla,median,2264.0
04b6e252,actin,PatA,10,cell,87055,rna_type,sum,147112393.0
04b6e252,actin,PatA,10,cell,87055,rna_type,mean,1689.8787318361956
04b6e252,actin,PatA,10,cell,87055,rna_type,median,1480.0
04b6e252,actin,PatA,10,granule_periphery,11187,granule,sum,31988369.0
04b6e252,actin,PatA,10,granule_periphery,11187,granule,mean,2859.423348529543
04b6e252,actin,PatA,10,granule_periphery,11187,granule,median,2601.0
04b6e252,actin,PatA,10,granule_periphery,11187,pla,sum,26118175.0
04b6e252,actin,PatA,10,granule_periphery,11187,pla,mean,2334.689818539376
04b6e252,actin,PatA,10,granule_periphery,11187,pla,median,2284.0
04b6e252,actin,PatA,10,granule_periphery,11187,rna_type,sum,20450602.0
04b6e252,actin,PatA,10,granule_periphery,11187,rna_type,mean,1828.068472333959
04b6e252,actin,PatA,10,granule_periphery,11187,rna_type,median,1628.0
04b6e252,actin,PatA,10,pseudo_nucleus,18156,granule,sum,46169043.0
04b6e252,actin,PatA,10,pseudo_nucleus,18156,granule,mean,2542.9082947785855
04b6e252,actin,PatA,10,pseudo_nucleus,18156,granule,median,1963.0
04b6e252,actin,PatA,10,pseudo_nucleus,18156,pla,sum,39851927.0
04b6e252,actin,PatA,10,pseudo_nucleus,18156,pla,mean,2194.9728464419477
04b6e252,actin,PatA,10,pseudo_nucleus,18156,pla,median,2162.0
04b6e252,actin,PatA,10,pseudo_nucleus,18156,rna_type,sum,29808340.0
04b6e252,actin,PatA,10,pseudo_nucleus,18156,rna_type,mean,1641.7900418594404
04b6e252,actin,PatA,10,pseudo_nucleus,18156,rna_type,median,1451.0
04b6e252,actin,PatA,10,cytoplasm,60774,granule,sum,55364987.0
04b6e252,actin,PatA,10,cytoplasm,60774,granule,mean,910.9979102905847
04b6e252,actin,PatA,10,cytoplasm,60774,granule,median,731.0
04b6e252,actin,PatA,10,cytoplasm,60774,pla,sum,142393243.0
04b6e252,actin,PatA,10,cytoplasm,60774,pla,mean,2342.9960673972423
04b6e252,actin,PatA,10,cytoplasm,60774,pla,median,2287.0
04b6e252,actin,PatA,10,cytoplasm,60774,rna_type,sum,101834413.0
04b6e252,actin,PatA,10,cytoplasm,60774,rna_type,mean,1675.6246585710994
04b6e252,actin,PatA,10,cytoplasm,60774,rna_type,median,1461.0
04b6e252,actin,PatA,10,nucleo_cytoplasm,72383,granule,sum,74914300.0
04b6e252,actin,PatA,10,nucleo_cytoplasm,72383,granule,mean,1034.9709185858558
04b6e252,actin,PatA,10,nucleo_cytoplasm,72383,granule,median,824.0
04b6e252,actin,PatA,10,nucleo_cytoplasm,72383,pla,sum,167406618.0
04b6e252,actin,PatA,10,nucleo_cytoplasm,72383,pla,mean,2312.7891632013043
04b6e252,actin,PatA,10,nucleo_cytoplasm,72383,pla,median,2256.0
04b6e252,actin,PatA,10,nucleo_cytoplasm,72383,rna_type,sum,119908460.0
04b6e252,actin,PatA,10,nucleo_cytoplasm,72383,rna_type,mean,1656.5831756075322
04b6e252,actin,PatA,10,nucleo_cytoplasm,72383,rna_type,median,1446.0
9f2d07b6,actin,CHX,7,granule,7158,granule,sum,71092699.0
9f2d07b6,actin,CHX,7,granule,7158,granule,mean,9931.922184967869
9f2d07b6,actin,CHX,7,granule,7158,granule,median,9588.5
9f2d07b6,actin,CHX,7,granule,7158,pla,sum,13873937.0
9f2d07b6,actin,CHX,7,granule,7158,pla,mean,1938.2421067337245
9f2d07b6,actin,CHX,7,granule,7158,pla,median,1778.0
9f2d07b6,actin,CHX,7,granule,7158,rna_type,sum,13415015.0
9f2d07b6,actin,CHX,7,granule,7158,rna_type,mean,1874.1289466331377
9f2d07b6,actin,CHX,7,granule,7158,rna_type,median,1639.0
9f2d07b6,actin,CHX,7,cell,100048,granule,sum,186361224.0
9f2d07b6,actin,CHX,7,cell,100048,granule,mean,1862.7181352950583
9f2d07b6,actin,CHX,7,cell,100048,granule,median,1047.0
9f2d07b6,actin,CHX,7,cell,100048,pla,sum,178668772.0
9f2d07b6,actin,CHX,7,cell,100048,pla,mean,1785.8305213497522
9f2d07b6,actin,CHX,7,cell,100048,pla,median,1630.0
9f2d07b6,actin,CHX,7,cell,100048,rna_type,sum,140941268.0
9f2d07b6,actin,CHX,7,cell,100048,rna_type,mean,1408.7364864864865
9f2d07b6,actin,CHX,7,cell,100048,rna_type,median,1215.0
9f2d07b6,actin,CHX,7,granule_periphery,9645,granule,sum,26634425.0
9f2d07b6,actin,CHX,7,granule_periphery,9645,granule,mean,2761.474857439088
9f2d07b6,actin,CHX,7,granule_periphery,9645,granule,median,2431.0
9f2d07b6,actin,CHX,7,granule_periphery,9645,pla,sum,18081077.0
9f2d07b6,actin,CHX,7,granule_periphery,9645,pla,mean,1874.6580611715915
9f2d07b6,actin,CHX,7,granule_periphery,9645,pla,median,1726.0
9f2d07b6,actin,CHX,7,granule_periphery,9645,rna_type,sum,14636201.0
9f2d07b6,actin,CHX,7,granule_periphery,9645,rna_type,mean,1517.4910316226023
9f2d07b6,actin,CHX,7,granule_periphery,9645,rna_type,median,1329.0
9f2d07b6,actin,CHX,7,pseudo_nucleus,23721,granule,sum,54642928.0
9f2d07b6,actin,CHX,7,pseudo_nucleus,23721,granule,mean,2303.567640487332
9f2d07b6,actin,CHX,7,pseudo_nucleus,23721,granule,median,1493.0
9f2d07b6,actin,CHX,7,pseudo_nucleus,23721,pla,sum,40045165.0
9f2d07b6,actin,CHX,7,pseudo_nucleus,23721,pla,mean,1688.173559293453
9f2d07b6,actin,CHX,7,pseudo_nucleus,23721,pla,median,1544.0
9f2d07b6,actin,CHX,7,pseudo_nucleus,23721,rna_type,sum,32828518.0
9f2d07b6,actin,CHX,7,pseudo_nucleus,23721,rna_type,mean,1383.9432570296362
9f2d07b6,actin,CHX,7,pseudo_nucleus,23721,rna_type,median,1202.0
9f2d07b6,actin,CHX,7,cytoplasm,64864,granule,sum,62381948.0
9f2d07b6,actin,CHX,7,cytoplasm,64864,granule,mean,961.7345214602861
9f2d07b6,actin,CHX,7,cytoplasm,64864,granule,median,774.0
9f2d07b6,actin,CHX,7,cytoplasm,64864,pla,sum,116655883.0
9f2d07b6,actin,CHX,7,cytoplasm,64864,pla,mean,1798.4688425012334
9f2d07b6,actin,CHX,7,cytoplasm,64864,pla,median,1640.0
9f2d07b6,actin,CHX,7,cytoplasm,64864,rna_type,sum,88518391.0
9f2d07b6,actin,CHX,7,cytoplasm,64864,rna_type,mean,1364.6767236063147
9f2d07b6,actin,CHX,7,cytoplasm,64864,rna_type,median,1172.0
9f2d07b6,actin,CHX,7,nucleo_cytoplasm,83245,granule,sum,88634100.0
9f2d07b6,actin,CHX,7,nucleo_cytoplasm,83245,granule,mean,1064.737822091417
9f2d07b6,actin,CHX,7,nucleo_cytoplasm,83245,granule,median,867.0
9f2d07b6,actin,CHX,7,nucleo_cytoplasm,83245,pla,sum,146713758.0
9f2d07b6,actin,CHX,7,nucleo_cytoplasm,83245,pla,mean,1762.433275271788
9f2d07b6,actin,CHX,7,nucleo_cytoplasm,83245,pla,median,1606.0
9f2d07b6,actin,CHX,7,nucleo_cytoplasm,83245,rna_type,sum,112890052.0
9f2d07b6,actin,CHX,7,nucleo_cytoplasm,83245,rna_type,mean,1356.1181091957476
9f2d07b6,actin,CHX,7,nucleo_cytoplasm,83245,rna_type,median,1167.0
c59ec6e8,actin,PatA,9,granule,4702,granule,sum,39194833.0
c59ec6e8,actin,PatA,9,granule,4702,granule,mean,8335.779030199916
c59ec6e8,actin,PatA,9,granule,4702,granule,median,7473.5
c59ec6e8,actin,PatA,9,granule,4702,pla,sum,26907072.0
c59ec6e8,actin,PatA,9,granule,4702,pla,mean,5722.473840918758
c59ec6e8,actin,PatA,9,granule,4702,pla,median,5614.0
c59ec6e8,actin,PatA,9,granule,4702,rna_type,sum,9578792.0
c59ec6e8,actin,PatA,9,granule,4702,rna_type,mean,2037.1739685240323
c59ec6e8,actin,PatA,9,granule,4702,rna_type,median,1835.0
c59ec6e8,actin,PatA,9,cell,116967,granule,sum,188726627.0
c59ec6e8,actin,PatA,9,cell,116967,granule,mean,1613.5031846589209
c59ec6e8,actin,PatA,9,cell,116967,granule,median,1017.0
c59ec6e8,actin,PatA,9,cell,116967,pla,sum,608227703.0
c59ec6e8,actin,PatA,9,cell,116967,pla,mean,5199.994041054314
c59ec6e8,actin,PatA,9,cell,116967,pla,median,5093.0
c59ec6e8,actin,PatA,9,cell,116967,rna_type,sum,201177042.0
c59ec6e8,actin,PatA,9,cell,116967,rna_type,mean,1719.9470106953243
c59ec6e8,actin,PatA,9,cell,116967,rna_type,median,1499.0
c59ec6e8,actin,PatA,9,granule_periphery,11954,granule,sum,39978283.0
c59ec6e8,actin,PatA,9,granule_periphery,11954,granule,mean,3344.3435670068598
c59ec6e8,actin,PatA,9,granule_periphery,11954,granule,median,3083.0
c59ec6e8,actin,PatA,9,granule_periphery,11954,pla,sum,65976834.0
c59ec6e8,actin,PatA,9,granule_periphery,11954,pla,mean,5519.226535051029
c59ec6e8,actin,PatA,9,granule_periphery,11954,pla,median,5363.0
c59ec6e8,actin,PatA,9,granule_periphery,11954,rna_type,sum,23095151.0
c59ec6e8,actin,PatA,9,granule_periphery,11954,rna_type,mean,1932.0019240421616
c59ec6e8,actin,PatA,9,granule_periphery,11954,rna_type,median,1730.0
c59ec6e8,actin,PatA,9,pseudo_nucleus,18058,granule,sum,63484105.0
c59ec6e8,actin,PatA,9,pseudo_nucleus,18058,granule,mean,3515.5667848045186
c59ec6e8,actin,PatA,9,pseudo_nucleus,18058,granule,median,2772.0
c59ec6e8,actin,PatA,9,pseudo_nucleus,18058,pla,sum,94124125.0
c59ec6e8,actin,PatA,9,pseudo_nucleus,18058,pla,mean,5212.322793221841
c59ec6e8,actin,PatA,9,pseudo_nucleus,18058,pla,median,5109.0
c59ec6e8,actin,PatA,9,pseudo_nucleus,18058,rna_type,sum,31654762.0
c59ec6e8,actin,PatA,9,pseudo_nucleus,18058,rna_type,mean,1752.9494960682246
c59ec6e8,actin,PatA,9,pseudo_nucleus,18058,rna_type,median,1562.0
c59ec6e8,actin,PatA,9,cytoplasm,90915,granule,sum,89673413.0
c59ec6e8,actin,PatA,9,cytoplasm,90915,granule,mean,986.343430677006
c59ec6e8,actin,PatA,9,cytoplasm,90915,granule,median,782.0
c59ec6e8,actin,PatA,9,cytoplasm,90915,pla,sum,468510610.0
c59ec6e8,actin,PatA,9,cytoplasm,90915,pla,mean,5153.281746686465
c59ec6e8,actin,PatA,9,cytoplasm,90915,pla,median,5049.0
c59ec6e8,actin,PatA,9,cytoplasm,90915,rna_type,sum,152714622.0
c59ec6e8,actin,PatA,9,cytoplasm,90915,rna_type,mean,1679.7516581422208
c59ec6e8,actin,PatA,9,cytoplasm,90915,rna_type,median,1453.0
c59ec6e8,actin,PatA,9,nucleo_cytoplasm,100311,granule,sum,109553511.0
c59ec6e8,actin,PatA,9,nucleo_cytoplasm,100311,granule,mean,1092.1385590812572
c59ec6e8,actin,PatA,9,nucleo_cytoplasm,100311,granule,median,851.0
c59ec6e8,actin,PatA,9,nucleo_cytoplasm,100311,pla,sum,515343797.0
c59ec6e8,actin,PatA,9,nucleo_cytoplasm,100311,pla,mean,5137.460467944692
c59ec6e8,actin,PatA,9,nucleo_cytoplasm,100311,pla,median,5032.0
c59ec6e8,actin,PatA,9,nucleo_cytoplasm,100311,rna_type,sum,168503099.0
c59ec6e8,actin,PatA,9,nucleo_cytoplasm,100311,rna_type,mean,1679.806790880362
c59ec6e8,actin,PatA,9,nucleo_cytoplasm,100311,rna_type,median,1457.0
8a8dd45d,actin,DMSO,21,granule,6273,granule,sum,60599494.0
8a8dd45d,actin,DMSO,21,granule,6273,granule,mean,9660.368882512355
8a8dd45d,actin,DMSO,21,granule,6273,granule,median,9613.0
8a8dd45d,actin,DMSO,21,granule,6273,pla,sum,10952570.0
8a8dd45d,actin,DMSO,21,granule,6273,pla,mean,1745.985971624422
8a8dd45d,actin,DMSO,21,granule,6273,pla,median,1617.0
8a8dd45d,actin,DMSO,21,granule,6273,rna_type,sum,11029450.0
8a8dd45d,actin,DMSO,21,granule,6273,rna_type,mean,1758.2416706520007
8a8dd45d,actin,DMSO,21,granule,6273,rna_type,median,1548.0
8a8dd45d,actin,DMSO,21,cell,67003,granule,sum,131724391.0
8a8dd45d,actin,DMSO,21,cell,67003,granule,mean,1965.947659060042
8a8dd45d,actin,DMSO,21,cell,67003,granule,median,999.0
8a8dd45d,actin,DMSO,21,cell,67003,pla,sum,90977934.0
8a8dd45d,actin,DMSO,21,cell,67003,pla,mean,1357.8188140829516
8a8dd45d,actin,DMSO,21,cell,67003,pla,median,1214.0
8a8dd45d,actin,DMSO,21,cell,67003,rna_type,sum,86207743.0
8a8dd45d,actin,DMSO,21,cell,67003,rna_type,mean,1286.6251212632271
8a8dd45d,actin,DMSO,21,cell,67003,rna_type,median,1078.0
8a8dd45d,actin,DMSO,21,granule_periphery,6702,granule,sum,17159080.0
8a8dd45d,actin,DMSO,21,granule_periphery,6702,granule,mean,2560.292450014921
8a8dd45d,actin,DMSO,21,granule_periphery,6702,granule,median,2176.0
8a8dd45d,actin,DMSO,21,granule_periphery,6702,pla,sum,10935243.0
8a8dd45d,actin,DMSO,21,granule_periphery,6702,pla,mean,1631.6387645478962
8a8dd45d,actin,DMSO,21,granule_periphery,6702,pla,median,1486.0
8a8dd45d,actin,DMSO,21,granule_periphery,6702,rna_type,sum,9355020.0
8a8dd45d,actin,DMSO,21,granule_periphery,6702,rna_type,mean,1395.85496866607
8a8dd45d,actin,DMSO,21,granule_periphery,6702,rna_type,median,1199.5
8a8dd45d,actin,DMSO,21,pseudo_nucleus,4988,granule,sum,18783249.0
8a8dd45d,actin,DMSO,21,pseudo_nucleus,4988,granule,mean,3765.6874498797115
8a8dd45d,actin,DMSO,21,pseudo_nucleus,4988,granule,median,2073.0
8a8dd45d,actin,DMSO,21,pseudo_nucleus,4988,pla,sum,8290534.0
8a8dd45d,actin,DMSO,21,pseudo_nucleus,4988,pla,mean,1662.0958299919807
8a8dd45d,actin,DMSO,21,pseudo_nucleus,4988,pla,median,1532.0
8a8dd45d,actin,DMSO,21,pseudo_nucleus,4988,rna_type,sum,6863215.0
8a8dd45d,actin,DMSO,21,pseudo_nucleus,4988,rna_type,mean,1375.9452686447473
8a8dd45d,actin,DMSO,21,pseudo_nucleus,4988,rna_type,median,1153.0
8a8dd45d,actin,DMSO,21,cytoplasm,52855,granule,sum,52219111.0
8a8dd45d,actin,DMSO,21,cytoplasm,52855,granule,mean,987.9691798316148
8a8dd45d,actin,DMSO,21,cytoplasm,52855,granule,median,792.0
8a8dd45d,actin,DMSO,21,cytoplasm,52855,pla,sum,67227672.0
8a8dd45d,actin,DMSO,21,cytoplasm,52855,pla,mean,1271.9264402610916
8a8dd45d,actin,DMSO,21,cytoplasm,52855,pla,median,1135.0
8a8dd45d,actin,DMSO,21,cytoplasm,52855,rna_type,sum,64324819.0
8a8dd45d,actin,DMSO,21,cytoplasm,52855,rna_type,mean,1217.0053731908051
8a8dd45d,actin,DMSO,21,cytoplasm,52855,rna_type,median,1017.0
8a8dd45d,actin,DMSO,21,nucleo_cytoplasm,54028,granule,sum,53965817.0
8a8dd45d,actin,DMSO,21,nucleo_cytoplasm,54028,granule,mean,998.8490597467979
8a8dd45d,actin,DMSO,21,nucleo_cytoplasm,54028,granule,median,802.0
8a8dd45d,actin,DMSO,21,nucleo_cytoplasm,54028,pla,sum,69090121.0
8a8dd45d,actin,DMSO,21,nucleo_cytoplasm,54028,pla,mean,1278.7836122010808
8a8dd45d,actin,DMSO,21,nucleo_cytoplasm,54028,pla,median,1142.0
8a8dd45d,actin,DMSO,21,nucleo_cytoplasm,54028,rna_type,sum,65823273.0
8a8dd45d,actin,DMSO,21,nucleo_cytoplasm,54028,rna_type,mean,1218.3177796698008
8a8dd45d,actin,DMSO,21,nucleo_cytoplasm,54028,rna_type,median,1018.0
b20c3ab4,vasa,PatA,23,granule,8664,granule,sum,85311812.0
b20c3ab4,vasa,PatA,23,granule,8664,granule,mean,9846.700369344413
b20c3ab4,vasa,PatA,23,granule,8664,granule,median,9809.5
b20c3ab4,vasa,PatA,23,granule,8664,pla,sum,9605833.0
b20c3ab4,vasa,PatA,23,granule,8664,pla,mean,1108.706486611265
b20c3ab4,vasa,PatA,23,granule,8664,pla,median,980.0
b20c3ab4,vasa,PatA,23,granule,8664,rna_type,sum,14396963.0
b20c3ab4,vasa,PatA,23,granule,8664,rna_type,mean,1661.6993305632502
b20c3ab4,vasa,PatA,23,granule,8664,rna_type,median,1435.0
b20c3ab4,vasa,PatA,23,cell,122700,granule,sum,199513838.0
b20c3ab4,vasa,PatA,23,cell,122700,granule,mean,1626.0296495517523
b20c3ab4,vasa,PatA,23,cell,122700,granule,median,821.0
b20c3ab4,vasa,PatA,23,cell,122700,pla,sum,91593724.0
b20c3ab4,vasa,PatA,23,cell,122700,pla,mean,746.4851181744091
b20c3ab4,vasa,PatA,23,cell,122700,pla,median,617.0
b20c3ab4,vasa,PatA,23,cell,122700,rna_type,sum,81656486.0
b20c3ab4,vasa,PatA,23,cell,122700,rna_type,mean,665.4970334148329
b20c3ab4,vasa,PatA,23,cell,122700,rna_type,median,417.0
b20c3ab4,vasa,PatA,23,granule_periphery,10355,granule,sum,24459907.0
b20c3ab4,vasa,PatA,23,granule_periphery,10355,granule,mean,2362.134910671173
b20c3ab4,vasa,PatA,23,granule_periphery,10355,granule,median,1988.0
b20c3ab4,vasa,PatA,23,granule_periphery,10355,pla,sum,9573016.0
b20c3ab4,vasa,PatA,23,granule_periphery,10355,pla,mean,924.482472235635
b20c3ab4,vasa,PatA,23,granule_periphery,10355,pla,median,746.0
b20c3ab4,vasa,PatA,23,granule_periphery,10355,rna_type,sum,12047047.0
b20c3ab4,vasa,PatA,23,granule_periphery,10355,rna_type,mean,1163.4038628681797
b20c3ab4,vasa,PatA,23,granule_periphery,10355,rna_type,median,728.0
b20c3ab4,vasa,PatA,23,pseudo_nucleus,10640,granule,sum,33685730.0
b20c3ab4,vasa,PatA,23,pseudo_nucleus,10640,granule,mean,3165.9520676691727
b20c3ab4,vasa,PatA,23,pseudo_nucleus,10640,granule,median,1840.0
b20c3ab4,vasa,PatA,23,pseudo_nucleus,10640,pla,sum,8672445.0
b20c3ab4,vasa,PatA,23,pseudo_nucleus,10640,pla,mean,815.0794172932331
b20c3ab4,vasa,PatA,23,pseudo_nucleus,10640,pla,median,689.0
b20c3ab4,vasa,PatA,23,pseudo_nucleus,10640,rna_type,sum,8105298.0
b20c3ab4,vasa,PatA,23,pseudo_nucleus,10640,rna_type,mean,761.7761278195488
b20c3ab4,vasa,PatA,23,pseudo_nucleus,10640,rna_type,median,565.0
b20c3ab4,vasa,PatA,23,cytoplasm,100654,granule,sum,85881552.0
b20c3ab4,vasa,PatA,23,cytoplasm,100654,granule,mean,853.2353607407555
b20c3ab4,vasa,PatA,23,cytoplasm,100654,granule,median,674.0
b20c3ab4,vasa,PatA,23,cytoplasm,100654,pla,sum,70257089.0
b20c3ab4,vasa,PatA,23,cytoplasm,100654,pla,mean,698.0059312098873
b20c3ab4,vasa,PatA,23,cytoplasm,100654,pla,median,581.0
b20c3ab4,vasa,PatA,23,cytoplasm,100654,rna_type,sum,53375060.0
b20c3ab4,vasa,PatA,23,cytoplasm,100654,rna_type,mean,530.2825521092058
b20c3ab4,vasa,PatA,23,cytoplasm,100654,rna_type,median,356.0
b20c3ab4,vasa,PatA,23,nucleo_cytoplasm,103681,granule,sum,89742119.0
b20c3ab4,vasa,PatA,23,nucleo_cytoplasm,103681,granule,mean,865.5599290130303
b20c3ab4,vasa,PatA,23,nucleo_cytoplasm,103681,granule,median,684.0
b20c3ab4,vasa,PatA,23,nucleo_cytoplasm,103681,pla,sum,72414875.0
b20c3ab4,vasa,PatA,23,nucleo_cytoplasm,103681,pla,mean,698.4392029397865
b20c3ab4,vasa,PatA,23,nucleo_cytoplasm,103681,pla,median,582.0
b20c3ab4,vasa,PatA,23,nucleo_cytoplasm,103681,rna_type,sum,55212476.0
b20c3ab4,vasa,PatA,23,nucleo_cytoplasm,103681,rna_type,mean,532.5226029841533
b20c3ab4,vasa,PatA,23,nucleo_cytoplasm,103681,rna_type,median,359.0
bdfd115f,vasa,PatA,9,granule,3495,granule,sum,25696058.0
bdfd115f,vasa,PatA,9,granule,3495,granule,mean,7352.234048640916
bdfd115f,vasa,PatA,9,granule,3495,granule,median,6784.0
bdfd115f,vasa,PatA,9,granule,3495,pla,sum,4650511.0
bdfd115f,vasa,PatA,9,granule,3495,pla,mean,1330.6183118741058
bdfd115f,vasa,PatA,9,granule,3495,pla,median,1173.0
bdfd115f,vasa,PatA,9,granule,3495,rna_type,sum,3092991.0
bdfd115f,vasa,PatA,9,granule,3495,rna_type,mean,884.975965665236
bdfd115f,vasa,PatA,9,granule,3495,rna_type,median,654.0
bdfd115f,vasa,PatA,9,cell,106241,granule,sum,149813709.0
bdfd115f,vasa,PatA,9,cell,106241,granule,mean,1410.130825199311
bdfd115f,vasa,PatA,9,cell,106241,granule,median,959.0
bdfd115f,vasa,PatA,9,cell,106241,pla,sum,116395682.0
bdfd115f,vasa,PatA,9,cell,106241,pla,mean,1095.5815739686186
bdfd115f,vasa,PatA,9,cell,106241,pla,median,976.0
bdfd115f,vasa,PatA,9,cell,106241,rna_type,sum,65400982.0
bdfd115f,vasa,PatA,9,cell,106241,rna_type,mean,615.5907982793836
bdfd115f,vasa,PatA,9,cell,106241,rna_type,median,455.0
bdfd115f,vasa,PatA,9,granule_periphery,11036,granule,sum,29057818.0
bdfd115f,vasa,PatA,9,granule_periphery,11036,granule,mean,2633.002718376223
bdfd115f,vasa,PatA,9,granule_periphery,11036,granule,median,2300.0
bdfd115f,vasa,PatA,9,granule_periphery,11036,pla,sum,12909579.0
bdfd115f,vasa,PatA,9,granule_periphery,11036,pla,mean,1169.7697535338891
bdfd115f,vasa,PatA,9,granule_periphery,11036,pla,median,1038.0
bdfd115f,vasa,PatA,9,granule_periphery,11036,rna_type,sum,8555703.0
bdfd115f,vasa,PatA,9,granule_periphery,11036,rna_type,mean,775.2539869517941
bdfd115f,vasa,PatA,9,granule_periphery,11036,rna_type,median,571.0
bdfd115f,vasa,PatA,9,pseudo_nucleus,21671,granule,sum,49613374.0
bdfd115f,vasa,PatA,9,pseudo_nucleus,21671,granule,mean,2289.390152738683
bdfd115f,vasa,PatA,9,pseudo_nucleus,21671,granule,median,1608.0
bdfd115f,vasa,PatA,9,pseudo_nucleus,21671,pla,sum,23123619.0
bdfd115f,vasa,PatA,9,pseudo_nucleus,21671,pla,mean,1067.0305477366064
bdfd115f,vasa,PatA,9,pseudo_nucleus,21671,pla,median,950.0
bdfd115f,vasa,PatA,9,pseudo_nucleus,21671,rna_type,sum,14214429.0
bdfd115f,vasa,PatA,9,pseudo_nucleus,21671,rna_type,mean,655.9193853536985
bdfd115f,vasa,PatA,9,pseudo_nucleus,21671,rna_type,median,509.0
bdfd115f,vasa,PatA,9,cytoplasm,77735,granule,sum,74789452.0
bdfd115f,vasa,PatA,9,cytoplasm,77735,granule,mean,962.1078278767608
bdfd115f,vasa,PatA,9,cytoplasm,77735,granule,median,771.0
bdfd115f,vasa,PatA,9,cytoplasm,77735,pla,sum,84363078.0
bdfd115f,vasa,PatA,9,cytoplasm,77735,pla,mean,1085.2650414871036
bdfd115f,vasa,PatA,9,cytoplasm,77735,pla,median,969.0
bdfd115f,vasa,PatA,9,cytoplasm,77735,rna_type,sum,44977475.0
bdfd115f,vasa,PatA,9,cytoplasm,77735,rna_type,mean,578.6000514568727
bdfd115f,vasa,PatA,9,cytoplasm,77735,rna_type,median,426.0
bdfd115f,vasa,PatA,9,nucleo_cytoplasm,91710,granule,sum,95059833.0
bdfd115f,vasa,PatA,9,nucleo_cytoplasm,91710,granule,mean,1036.5263657180242
bdfd115f,vasa,PatA,9,nucleo_cytoplasm,91710,granule,median,834.0
bdfd115f,vasa,PatA,9,nucleo_cytoplasm,91710,pla,sum,98835592.0
bdfd115f,vasa,PatA,9,nucleo_cytoplasm,91710,pla,mean,1077.6970014175117
bdfd115f,vasa,PatA,9,nucleo_cytoplasm,91710,pla,median,962.0
bdfd115f,vasa,PatA,9,nucleo_cytoplasm,91710,rna_type,sum,53752288.0
bdfd115f,vasa,PatA,9,nucleo_cytoplasm,91710,rna_type,mean,586.1115254606913
bdfd115f,vasa,PatA,9,nucleo_cytoplasm,91710,rna_type,median,437.0
43b8a42b,vasa,PatA,22,granule,4477,granule,sum,31439606.0
43b8a42b,vasa,PatA,22,granule,4477,granule,mean,7022.471744471744
43b8a42b,vasa,PatA,22,granule,4477,granule,median,6160.0
43b8a42b,vasa,PatA,22,granule,4477,pla,sum,4948860.0
43b8a42b,vasa,PatA,22,granule,4477,pla,mean,1105.3964708510164
43b8a42b,vasa,PatA,22,granule,4477,pla,median,927.0
43b8a42b,vasa,PatA,22,granule,4477,rna_type,sum,6004452.0
43b8a42b,vasa,PatA,22,granule,4477,rna_type,mean,1341.1775742684833
43b8a42b,vasa,PatA,22,granule,4477,rna_type,median,950.0
43b8a42b,vasa,PatA,22,cell,97718,granule,sum,152426671.0
43b8a42b,vasa,PatA,22,cell,97718,granule,mean,1559.8627786078307
43b8a42b,vasa,PatA,22,cell,97718,granule,median,1015.0
43b8a42b,vasa,PatA,22,cell,97718,pla,sum,78991716.0
43b8a42b,vasa,PatA,22,cell,97718,pla,mean,808.3640270983851
43b8a42b,vasa,PatA,22,cell,97718,pla,median,659.0
43b8a42b,vasa,PatA,22,cell,97718,rna_type,sum,71196599.0
43b8a42b,vasa,PatA,22,cell,97718,rna_type,mean,728.5924701692626
43b8a42b,vasa,PatA,22,cell,97718,rna_type,median,428.0
43b8a42b,vasa,PatA,22,granule_periphery,11920,granule,sum,32522056.0
43b8a42b,vasa,PatA,22,granule_periphery,11920,granule,mean,2728.3604026845637
43b8a42b,vasa,PatA,22,granule_periphery,11920,granule,median,2418.0
43b8a42b,vasa,PatA,22,granule_periphery,11920,pla,sum,12102474.0
43b8a42b,vasa,PatA,22,granule_periphery,11920,pla,mean,1015.3082214765101
43b8a42b,vasa,PatA,22,granule_periphery,11920,pla,median,817.0
43b8a42b,vasa,PatA,22,granule_periphery,11920,rna_type,sum,13894461.0
43b8a42b,vasa,PatA,22,granule_periphery,11920,rna_type,mean,1165.642701342282
43b8a42b,vasa,PatA,22,granule_periphery,11920,rna_type,median,703.0
43b8a42b,vasa,PatA,22,pseudo_nucleus,26277,granule,sum,60991933.0
43b8a42b,vasa,PatA,22,pseudo_nucleus,26277,granule,mean,2321.114777181566
43b8a42b,vasa,PatA,22,pseudo_nucleus,26277,granule,median,1801.0
43b8a42b,vasa,PatA,22,pseudo_nucleus,26277,pla,sum,20446130.0
43b8a42b,vasa,PatA,22,pseudo_nucleus,26277,pla,mean,778.0998591924497
43b8a42b,vasa,PatA,22,pseudo_nucleus,26277,pla,median,647.0
43b8a42b,vasa,PatA,22,pseudo_nucleus,26277,rna_type,sum,18445935.0
43b8a42b,vasa,PatA,22,pseudo_nucleus,26277,rna_type,mean,701.9802488868593
43b8a42b,vasa,PatA,22,pseudo_nucleus,26277,rna_type,median,466.0
43b8a42b,vasa,PatA,22,cytoplasm,63162,granule,sum,58077869.0
43b8a42b,vasa,PatA,22,cytoplasm,63162,granule,mean,919.5064912447358
43b8a42b,vasa,PatA,22,cytoplasm,63162,granule,median,704.0
43b8a42b,vasa,PatA,22,cytoplasm,63162,pla,sum,48850891.0
43b8a42b,vasa,PatA,22,cytoplasm,63162,pla,mean,773.4221683923878
43b8a42b,vasa,PatA,22,cytoplasm,63162,pla,median,633.0
43b8a42b,vasa,PatA,22,cytoplasm,63162,rna_type,sum,40484824.0
43b8a42b,vasa,PatA,22,cytoplasm,63162,rna_type,mean,640.9680504100567
43b8a42b,vasa,PatA,22,cytoplasm,63162,rna_type,median,375.0
43b8a42b,vasa,PatA,22,nucleo_cytoplasm,81321,granule,sum,88465009.0
43b8a42b,vasa,PatA,22,nucleo_cytoplasm,81321,granule,mean,1087.8494976697286
43b8a42b,vasa,PatA,22,nucleo_cytoplasm,81321,granule,median,837.0
43b8a42b,vasa,PatA,22,nucleo_cytoplasm,81321,pla,sum,61940382.0
43b8a42b,vasa,PatA,22,nucleo_cytoplasm,81321,pla,mean,761.6775740583613
43b8a42b,vasa,PatA,22,nucleo_cytoplasm,81321,pla,median,627.0
43b8a42b,vasa,PatA,22,nucleo_cytoplasm,81321,rna_type,sum,51297686.0
43b8a42b,vasa,PatA,22,nucleo_cytoplasm,81321,rna_type,mean,630.8049089411099
43b8a42b,vasa,PatA,22,nucleo_cytoplasm,81321,rna_type,median,383.0
60d4f1b8,actin,CHX,4,granule,4565,granule,sum,26314596.0
60d4f1b8,actin,CHX,4,granule,4565,granule,mean,5764.424096385542
60d4f1b8,actin,CHX,4,granule,4565,granule,median,4597.0
60d4f1b8,actin,CHX,4,granule,4565,pla,sum,6761868.0
60d4f1b8,actin,CHX,4,granule,4565,pla,mean,1481.2416210295728
60d4f1b8,actin,CHX,4,granule,4565,pla,median,1304.0
60d4f1b8,actin,CHX,4,granule,4565,rna_type,sum,8629603.0
60d4f1b8,actin,CHX,4,granule,4565,rna_type,mean,1890.384008762322
60d4f1b8,actin,CHX,4,granule,4565,rna_type,median,1636.0
60d4f1b8,actin,CHX,4,cell,121928,granule,sum,120666619.0
60d4f1b8,actin,CHX,4,cell,121928,granule,mean,989.6547060560331
60d4f1b8,actin,CHX,4,cell,121928,granule,median,633.0
60d4f1b8,actin,CHX,4,cell,121928,pla,sum,156774811.0
60d4f1b8,actin,CHX,4,cell,121928,pla,mean,1285.7982661898825
60d4f1b8,actin,CHX,4,cell,121928,pla,median,1125.0
60d4f1b8,actin,CHX,4,cell,121928,rna_type,sum,163411608.0
60d4f1b8,actin,CHX,4,cell,121928,rna_type,mean,1340.230365461584
60d4f1b8,actin,CHX,4,cell,121928,rna_type,median,1126.0
60d4f1b8,actin,CHX,4,granule_periphery,11652,granule,sum,17929285.0
60d4f1b8,actin,CHX,4,granule_periphery,11652,granule,mean,1538.7302608994164
60d4f1b8,actin,CHX,4,granule_periphery,11652,granule,median,1313.0
60d4f1b8,actin,CHX,4,granule_periphery,11652,pla,sum,15188780.0
60d4f1b8,actin,CHX,4,granule_periphery,11652,pla,mean,1303.5341572262273
60d4f1b8,actin,CHX,4,granule_periphery,11652,pla,median,1146.5
60d4f1b8,actin,CHX,4,granule_periphery,11652,rna_type,sum,17095658.0
60d4f1b8,actin,CHX,4,granule_periphery,11652,rna_type,mean,1467.1865774116031
60d4f1b8,actin,CHX,4,granule_periphery,11652,rna_type,median,1245.5
60d4f1b8,actin,CHX,4,pseudo_nucleus,25066,granule,sum,33335085.0
60d4f1b8,actin,CHX,4,pseudo_nucleus,25066,granule,mean,1329.8924838426553
60d4f1b8,actin,CHX,4,pseudo_nucleus,25066,granule,median,900.0
60d4f1b8,actin,CHX,4,pseudo_nucleus,25066,pla,sum,28994640.0
60d4f1b8,actin,CHX,4,pseudo_nucleus,25066,pla,mean,1156.7318279741482
60d4f1b8,actin,CHX,4,pseudo_nucleus,25066,pla,median,1004.0
60d4f1b8,actin,CHX,4,pseudo_nucleus,25066,rna_type,sum,34757807.0
60d4f1b8,actin,CHX,4,pseudo_nucleus,25066,rna_type,mean,1386.6515199872338
60d4f1b8,actin,CHX,4,pseudo_nucleus,25066,rna_type,median,1170.0
60d4f1b8,actin,CHX,4,cytoplasm,87641,granule,sum,60179040.0
60d4f1b8,actin,CHX,4,cytoplasm,87641,granule,mean,686.6539633276662
60d4f1b8,actin,CHX,4,cytoplasm,87641,granule,median,519.0
60d4f1b8,actin,CHX,4,cytoplasm,87641,pla,sum,114825072.0
60d4f1b8,actin,CHX,4,cytoplasm,87641,pla,mean,1310.1752832578359
60d4f1b8,actin,CHX,4,cytoplasm,87641,pla,median,1152.0
60d4f1b8,actin,CHX,4,cytoplasm,87641,rna_type,sum,113572427.0
60d4f1b8,actin,CHX,4,cytoplasm,87641,rna_type,mean,1295.8823724056092
60d4f1b8,actin,CHX,4,cytoplasm,87641,rna_type,median,1087.0
60d4f1b8,actin,CHX,4,nucleo_cytoplasm,105711,granule,sum,76422738.0
60d4f1b8,actin,CHX,4,nucleo_cytoplasm,105711,granule,mean,722.9402616567812
60d4f1b8,actin,CHX,4,nucleo_cytoplasm,105711,granule,median,551.0
60d4f1b8,actin,CHX,4,nucleo_cytoplasm,105711,pla,sum,134824163.0
60d4f1b8,actin,CHX,4,nucleo_cytoplasm,105711,pla,mean,1275.4033449688302
60d4f1b8,actin,CHX,4,nucleo_cytoplasm,105711,pla,median,1116.0
60d4f1b8,actin,CHX,4,nucleo_cytoplasm,105711,rna_type,sum,137686347.0
60d4f1b8,actin,CHX,4,nucleo_cytoplasm,105711,rna_type,mean,1302.4789000198655
60d4f1b8,actin,CHX,4,nucleo_cytoplasm,105711,rna_type,median,1094.0
8b24a0c0,vasa,PatA,25,granule,7025,granule,sum,162937733.0
8b24a0c0,vasa,PatA,25,granule,7025,granule,mean,23193.98334519573
8b24a0c0,vasa,PatA,25,granule,7025,granule,median,20075.0
8b24a0c0,vasa,PatA,25,granule,7025,pla,sum,7280491.0
8b24a0c0,vasa,PatA,25,granule,7025,pla,mean,1036.3688256227758
8b24a0c0,vasa,PatA,25,granule,7025,pla,median,898.0
8b24a0c0,vasa,PatA,25,granule,7025,rna_type,sum,9313148.0
8b24a0c0,vasa,PatA,25,granule,7025,rna_type,mean,1325.7150177935944
8b24a0c0,vasa,PatA,25,granule,7025,rna_type,median,1090.0
8b24a0c0,vasa,PatA,25,cell,127886,granule,sum,463132952.0
8b24a0c0,vasa,PatA,25,cell,127886,granule,mean,3621.4515427802885
8b24a0c0,vasa,PatA,25,cell,127886,granule,median,1727.0
8b24a0c0,vasa,PatA,25,cell,127886,pla,sum,98695983.0
8b24a0c0,vasa,PatA,25,cell,127886,pla,mean,771.7497067700921
8b24a0c0,vasa,PatA,25,cell,127886,pla,median,649.0
8b24a0c0,vasa,PatA,25,cell,127886,rna_type,sum,89383169.0
8b24a0c0,vasa,PatA,25,cell,127886,rna_type,mean,698.9284909997967
8b24a0c0,vasa,PatA,25,cell,127886,rna_type,median,504.0
8b24a0c0,vasa,PatA,25,granule_periphery,14453,granule,sum,103946072.0
8b24a0c0,vasa,PatA,25,granule_periphery,14453,granule,mean,7192.006642219609
8b24a0c0,vasa,PatA,25,granule_periphery,14453,granule,median,6588.0
8b24a0c0,vasa,PatA,25,granule_periphery,14453,pla,sum,13517553.0
8b24a0c0,vasa,PatA,25,granule_periphery,14453,pla,mean,935.2766207707742
8b24a0c0,vasa,PatA,25,granule_periphery,14453,pla,median,800.0
8b24a0c0,vasa,PatA,25,granule_periphery,14453,rna_type,sum,15534405.0
8b24a0c0,vasa,PatA,25,granule_periphery,14453,rna_type,mean,1074.8221822459004
8b24a0c0,vasa,PatA,25,granule_periphery,14453,rna_type,median,824.0
8b24a0c0,vasa,PatA,25,pseudo_nucleus,31374,granule,sum,213682136.0
8b24a0c0,vasa,PatA,25,pseudo_nucleus,31374,granule,mean,6810.803085357302
8b24a0c0,vasa,PatA,25,pseudo_nucleus,31374,granule,median,4018.0
8b24a0c0,vasa,PatA,25,pseudo_nucleus,31374,pla,sum,25532937.0
8b24a0c0,vasa,PatA,25,pseudo_nucleus,31374,pla,mean,813.824727481354
8b24a0c0,vasa,PatA,25,pseudo_nucleus,31374,pla,median,694.5
8b24a0c0,vasa,PatA,25,pseudo_nucleus,31374,rna_type,sum,25321459.0
8b24a0c0,vasa,PatA,25,pseudo_nucleus,31374,rna_type,mean,807.0841779817683
8b24a0c0,vasa,PatA,25,pseudo_nucleus,31374,rna_type,median,633.0
8b24a0c0,vasa,PatA,25,cytoplasm,86077,granule,sum,128000247.0
8b24a0c0,vasa,PatA,25,cytoplasm,86077,granule,mean,1487.043542409703
8b24a0c0,vasa,PatA,25,cytoplasm,86077,granule,median,1190.0
8b24a0c0,vasa,PatA,25,cytoplasm,86077,pla,sum,62369536.0
8b24a0c0,vasa,PatA,25,cytoplasm,86077,pla,mean,724.5784123517316
8b24a0c0,vasa,PatA,25,cytoplasm,86077,pla,median,610.0
8b24a0c0,vasa,PatA,25,cytoplasm,86077,rna_type,sum,50327927.0
8b24a0c0,vasa,PatA,25,cytoplasm,86077,rna_type,mean,584.6849564924428
8b24a0c0,vasa,PatA,25,cytoplasm,86077,rna_type,median,421.0
8b24a0c0,vasa,PatA,25,nucleo_cytoplasm,106408,granule,sum,196249147.0
8b24a0c0,vasa,PatA,25,nucleo_cytoplasm,106408,granule,mean,1844.3082005112396
8b24a0c0,vasa,PatA,25,nucleo_cytoplasm,106408,granule,median,1407.0
8b24a0c0,vasa,PatA,25,nucleo_cytoplasm,106408,pla,sum,77897939.0
8b24a0c0,vasa,PatA,25,nucleo_cytoplasm,106408,pla,mean,732.0684441019472
8b24a0c0,vasa,PatA,25,nucleo_cytoplasm,106408,pla,median,617.0
8b24a0c0,vasa,PatA,25,nucleo_cytoplasm,106408,rna_type,sum,64535616.0
8b24a0c0,vasa,PatA,25,nucleo_cytoplasm,106408,rna_type,mean,606.492143447861
8b24a0c0,vasa,PatA,25,nucleo_cytoplasm,106408,rna_type,median,444.0
df5ef56d,actin,DMSO,26,granule,7613,granule,sum,99500935.0
df5ef56d,actin,DMSO,26,granule,7613,granule,mean,13069.871929594115
df5ef56d,actin,DMSO,26,granule,7613,granule,median,12980.0
df5ef56d,actin,DMSO,26,granule,7613,pla,sum,10127920.0
df5ef56d,actin,DMSO,26,granule,7613,pla,mean,1330.3454617102325
df5ef56d,actin,DMSO,26,granule,7613,pla,median,1198.0
df5ef56d,actin,DMSO,26,granule,7613,rna_type,sum,10476740.0
df5ef56d,actin,DMSO,26,granule,7613,rna_type,mean,1376.1644555365822
df5ef56d,actin,DMSO,26,granule,7613,rna_type,median,1182.0
df5ef56d,actin,DMSO,26,cell,92470,granule,sum,214192225.0
df5ef56d,actin,DMSO,26,cell,92470,granule,mean,2316.3428679571753
df5ef56d,actin,DMSO,26,cell,92470,granule,median,1098.0
df5ef56d,actin,DMSO,26,cell,92470,pla,sum,106291682.0
df5ef56d,actin,DMSO,26,cell,92470,pla,mean,1149.4720666161998
df5ef56d,actin,DMSO,26,cell,92470,pla,median,1013.0
df5ef56d,actin,DMSO,26,cell,92470,rna_type,sum,91851620.0
df5ef56d,actin,DMSO,26,cell,92470,rna_type,mean,993.3126419379258
df5ef56d,actin,DMSO,26,cell,92470,rna_type,median,781.0
df5ef56d,actin,DMSO,26,granule_periphery,10584,granule,sum,33896942.0
df5ef56d,actin,DMSO,26,granule_periphery,10584,granule,mean,3202.6589191232047
df5ef56d,actin,DMSO,26,granule_periphery,10584,granule,median,2703.0
df5ef56d,actin,DMSO,26,granule_periphery,10584,pla,sum,13156446.0
df5ef56d,actin,DMSO,26,granule_periphery,10584,pla,mean,1243.0504535147393
df5ef56d,actin,DMSO,26,granule_periphery,10584,pla,median,1111.0
df5ef56d,actin,DMSO,26,granule_periphery,10584,rna_type,sum,12146440.0
df5ef56d,actin,DMSO,26,granule_periphery,10584,rna_type,mean,1147.6228269085411
df5ef56d,actin,DMSO,26,granule_periphery,10584,rna_type,median,956.5
df5ef56d,actin,DMSO,26,pseudo_nucleus,32404,granule,sum,100645166.0
df5ef56d,actin,DMSO,26,pseudo_nucleus,32404,granule,mean,3105.9488334773487
df5ef56d,actin,DMSO,26,pseudo_nucleus,32404,granule,median,1634.0
df5ef56d,actin,DMSO,26,pseudo_nucleus,32404,pla,sum,38309895.0
df5ef56d,actin,DMSO,26,pseudo_nucleus,32404,pla,mean,1182.2582088631034
df5ef56d,actin,DMSO,26,pseudo_nucleus,32404,pla,median,1048.0
df5ef56d,actin,DMSO,26,pseudo_nucleus,32404,rna_type,sum,34190115.0
df5ef56d,actin,DMSO,26,pseudo_nucleus,32404,rna_type,mean,1055.1202012097272
df5ef56d,actin,DMSO,26,pseudo_nucleus,32404,rna_type,median,855.0
df5ef56d,actin,DMSO,26,cytoplasm,51654,granule,sum,48571174.0
df5ef56d,actin,DMSO,26,cytoplasm,51654,granule,mean,940.3177682270492
df5ef56d,actin,DMSO,26,cytoplasm,51654,granule,median,744.0
df5ef56d,actin,DMSO,26,cytoplasm,51654,pla,sum,56953911.0
df5ef56d,actin,DMSO,26,cytoplasm,51654,pla,mean,1102.6040771285864
df5ef56d,actin,DMSO,26,cytoplasm,51654,pla,median,965.0
df5ef56d,actin,DMSO,26,cytoplasm,51654,rna_type,sum,46995159.0
df5ef56d,actin,DMSO,26,cytoplasm,51654,rna_type,mean,909.8067719828086
df5ef56d,actin,DMSO,26,cytoplasm,51654,rna_type,median,700.0
df5ef56d,actin,DMSO,26,nucleo_cytoplasm,74312,granule,sum,80833892.0
df5ef56d,actin,DMSO,26,nucleo_cytoplasm,74312,granule,mean,1087.7636451717085
df5ef56d,actin,DMSO,26,nucleo_cytoplasm,74312,granule,median,866.0
df5ef56d,actin,DMSO,26,nucleo_cytoplasm,74312,pla,sum,83051723.0
df5ef56d,actin,DMSO,26,nucleo_cytoplasm,74312,pla,mean,1117.608501991603
df5ef56d,actin,DMSO,26,nucleo_cytoplasm,74312,pla,median,984.0
df5ef56d,actin,DMSO,26,nucleo_cytoplasm,74312,rna_type,sum,69269853.0
df5ef56d,actin,DMSO,26,nucleo_cytoplasm,74312,rna_type,mean,932.1489530627624
df5ef56d,actin,DMSO,26,nucleo_cytoplasm,74312,rna_type,median,725.0
ad816884,actin,DMSO,15,granule,7109,granule,sum,136678949.0
ad816884,actin,DMSO,15,granule,7109,granule,mean,19226.184976789984
ad816884,actin,DMSO,15,granule,7109,granule,median,17541.0
ad816884,actin,DMSO,15,granule,7109,pla,sum,12209197.0
ad816884,actin,DMSO,15,granule,7109,pla,mean,1717.428189618793
ad816884,actin,DMSO,15,granule,7109,pla,median,1540.0
ad816884,actin,DMSO,15,granule,7109,rna_type,sum,14989025.0
ad816884,actin,DMSO,15,granule,7109,rna_type,mean,2108.457588971726
ad816884,actin,DMSO,15,granule,7109,rna_type,median,1801.0
ad816884,actin,DMSO,15,cell,104526,granule,sum,351776565.0
ad816884,actin,DMSO,15,cell,104526,granule,mean,3365.445582917169
ad816884,actin,DMSO,15,cell,104526,granule,median,1728.0
ad816884,actin,DMSO,15,cell,104526,pla,sum,146104499.0
ad816884,actin,DMSO,15,cell,104526,pla,mean,1397.7814036699003
ad816884,actin,DMSO,15,cell,104526,pla,median,1242.0
ad816884,actin,DMSO,15,cell,104526,rna_type,sum,165364382.0
ad816884,actin,DMSO,15,cell,104526,rna_type,mean,1582.0406597401604
ad816884,actin,DMSO,15,cell,104526,rna_type,median,1319.0
ad816884,actin,DMSO,15,granule_periphery,17306,granule,sum,81276038.0
ad816884,actin,DMSO,15,granule_periphery,17306,granule,mean,4696.408066566509
ad816884,actin,DMSO,15,granule_periphery,17306,granule,median,4117.0
ad816884,actin,DMSO,15,granule_periphery,17306,pla,sum,24619343.0
ad816884,actin,DMSO,15,granule_periphery,17306,pla,mean,1422.5900265803768
ad816884,actin,DMSO,15,granule_periphery,17306,pla,median,1274.0
ad816884,actin,DMSO,15,granule_periphery,17306,rna_type,sum,29227931.0
ad816884,actin,DMSO,15,granule_periphery,17306,rna_type,mean,1688.8900381370622
ad816884,actin,DMSO,15,granule_periphery,17306,rna_type,median,1422.0
ad816884,actin,DMSO,15,pseudo_nucleus,43940,granule,sum,190212616.0
ad816884,actin,DMSO,15,pseudo_nucleus,43940,granule,mean,4328.917068730087
ad816884,actin,DMSO,15,pseudo_nucleus,43940,granule,median,2535.0
ad816884,actin,DMSO,15,pseudo_nucleus,43940,pla,sum,58229588.0
ad816884,actin,DMSO,15,pseudo_nucleus,43940,pla,mean,1325.2068274920346
ad816884,actin,DMSO,15,pseudo_nucleus,43940,pla,median,1180.0
ad816884,actin,DMSO,15,pseudo_nucleus,43940,rna_type,sum,71971360.0
ad816884,actin,DMSO,15,pseudo_nucleus,43940,rna_type,mean,1637.9462903959945
ad816884,actin,DMSO,15,pseudo_nucleus,43940,rna_type,median,1375.0
ad816884,actin,DMSO,15,cytoplasm,49411,granule,sum,62820353.0
ad816884,actin,DMSO,15,cytoplasm,49411,granule,mean,1271.383963085143
ad816884,actin,DMSO,15,cytoplasm,49411,granule,median,995.0
ad816884,actin,DMSO,15,cytoplasm,49411,pla,sum,70140723.0
ad816884,actin,DMSO,15,cytoplasm,49411,pla,mean,1419.5366011616848
ad816884,actin,DMSO,15,cytoplasm,49411,pla,median,1266.0
ad816884,actin,DMSO,15,cytoplasm,49411,rna_type,sum,72863627.0
ad816884,actin,DMSO,15,cytoplasm,49411,rna_type,mean,1474.6438444880694
ad816884,actin,DMSO,15,cytoplasm,49411,rna_type,median,1230.0
ad816884,actin,DMSO,15,nucleo_cytoplasm,80111,granule,sum,133821578.0
ad816884,actin,DMSO,15,nucleo_cytoplasm,80111,granule,mean,1670.4519728876185
ad816884,actin,DMSO,15,nucleo_cytoplasm,80111,granule,median,1329.0
ad816884,actin,DMSO,15,nucleo_cytoplasm,80111,pla,sum,109275959.0
ad816884,actin,DMSO,15,nucleo_cytoplasm,80111,pla,mean,1364.0568586086804
ad816884,actin,DMSO,15,nucleo_cytoplasm,80111,pla,median,1213.0
ad816884,actin,DMSO,15,nucleo_cytoplasm,80111,rna_type,sum,121147426.0
ad816884,actin,DMSO,15,nucleo_cytoplasm,80111,rna_type,mean,1512.2445856374281
ad816884,actin,DMSO,15,nucleo_cytoplasm,80111,rna_type,median,1261.0
d665fbb1,actin,PatA,14,granule,7537,granule,sum,77376005.0
d665fbb1,actin,PatA,14,granule,7537,granule,mean,10266.154305426562
d665fbb1,actin,PatA,14,granule,7537,granule,median,9953.0
d665fbb1,actin,PatA,14,granule,7537,pla,sum,2604534.0
d665fbb1,actin,PatA,14,granule,7537,pla,mean,345.5664057317235
d665fbb1,actin,PatA,14,granule,7537,pla,median,316.0
d665fbb1,actin,PatA,14,granule,7537,rna_type,sum,8052497.0
d665fbb1,actin,PatA,14,granule,7537,rna_type,mean,1068.3955154570783
d665fbb1,actin,PatA,14,granule,7537,rna_type,median,865.0
d665fbb1,actin,PatA,14,cell,104776,granule,sum,197246367.0
d665fbb1,actin,PatA,14,cell,104776,granule,mean,1882.5529415133237
d665fbb1,actin,PatA,14,cell,104776,granule,median,1025.0
d665fbb1,actin,PatA,14,cell,104776,pla,sum,32646729.0
d665fbb1,actin,PatA,14,cell,104776,pla,mean,311.5859452546385
d665fbb1,actin,PatA,14,cell,104776,pla,median,280.0
d665fbb1,actin,PatA,14,cell,104776,rna_type,sum,87814341.0
d665fbb1,actin,PatA,14,cell,104776,rna_type,mean,838.1150358860808
d665fbb1,actin,PatA,14,cell,104776,rna_type,median,629.0
d665fbb1,actin,PatA,14,granule_periphery,14274,granule,sum,35818017.0
d665fbb1,actin,PatA,14,granule_periphery,14274,granule,mean,2509.318831441782
d665fbb1,actin,PatA,14,granule_periphery,14274,granule,median,2131.0
d665fbb1,actin,PatA,14,granule_periphery,14274,pla,sum,4585454.0
d665fbb1,actin,PatA,14,granule_periphery,14274,pla,mean,321.2452010648732
d665fbb1,actin,PatA,14,granule_periphery,14274,pla,median,289.0
d665fbb1,actin,PatA,14,granule_periphery,14274,rna_type,sum,13185332.0
d665fbb1,actin,PatA,14,granule_periphery,14274,rna_type,mean,923.7306991733221
d665fbb1,actin,PatA,14,granule_periphery,14274,rna_type,median,718.0
d665fbb1,actin,PatA,14,pseudo_nucleus,22645,granule,sum,67463644.0
d665fbb1,actin,PatA,14,pseudo_nucleus,22645,granule,mean,2979.1849856480458
d665fbb1,actin,PatA,14,pseudo_nucleus,22645,granule,median,1831.0
d665fbb1,actin,PatA,14,pseudo_nucleus,22645,pla,sum,7212829.0
d665fbb1,actin,PatA,14,pseudo_nucleus,22645,pla,mean,318.51750938397
d665fbb1,actin,PatA,14,pseudo_nucleus,22645,pla,median,287.0
d665fbb1,actin,PatA,14,pseudo_nucleus,22645,rna_type,sum,20593540.0
d665fbb1,actin,PatA,14,pseudo_nucleus,22645,rna_type,mean,909.4078162949878
d665fbb1,actin,PatA,14,pseudo_nucleus,22645,rna_type,median,711.0
d665fbb1,actin,PatA,14,cytoplasm,72587,granule,sum,68673602.0
d665fbb1,actin,PatA,14,cytoplasm,72587,granule,mean,946.0867924008431
d665fbb1,actin,PatA,14,cytoplasm,72587,granule,median,768.0
d665fbb1,actin,PatA,14,cytoplasm,72587,pla,sum,22212023.0
d665fbb1,actin,PatA,14,cytoplasm,72587,pla,mean,306.0055244051965
d665fbb1,actin,PatA,14,cytoplasm,72587,pla,median,275.0
d665fbb1,actin,PatA,14,cytoplasm,72587,rna_type,sum,57386682.0
d665fbb1,actin,PatA,14,cytoplasm,72587,rna_type,mean,790.5917313017483
d665fbb1,actin,PatA,14,cytoplasm,72587,rna_type,median,583.0
d665fbb1,actin,PatA,14,nucleo_cytoplasm,82965,granule,sum,84052345.0
d665fbb1,actin,PatA,14,nucleo_cytoplasm,82965,granule,mean,1013.106068824203
d665fbb1,actin,PatA,14,nucleo_cytoplasm,82965,granule,median,822.0
d665fbb1,actin,PatA,14,nucleo_cytoplasm,82965,pla,sum,25456741.0
d665fbb1,actin,PatA,14,nucleo_cytoplasm,82965,pla,mean,306.83711203519556
d665fbb1,actin,PatA,14,nucleo_cytoplasm,82965,pla,median,276.0
d665fbb1,actin,PatA,14,nucleo_cytoplasm,82965,rna_type,sum,66576512.0
d665fbb1,actin,PatA,14,nucleo_cytoplasm,82965,rna_type,mean,802.4650394744772
d665fbb1,actin,PatA,14,nucleo_cytoplasm,82965,rna_type,median,595.0
1aee1695,actin,PatA,4,granule,8391,granule,sum,145271761.0
1aee1695,actin,PatA,4,granule,8391,granule,mean,17312.806697652246
1aee1695,actin,PatA,4,granule,8391,granule,median,16265.0
1aee1695,actin,PatA,4,granule,8391,pla,sum,14894670.0
1aee1695,actin,PatA,4,granule,8391,pla,mean,1775.0768680729352
1aee1695,actin,PatA,4,granule,8391,pla,median,1626.0
1aee1695,actin,PatA,4,granule,8391,rna_type,sum,9772550.0
1aee1695,actin,PatA,4,granule,8391,rna_type,mean,1164.6466452151114
1aee1695,actin,PatA,4,granule,8391,rna_type,median,970.0
1aee1695,actin,PatA,4,cell,83931,granule,sum,345354749.0
1aee1695,actin,PatA,4,cell,83931,granule,mean,4114.746029476594
1aee1695,actin,PatA,4,cell,83931,granule,median,2276.0
1aee1695,actin,PatA,4,cell,83931,pla,sum,133894270.0
1aee1695,actin,PatA,4,cell,83931,pla,mean,1595.2898214009126
1aee1695,actin,PatA,4,cell,83931,pla,median,1461.0
1aee1695,actin,PatA,4,cell,83931,rna_type,sum,79116040.0
1aee1695,actin,PatA,4,cell,83931,rna_type,mean,942.6319238422037
1aee1695,actin,PatA,4,cell,83931,rna_type,median,740.0
1aee1695,actin,PatA,4,granule_periphery,13688,granule,sum,75341535.0
1aee1695,actin,PatA,4,granule_periphery,13688,granule,mean,5504.203316773816
1aee1695,actin,PatA,4,granule_periphery,13688,granule,median,4929.5
1aee1695,actin,PatA,4,granule_periphery,13688,pla,sum,23069644.0
1aee1695,actin,PatA,4,granule_periphery,13688,pla,mean,1685.3918760958504
1aee1695,actin,PatA,4,granule_periphery,13688,pla,median,1545.5
1aee1695,actin,PatA,4,granule_periphery,13688,rna_type,sum,13923887.0
1aee1695,actin,PatA,4,granule_periphery,13688,rna_type,mean,1017.2331239041496
1aee1695,actin,PatA,4,granule_periphery,13688,rna_type,median,824.0
1aee1695,actin,PatA,4,pseudo_nucleus,17789,granule,sum,111102360.0
1aee1695,actin,PatA,4,pseudo_nucleus,17789,granule,mean,6245.565236944179
1aee1695,actin,PatA,4,pseudo_nucleus,17789,granule,median,4263.0
1aee1695,actin,PatA,4,pseudo_nucleus,17789,pla,sum,28620918.0
1aee1695,actin,PatA,4,pseudo_nucleus,17789,pla,mean,1608.9110124234078
1aee1695,actin,PatA,4,pseudo_nucleus,17789,pla,median,1482.0
1aee1695,actin,PatA,4,pseudo_nucleus,17789,rna_type,sum,17801637.0
1aee1695,actin,PatA,4,pseudo_nucleus,17789,rna_type,mean,1000.7103828208443
1aee1695,actin,PatA,4,pseudo_nucleus,17789,rna_type,median,804.0
1aee1695,actin,PatA,4,cytoplasm,54867,granule,sum,103789912.0
1aee1695,actin,PatA,4,cytoplasm,54867,granule,mean,1891.6636958463193
1aee1695,actin,PatA,4,cytoplasm,54867,granule,median,1549.0
1aee1695,actin,PatA,4,cytoplasm,54867,pla,sum,85102147.0
1aee1695,actin,PatA,4,cytoplasm,54867,pla,mean,1551.0625148085371
1aee1695,actin,PatA,4,cytoplasm,54867,pla,median,1418.0
1aee1695,actin,PatA,4,cytoplasm,54867,rna_type,sum,48841576.0
1aee1695,actin,PatA,4,cytoplasm,54867,rna_type,mean,890.1812747188657
1aee1695,actin,PatA,4,cytoplasm,54867,rna_type,median,690.0
1aee1695,actin,PatA,4,nucleo_cytoplasm,61852,granule,sum,124741453.0
1aee1695,actin,PatA,4,nucleo_cytoplasm,61852,granule,mean,2016.7731520403545
1aee1695,actin,PatA,4,nucleo_cytoplasm,61852,granule,median,1670.0
1aee1695,actin,PatA,4,nucleo_cytoplasm,61852,pla,sum,95929956.0
1aee1695,actin,PatA,4,nucleo_cytoplasm,61852,pla,mean,1550.9596456056393
1aee1695,actin,PatA,4,nucleo_cytoplasm,61852,pla,median,1420.0
1aee1695,actin,PatA,4,nucleo_cytoplasm,61852,rna_type,sum,55419603.0
1aee1695,actin,PatA,4,nucleo_cytoplasm,61852,rna_type,mean,896.0034113690746
1aee1695,actin,PatA,4,nucleo_cytoplasm,61852,rna_type,median,696.0
ea8e1132,actin,CHX,8,granule,8650,granule,sum,34848581.0
ea8e1132,actin,CHX,8,granule,8650,granule,mean,4028.7376878612718
ea8e1132,actin,CHX,8,granule,8650,granule,median,3872.0
ea8e1132,actin,CHX,8,granule,8650,pla,sum,21854975.0
ea8e1132,actin,CHX,8,granule,8650,pla,mean,2526.5867052023123
ea8e1132,actin,CHX,8,granule,8650,pla,median,2363.0
ea8e1132,actin,CHX,8,granule,8650,rna_type,sum,25955951.0
ea8e1132,actin,CHX,8,granule,8650,rna_type,mean,3000.6879768786125
ea8e1132,actin,CHX,8,granule,8650,rna_type,median,2783.0
ea8e1132,actin,CHX,8,cell,75814,granule,sum,90474591.0
ea8e1132,actin,CHX,8,cell,75814,granule,mean,1193.3757749228375
ea8e1132,actin,CHX,8,cell,75814,granule,median,750.0
ea8e1132,actin,CHX,8,cell,75814,pla,sum,177308405.0
ea8e1132,actin,CHX,8,cell,75814,pla,mean,2338.729060595668
ea8e1132,actin,CHX,8,cell,75814,pla,median,2183.0
ea8e1132,actin,CHX,8,cell,75814,rna_type,sum,158414016.0
ea8e1132,actin,CHX,8,cell,75814,rna_type,mean,2089.5087450866595
ea8e1132,actin,CHX,8,cell,75814,rna_type,median,1846.0
ea8e1132,actin,CHX,8,granule_periphery,5927,granule,sum,8656111.0
ea8e1132,actin,CHX,8,granule_periphery,5927,granule,mean,1460.4540239581577
ea8e1132,actin,CHX,8,granule_periphery,5927,granule,median,1246.0
ea8e1132,actin,CHX,8,granule_periphery,5927,pla,sum,15949611.0
ea8e1132,actin,CHX,8,granule_periphery,5927,pla,mean,2691.0091108486586
ea8e1132,actin,CHX,8,granule_periphery,5927,pla,median,2542.0
ea8e1132,actin,CHX,8,granule_periphery,5927,rna_type,sum,15138831.0
ea8e1132,actin,CHX,8,granule_periphery,5927,rna_type,mean,2554.214779821157
ea8e1132,actin,CHX,8,granule_periphery,5927,rna_type,median,2357.0
ea8e1132,actin,CHX,8,pseudo_nucleus,7946,granule,sum,20876563.0
ea8e1132,actin,CHX,8,pseudo_nucleus,7946,granule,mean,2627.3046816008055
ea8e1132,actin,CHX,8,pseudo_nucleus,7946,granule,median,2082.0
ea8e1132,actin,CHX,8,pseudo_nucleus,7946,pla,sum,19994641.0
ea8e1132,actin,CHX,8,pseudo_nucleus,7946,pla,mean,2516.3152529574627
ea8e1132,actin,CHX,8,pseudo_nucleus,7946,pla,median,2360.0
ea8e1132,actin,CHX,8,pseudo_nucleus,7946,rna_type,sum,21246149.0
ea8e1132,actin,CHX,8,pseudo_nucleus,7946,rna_type,mean,2673.816889000755
ea8e1132,actin,CHX,8,pseudo_nucleus,7946,rna_type,median,2425.0
ea8e1132,actin,CHX,8,cytoplasm,59201,granule,sum,44947447.0
ea8e1132,actin,CHX,8,cytoplasm,59201,granule,mean,759.234590631915
ea8e1132,actin,CHX,8,cytoplasm,59201,granule,median,590.0
ea8e1132,actin,CHX,8,cytoplasm,59201,pla,sum,134503969.0
ea8e1132,actin,CHX,8,cytoplasm,59201,pla,mean,2271.988125200588
ea8e1132,actin,CHX,8,cytoplasm,59201,pla,median,2120.0
ea8e1132,actin,CHX,8,cytoplasm,59201,rna_type,sum,112622108.0
ea8e1132,actin,CHX,8,cytoplasm,59201,rna_type,mean,1902.3683383726627
ea8e1132,actin,CHX,8,cytoplasm,59201,rna_type,median,1689.0
ea8e1132,actin,CHX,8,nucleo_cytoplasm,61237,granule,sum,46969899.0
ea8e1132,actin,CHX,8,nucleo_cytoplasm,61237,granule,mean,767.0182895961592
ea8e1132,actin,CHX,8,nucleo_cytoplasm,61237,granule,median,598.0
ea8e1132,actin,CHX,8,nucleo_cytoplasm,61237,pla,sum,139503819.0
ea8e1132,actin,CHX,8,nucleo_cytoplasm,61237,pla,mean,2278.0968858696538
ea8e1132,actin,CHX,8,nucleo_cytoplasm,61237,pla,median,2125.0
ea8e1132,actin,CHX,8,nucleo_cytoplasm,61237,rna_type,sum,117319234.0
ea8e1132,actin,CHX,8,nucleo_cytoplasm,61237,rna_type,mean,1915.8226888972354
ea8e1132,actin,CHX,8,nucleo_cytoplasm,61237,rna_type,median,1702.0
1a57e1fc,vasa,CHX,26,granule,10978,granule,sum,174267489.0
1a57e1fc,vasa,CHX,26,granule,10978,granule,mean,15874.24749498998
1a57e1fc,vasa,CHX,26,granule,10978,granule,median,15544.0
1a57e1fc,vasa,CHX,26,granule,10978,pla,sum,22356370.0
1a57e1fc,vasa,CHX,26,granule,10978,pla,mean,2036.4702131535798
1a57e1fc,vasa,CHX,26,granule,10978,pla,median,1882.0
1a57e1fc,vasa,CHX,26,granule,10978,rna_type,sum,32039925.0
1a57e1fc,vasa,CHX,26,granule,10978,rna_type,mean,2918.557569684824
1a57e1fc,vasa,CHX,26,granule,10978,rna_type,median,2437.0
1a57e1fc,vasa,CHX,26,cell,164867,granule,sum,426654908.0
1a57e1fc,vasa,CHX,26,cell,164867,granule,mean,2587.8733039359
1a57e1fc,vasa,CHX,26,cell,164867,granule,median,1388.0
1a57e1fc,vasa,CHX,26,cell,164867,pla,sum,268126513.0
1a57e1fc,vasa,CHX,26,cell,164867,pla,mean,1626.320082248115
1a57e1fc,vasa,CHX,26,cell,164867,pla,median,1471.0
1a57e1fc,vasa,CHX,26,cell,164867,rna_type,sum,309668686.0
1a57e1fc,vasa,CHX,26,cell,164867,rna_type,mean,1878.293933898233
1a57e1fc,vasa,CHX,26,cell,164867,rna_type,median,1502.0
1a57e1fc,vasa,CHX,26,granule_periphery,13690,granule,sum,54506482.0
1a57e1fc,vasa,CHX,26,granule_periphery,13690,granule,mean,3981.481519357195
1a57e1fc,vasa,CHX,26,granule_periphery,13690,granule,median,3605.0
1a57e1fc,vasa,CHX,26,granule_periphery,13690,pla,sum,25202218.0
1a57e1fc,vasa,CHX,26,granule_periphery,13690,pla,mean,1840.9216946676406
1a57e1fc,vasa,CHX,26,granule_periphery,13690,pla,median,1636.0
1a57e1fc,vasa,CHX,26,granule_periphery,13690,rna_type,sum,34985430.0
1a57e1fc,vasa,CHX,26,granule_periphery,13690,rna_type,mean,2555.5463842220597
1a57e1fc,vasa,CHX,26,granule_periphery,13690,rna_type,median,1954.0
1a57e1fc,vasa,CHX,26,pseudo_nucleus,33304,granule,sum,123221601.0
1a57e1fc,vasa,CHX,26,pseudo_nucleus,33304,granule,mean,3699.9039454720155
1a57e1fc,vasa,CHX,26,pseudo_nucleus,33304,granule,median,2335.0
1a57e1fc,vasa,CHX,26,pseudo_nucleus,33304,pla,sum,45711430.0
1a57e1fc,vasa,CHX,26,pseudo_nucleus,33304,pla,mean,1372.5507446552967
1a57e1fc,vasa,CHX,26,pseudo_nucleus,33304,pla,median,1258.0
1a57e1fc,vasa,CHX,26,pseudo_nucleus,33304,rna_type,sum,47301767.0
1a57e1fc,vasa,CHX,26,pseudo_nucleus,33304,rna_type,mean,1420.3028765313477
1a57e1fc,vasa,CHX,26,pseudo_nucleus,33304,rna_type,median,1220.0
1a57e1fc,vasa,CHX,26,cytoplasm,115626,granule,sum,145719308.0
1a57e1fc,vasa,CHX,26,cytoplasm,115626,granule,mean,1260.264196633975
1a57e1fc,vasa,CHX,26,cytoplasm,115626,granule,median,1061.0
1a57e1fc,vasa,CHX,26,cytoplasm,115626,pla,sum,189093594.0
1a57e1fc,vasa,CHX,26,cytoplasm,115626,pla,mean,1635.3899123034612
1a57e1fc,vasa,CHX,26,cytoplasm,115626,pla,median,1486.0
1a57e1fc,vasa,CHX,26,cytoplasm,115626,rna_type,sum,212809279.0
1a57e1fc,vasa,CHX,26,cytoplasm,115626,rna_type,mean,1840.49676543338
1a57e1fc,vasa,CHX,26,cytoplasm,115626,rna_type,median,1497.0
1a57e1fc,vasa,CHX,26,nucleo_cytoplasm,140199,granule,sum,197880937.0
1a57e1fc,vasa,CHX,26,nucleo_cytoplasm,140199,granule,mean,1411.4290187519168
1a57e1fc,vasa,CHX,26,nucleo_cytoplasm,140199,granule,median,1178.0
1a57e1fc,vasa,CHX,26,nucleo_cytoplasm,140199,pla,sum,220567925.0
1a57e1fc,vasa,CHX,26,nucleo_cytoplasm,140199,pla,mean,1573.2489176099687
1a57e1fc,vasa,CHX,26,nucleo_cytoplasm,140199,pla,median,1425.0
1a57e1fc,vasa,CHX,26,nucleo_cytoplasm,140199,rna_type,sum,242643331.0
1a57e1fc,vasa,CHX,26,nucleo_cytoplasm,140199,rna_type,mean,1730.706574226635
1a57e1fc,vasa,CHX,26,nucleo_cytoplasm,140199,rna_type,median,1410.0
8dd71c29,vasa,PatA,5,granule,5002,granule,sum,18947946.0
8dd71c29,vasa,PatA,5,granule,5002,granule,mean,3788.0739704118355
8dd71c29,vasa,PatA,5,granule,5002,granule,median,3249.5
8dd71c29,vasa,PatA,5,granule,5002,pla,sum,3236932.0
8dd71c29,vasa,PatA,5,granule,5002,pla,mean,647.1275489804078
8dd71c29,vasa,PatA,5,granule,5002,pla,median,536.0
8dd71c29,vasa,PatA,5,granule,5002,rna_type,sum,4554106.0
8dd71c29,vasa,PatA,5,granule,5002,rna_type,mean,910.4570171931227
8dd71c29,vasa,PatA,5,granule,5002,rna_type,median,722.5
8dd71c29,vasa,PatA,5,cell,92799,granule,sum,113265882.0
8dd71c29,vasa,PatA,5,cell,92799,granule,mean,1220.5506740374358
8dd71c29,vasa,PatA,5,cell,92799,granule,median,893.0
8dd71c29,vasa,PatA,5,cell,92799,pla,sum,51252427.0
8dd71c29,vasa,PatA,5,cell,92799,pla,mean,552.2950355068481
8dd71c29,vasa,PatA,5,cell,92799,pla,median,439.0
8dd71c29,vasa,PatA,5,cell,92799,rna_type,sum,54869042.0
8dd71c29,vasa,PatA,5,cell,92799,rna_type,mean,591.2675998663779
8dd71c29,vasa,PatA,5,cell,92799,rna_type,median,441.0
8dd71c29,vasa,PatA,5,granule_periphery,12630,granule,sum,22846715.0
8dd71c29,vasa,PatA,5,granule_periphery,12630,granule,mean,1808.924386381631
8dd71c29,vasa,PatA,5,granule_periphery,12630,granule,median,1554.5
8dd71c29,vasa,PatA,5,granule_periphery,12630,pla,sum,7441733.0
8dd71c29,vasa,PatA,5,granule_periphery,12630,pla,mean,589.210847189232
8dd71c29,vasa,PatA,5,granule_periphery,12630,pla,median,478.0
8dd71c29,vasa,PatA,5,granule_periphery,12630,rna_type,sum,9182496.0
8dd71c29,vasa,PatA,5,granule_periphery,12630,rna_type,mean,727.0384798099763
8dd71c29,vasa,PatA,5,granule_periphery,12630,rna_type,median,566.0
8dd71c29,vasa,PatA,5,pseudo_nucleus,32100,granule,sum,52581811.0
8dd71c29,vasa,PatA,5,pseudo_nucleus,32100,granule,mean,1638.0626479750779
8dd71c29,vasa,PatA,5,pseudo_nucleus,32100,granule,median,1271.0
8dd71c29,vasa,PatA,5,pseudo_nucleus,32100,pla,sum,18490337.0
8dd71c29,vasa,PatA,5,pseudo_nucleus,32100,pla,mean,576.0229595015576
8dd71c29,vasa,PatA,5,pseudo_nucleus,32100,pla,median,466.0
8dd71c29,vasa,PatA,5,pseudo_nucleus,32100,rna_type,sum,21175717.0
8dd71c29,vasa,PatA,5,pseudo_nucleus,32100,rna_type,mean,659.6796573208723
8dd71c29,vasa,PatA,5,pseudo_nucleus,32100,rna_type,median,515.0
8dd71c29,vasa,PatA,5,cytoplasm,53736,granule,sum,45108373.0
8dd71c29,vasa,PatA,5,cytoplasm,53736,granule,mean,839.4441901146345
8dd71c29,vasa,PatA,5,cytoplasm,53736,granule,median,649.0
8dd71c29,vasa,PatA,5,cytoplasm,53736,pla,sum,28485164.0
8dd71c29,vasa,PatA,5,cytoplasm,53736,pla,mean,530.0946106892958
8dd71c29,vasa,PatA,5,cytoplasm,53736,pla,median,417.0
8dd71c29,vasa,PatA,5,cytoplasm,53736,rna_type,sum,27993855.0
8dd71c29,vasa,PatA,5,cytoplasm,53736,rna_type,mean,520.9515966949531
8dd71c29,vasa,PatA,5,cytoplasm,53736,rna_type,median,379.0
8dd71c29,vasa,PatA,5,nucleo_cytoplasm,75167,granule,sum,71471221.0
8dd71c29,vasa,PatA,5,nucleo_cytoplasm,75167,granule,mean,950.8324264637407
8dd71c29,vasa,PatA,5,nucleo_cytoplasm,75167,granule,median,755.0
8dd71c29,vasa,PatA,5,nucleo_cytoplasm,75167,pla,sum,40573762.0
8dd71c29,vasa,PatA,5,nucleo_cytoplasm,75167,pla,mean,539.7815796825735
8dd71c29,vasa,PatA,5,nucleo_cytoplasm,75167,pla,median,427.0
8dd71c29,vasa,PatA,5,nucleo_cytoplasm,75167,rna_type,sum,41132440.0
8dd71c29,vasa,PatA,5,nucleo_cytoplasm,75167,rna_type,mean,547.2140700041241
8dd71c29,vasa,PatA,5,nucleo_cytoplasm,75167,rna_type,median,408.0
add8d695,vasa,DMSO,25,granule,7012,granule,sum,65087055.0
add8d695,vasa,DMSO,25,granule,7012,granule,mean,9282.238305761552
add8d695,vasa,DMSO,25,granule,7012,granule,median,8518.0
add8d695,vasa,DMSO,25,granule,7012,pla,sum,9787597.0
add8d695,vasa,DMSO,25,granule,7012,pla,mean,1395.8352823730747
add8d695,vasa,DMSO,25,granule,7012,pla,median,1281.0
add8d695,vasa,DMSO,25,granule,7012,rna_type,sum,8441301.0
add8d695,vasa,DMSO,25,granule,7012,rna_type,mean,1203.8364232743868
add8d695,vasa,DMSO,25,granule,7012,rna_type,median,1035.0
add8d695,vasa,DMSO,25,cell,108376,granule,sum,207571104.0
add8d695,vasa,DMSO,25,cell,108376,granule,mean,1915.2866317265816
add8d695,vasa,DMSO,25,cell,108376,granule,median,1104.0
add8d695,vasa,DMSO,25,cell,108376,pla,sum,142745264.0
add8d695,vasa,DMSO,25,cell,108376,pla,mean,1317.1298442459586
add8d695,vasa,DMSO,25,cell,108376,pla,median,1189.0
add8d695,vasa,DMSO,25,cell,108376,rna_type,sum,114866075.0
add8d695,vasa,DMSO,25,cell,108376,rna_type,mean,1059.884799217539
add8d695,vasa,DMSO,25,cell,108376,rna_type,median,892.0
add8d695,vasa,DMSO,25,granule_periphery,15220,granule,sum,47843081.0
add8d695,vasa,DMSO,25,granule_periphery,15220,granule,mean,3143.4350197109065
add8d695,vasa,DMSO,25,granule_periphery,15220,granule,median,2699.0
add8d695,vasa,DMSO,25,granule_periphery,15220,pla,sum,20447147.0
add8d695,vasa,DMSO,25,granule_periphery,15220,pla,mean,1343.4393561103811
add8d695,vasa,DMSO,25,granule_periphery,15220,pla,median,1218.0
add8d695,vasa,DMSO,25,granule_periphery,15220,rna_type,sum,16942982.0
add8d695,vasa,DMSO,25,granule_periphery,15220,rna_type,mean,1113.2051248357425
add8d695,vasa,DMSO,25,granule_periphery,15220,rna_type,median,933.5
add8d695,vasa,DMSO,25,pseudo_nucleus,24454,granule,sum,94815350.0
add8d695,vasa,DMSO,25,pseudo_nucleus,24454,granule,mean,3877.294103214198
add8d695,vasa,DMSO,25,pseudo_nucleus,24454,granule,median,2652.5
add8d695,vasa,DMSO,25,pseudo_nucleus,24454,pla,sum,34538825.0
add8d695,vasa,DMSO,25,pseudo_nucleus,24454,pla,mean,1412.399811891715
add8d695,vasa,DMSO,25,pseudo_nucleus,24454,pla,median,1285.0
add8d695,vasa,DMSO,25,pseudo_nucleus,24454,rna_type,sum,23562026.0
add8d695,vasa,DMSO,25,pseudo_nucleus,24454,rna_type,mean,963.5244131839372
add8d695,vasa,DMSO,25,pseudo_nucleus,24454,rna_type,median,815.0
add8d695,vasa,DMSO,25,cytoplasm,75509,granule,sum,74548525.0
add8d695,vasa,DMSO,25,cytoplasm,75509,granule,mean,987.2799931134037
add8d695,vasa,DMSO,25,cytoplasm,75509,granule,median,793.0
add8d695,vasa,DMSO,25,cytoplasm,75509,pla,sum,96983387.0
add8d695,vasa,DMSO,25,cytoplasm,75509,pla,mean,1284.3950654888822
add8d695,vasa,DMSO,25,cytoplasm,75509,pla,median,1155.0
add8d695,vasa,DMSO,25,cytoplasm,75509,rna_type,sum,80112251.0
add8d695,vasa,DMSO,25,cytoplasm,75509,rna_type,mean,1060.9629448145254
add8d695,vasa,DMSO,25,cytoplasm,75509,rna_type,median,896.0
add8d695,vasa,DMSO,25,nucleo_cytoplasm,86144,granule,sum,94640968.0
add8d695,vasa,DMSO,25,nucleo_cytoplasm,86144,granule,mean,1098.636794205052
add8d695,vasa,DMSO,25,nucleo_cytoplasm,86144,granule,median,870.0
add8d695,vasa,DMSO,25,nucleo_cytoplasm,86144,pla,sum,112510520.0
add8d695,vasa,DMSO,25,nucleo_cytoplasm,86144,pla,mean,1306.0749442793463
add8d695,vasa,DMSO,25,nucleo_cytoplasm,86144,pla,median,1176.0
add8d695,vasa,DMSO,25,nucleo_cytoplasm,86144,rna_type,sum,89481792.0
add8d695,vasa,DMSO,25,nucleo_cytoplasm,86144,rna_type,mean,1038.7466567607726
add8d695,vasa,DMSO,25,nucleo_cytoplasm,86144,rna_type,median,874.0
43fef6e3,vasa,DMSO,28,granule,6124,granule,sum,37231346.0
43fef6e3,vasa,DMSO,28,granule,6124,granule,mean,6079.579686479426
43fef6e3,vasa,DMSO,28,granule,6124,granule,median,5792.0
43fef6e3,vasa,DMSO,28,granule,6124,pla,sum,18930141.0
43fef6e3,vasa,DMSO,28,granule,6124,pla,mean,3091.139941214892
43fef6e3,vasa,DMSO,28,granule,6124,pla,median,2840.0
43fef6e3,vasa,DMSO,28,granule,6124,rna_type,sum,22776766.0
43fef6e3,vasa,DMSO,28,granule,6124,rna_type,mean,3719.262900065317
43fef6e3,vasa,DMSO,28,granule,6124,rna_type,median,3152.5
43fef6e3,vasa,DMSO,28,cell,134667,granule,sum,156586041.0
43fef6e3,vasa,DMSO,28,cell,134667,granule,mean,1162.7647530575418
43fef6e3,vasa,DMSO,28,cell,134667,granule,median,723.0
43fef6e3,vasa,DMSO,28,cell,134667,pla,sum,278097358.0
43fef6e3,vasa,DMSO,28,cell,134667,pla,mean,2065.07427951911
43fef6e3,vasa,DMSO,28,cell,134667,pla,median,1872.0
43fef6e3,vasa,DMSO,28,cell,134667,rna_type,sum,254720202.0
43fef6e3,vasa,DMSO,28,cell,134667,rna_type,mean,1891.4819666287954
43fef6e3,vasa,DMSO,28,cell,134667,rna_type,median,1510.0
43fef6e3,vasa,DMSO,28,granule_periphery,11999,granule,sum,25834393.0
43fef6e3,vasa,DMSO,28,granule_periphery,11999,granule,mean,2153.045503791983
43fef6e3,vasa,DMSO,28,granule_periphery,11999,granule,median,1826.0
43fef6e3,vasa,DMSO,28,granule_periphery,11999,pla,sum,32374461.0
43fef6e3,vasa,DMSO,28,granule_periphery,11999,pla,mean,2698.0965913826153
43fef6e3,vasa,DMSO,28,granule_periphery,11999,pla,median,2491.0
43fef6e3,vasa,DMSO,28,granule_periphery,11999,rna_type,sum,33779146.0
43fef6e3,vasa,DMSO,28,granule_periphery,11999,rna_type,mean,2815.163430285857
43fef6e3,vasa,DMSO,28,granule_periphery,11999,rna_type,median,2199.0
43fef6e3,vasa,DMSO,28,pseudo_nucleus,25189,granule,sum,50756862.0
43fef6e3,vasa,DMSO,28,pseudo_nucleus,25189,granule,mean,2015.0407717654532
43fef6e3,vasa,DMSO,28,pseudo_nucleus,25189,granule,median,1321.0
43fef6e3,vasa,DMSO,28,pseudo_nucleus,25189,pla,sum,70052751.0
43fef6e3,vasa,DMSO,28,pseudo_nucleus,25189,pla,mean,2781.0850371193774
43fef6e3,vasa,DMSO,28,pseudo_nucleus,25189,pla,median,2626.0
43fef6e3,vasa,DMSO,28,pseudo_nucleus,25189,rna_type,sum,51339599.0
43fef6e3,vasa,DMSO,28,pseudo_nucleus,25189,rna_type,mean,2038.1753543213308
43fef6e3,vasa,DMSO,28,pseudo_nucleus,25189,rna_type,median,1587.0
43fef6e3,vasa,DMSO,28,cytoplasm,100012,granule,sum,74367787.0
43fef6e3,vasa,DMSO,28,cytoplasm,100012,granule,mean,743.5886393632765
43fef6e3,vasa,DMSO,28,cytoplasm,100012,granule,median,562.0
43fef6e3,vasa,DMSO,28,cytoplasm,100012,pla,sum,182275517.0
43fef6e3,vasa,DMSO,28,cytoplasm,100012,pla,mean,1822.5364656241252
43fef6e3,vasa,DMSO,28,cytoplasm,100012,pla,median,1670.0
43fef6e3,vasa,DMSO,28,cytoplasm,100012,rna_type,sum,172583084.0
43fef6e3,vasa,DMSO,28,cytoplasm,100012,rna_type,mean,1725.6237651481822
43fef6e3,vasa,DMSO,28,cytoplasm,100012,rna_type,median,1422.5
43fef6e3,vasa,DMSO,28,nucleo_cytoplasm,116544,granule,sum,93520302.0
43fef6e3,vasa,DMSO,28,nucleo_cytoplasm,116544,granule,mean,802.4463035420099
43fef6e3,vasa,DMSO,28,nucleo_cytoplasm,116544,granule,median,614.0
43fef6e3,vasa,DMSO,28,nucleo_cytoplasm,116544,pla,sum,226792756.0
43fef6e3,vasa,DMSO,28,nucleo_cytoplasm,116544,pla,mean,1945.9839717188358
43fef6e3,vasa,DMSO,28,nucleo_cytoplasm,116544,pla,median,1779.0
43fef6e3,vasa,DMSO,28,nucleo_cytoplasm,116544,rna_type,sum,198164290.0
43fef6e3,vasa,DMSO,28,nucleo_cytoplasm,116544,rna_type,mean,1700.3388419824273
43fef6e3,vasa,DMSO,28,nucleo_cytoplasm,116544,rna_type,median,1412.0
7dbb80c1,vasa,DMSO,12,granule,9459,granule,sum,296174502.0
7dbb80c1,vasa,DMSO,12,granule,9459,granule,mean,31311.39676498573
7dbb80c1,vasa,DMSO,12,granule,9459,granule,median,33685.0
7dbb80c1,vasa,DMSO,12,granule,9459,pla,sum,21770414.0
7dbb80c1,vasa,DMSO,12,granule,9459,pla,mean,2301.5555555555557
7dbb80c1,vasa,DMSO,12,granule,9459,pla,median,2089.0
7dbb80c1,vasa,DMSO,12,granule,9459,rna_type,sum,44035082.0
7dbb80c1,vasa,DMSO,12,granule,9459,rna_type,mean,4655.3633576488
7dbb80c1,vasa,DMSO,12,granule,9459,rna_type,median,4163.0
7dbb80c1,vasa,DMSO,12,cell,180922,granule,sum,543547688.0
7dbb80c1,vasa,DMSO,12,cell,180922,granule,mean,3004.3205801395075
7dbb80c1,vasa,DMSO,12,cell,180922,granule,median,1091.0
7dbb80c1,vasa,DMSO,12,cell,180922,pla,sum,274816959.0
7dbb80c1,vasa,DMSO,12,cell,180922,pla,mean,1518.9803285393705
7dbb80c1,vasa,DMSO,12,cell,180922,pla,median,1331.0
7dbb80c1,vasa,DMSO,12,cell,180922,rna_type,sum,421194655.0
7dbb80c1,vasa,DMSO,12,cell,180922,rna_type,mean,2328.0455389615413
7dbb80c1,vasa,DMSO,12,cell,180922,rna_type,median,1853.0
7dbb80c1,vasa,DMSO,12,granule_periphery,6995,granule,sum,38449389.0
7dbb80c1,vasa,DMSO,12,granule_periphery,6995,granule,mean,5496.696068620443
7dbb80c1,vasa,DMSO,12,granule_periphery,6995,granule,median,4792.0
7dbb80c1,vasa,DMSO,12,granule_periphery,6995,pla,sum,14890964.0
7dbb80c1,vasa,DMSO,12,granule_periphery,6995,pla,mean,2128.801143674053
7dbb80c1,vasa,DMSO,12,granule_periphery,6995,pla,median,1939.0
7dbb80c1,vasa,DMSO,12,granule_periphery,6995,rna_type,sum,29655322.0
7dbb80c1,vasa,DMSO,12,granule_periphery,6995,rna_type,mean,4239.502787705504
7dbb80c1,vasa,DMSO,12,granule_periphery,6995,rna_type,median,3893.0
7dbb80c1,vasa,DMSO,12,pseudo_nucleus,8925,granule,sum,63994661.0
7dbb80c1,vasa,DMSO,12,pseudo_nucleus,8925,granule,mean,7170.270140056023
7dbb80c1,vasa,DMSO,12,pseudo_nucleus,8925,granule,median,2724.0
7dbb80c1,vasa,DMSO,12,pseudo_nucleus,8925,pla,sum,16927234.0
7dbb80c1,vasa,DMSO,12,pseudo_nucleus,8925,pla,mean,1896.6088515406163
7dbb80c1,vasa,DMSO,12,pseudo_nucleus,8925,pla,median,1676.0
7dbb80c1,vasa,DMSO,12,pseudo_nucleus,8925,rna_type,sum,29906574.0
7dbb80c1,vasa,DMSO,12,pseudo_nucleus,8925,rna_type,mean,3350.876638655462
7dbb80c1,vasa,DMSO,12,pseudo_nucleus,8925,rna_type,median,2827.0
7dbb80c1,vasa,DMSO,12,cytoplasm,158823,granule,sum,197270589.0
7dbb80c1,vasa,DMSO,12,cytoplasm,158823,granule,mean,1242.0782191496194
7dbb80c1,vasa,DMSO,12,cytoplasm,158823,granule,median,945.0
7dbb80c1,vasa,DMSO,12,cytoplasm,158823,pla,sum,229085317.0
7dbb80c1,vasa,DMSO,12,cytoplasm,158823,pla,mean,1442.3938409424327
7dbb80c1,vasa,DMSO,12,cytoplasm,158823,pla,median,1270.0
7dbb80c1,vasa,DMSO,12,cytoplasm,158823,rna_type,sum,333810924.0
7dbb80c1,vasa,DMSO,12,cytoplasm,158823,rna_type,mean,2101.779490376079
7dbb80c1,vasa,DMSO,12,cytoplasm,158823,rna_type,median,1698.0
7dbb80c1,vasa,DMSO,12,nucleo_cytoplasm,164468,granule,sum,208923797.0
7dbb80c1,vasa,DMSO,12,nucleo_cytoplasm,164468,granule,mean,1270.3005873482987
7dbb80c1,vasa,DMSO,12,nucleo_cytoplasm,164468,granule,median,968.0
7dbb80c1,vasa,DMSO,12,nucleo_cytoplasm,164468,pla,sum,238155581.0
7dbb80c1,vasa,DMSO,12,nucleo_cytoplasm,164468,pla,mean,1448.0359766033514
7dbb80c1,vasa,DMSO,12,nucleo_cytoplasm,164468,pla,median,1277.0
7dbb80c1,vasa,DMSO,12,nucleo_cytoplasm,164468,rna_type,sum,347504251.0
7dbb80c1,vasa,DMSO,12,nucleo_cytoplasm,164468,rna_type,mean,2112.8988678648734
7dbb80c1,vasa,DMSO,12,nucleo_cytoplasm,164468,rna_type,median,1713.0
cd645ab6,actin,DMSO,12,granule,4210,granule,sum,42404042.0
cd645ab6,actin,DMSO,12,granule,4210,granule,mean,10072.219002375297
cd645ab6,actin,DMSO,12,granule,4210,granule,median,8056.0
cd645ab6,actin,DMSO,12,granule,4210,pla,sum,7299211.0
cd645ab6,actin,DMSO,12,granule,4210,pla,mean,1733.7793349168646
cd645ab6,actin,DMSO,12,granule,4210,pla,median,1601.0
cd645ab6,actin,DMSO,12,granule,4210,rna_type,sum,6724136.0
cd645ab6,actin,DMSO,12,granule,4210,rna_type,mean,1597.1819477434678
cd645ab6,actin,DMSO,12,granule,4210,rna_type,median,1363.5
cd645ab6,actin,DMSO,12,cell,125373,granule,sum,187325836.0
cd645ab6,actin,DMSO,12,cell,125373,granule,mean,1494.1481499206368
cd645ab6,actin,DMSO,12,cell,125373,granule,median,968.0
cd645ab6,actin,DMSO,12,cell,125373,pla,sum,175724677.0
cd645ab6,actin,DMSO,12,cell,125373,pla,mean,1401.6149968494015
cd645ab6,actin,DMSO,12,cell,125373,pla,median,1257.0
cd645ab6,actin,DMSO,12,cell,125373,rna_type,sum,161559059.0
cd645ab6,actin,DMSO,12,cell,125373,rna_type,mean,1288.6272084101042
cd645ab6,actin,DMSO,12,cell,125373,rna_type,median,1067.0
cd645ab6,actin,DMSO,12,granule_periphery,14515,granule,sum,31649010.0
cd645ab6,actin,DMSO,12,granule_periphery,14515,granule,mean,2180.4347227006547
cd645ab6,actin,DMSO,12,granule_periphery,14515,granule,median,1863.0
cd645ab6,actin,DMSO,12,granule_periphery,14515,pla,sum,21876909.0
cd645ab6,actin,DMSO,12,granule_periphery,14515,pla,mean,1507.1931794695142
cd645ab6,actin,DMSO,12,granule_periphery,14515,pla,median,1361.0
cd645ab6,actin,DMSO,12,granule_periphery,14515,rna_type,sum,19975405.0
cd645ab6,actin,DMSO,12,granule_periphery,14515,rna_type,mean,1376.1904925938684
cd645ab6,actin,DMSO,12,granule_periphery,14515,rna_type,median,1152.0
cd645ab6,actin,DMSO,12,pseudo_nucleus,47091,granule,sum,91517842.0
cd645ab6,actin,DMSO,12,pseudo_nucleus,47091,granule,mean,1943.4253254337348
cd645ab6,actin,DMSO,12,pseudo_nucleus,47091,granule,median,1318.0
cd645ab6,actin,DMSO,12,pseudo_nucleus,47091,pla,sum,67095796.0
cd645ab6,actin,DMSO,12,pseudo_nucleus,47091,pla,mean,1424.8114501709456
cd645ab6,actin,DMSO,12,pseudo_nucleus,47091,pla,median,1283.0
cd645ab6,actin,DMSO,12,pseudo_nucleus,47091,rna_type,sum,63093517.0
cd645ab6,actin,DMSO,12,pseudo_nucleus,47091,rna_type,mean,1339.8211335499352
cd645ab6,actin,DMSO,12,pseudo_nucleus,47091,rna_type,median,1123.0
cd645ab6,actin,DMSO,12,cytoplasm,71951,granule,sum,67492774.0
cd645ab6,actin,DMSO,12,cytoplasm,71951,granule,mean,938.038025878723
cd645ab6,actin,DMSO,12,cytoplasm,71951,granule,median,745.0
cd645ab6,actin,DMSO,12,cytoplasm,71951,pla,sum,98291787.0
cd645ab6,actin,DMSO,12,cytoplasm,71951,pla,mean,1366.0934107934568
cd645ab6,actin,DMSO,12,cytoplasm,71951,pla,median,1221.0
cd645ab6,actin,DMSO,12,cytoplasm,71951,rna_type,sum,89492753.0
cd645ab6,actin,DMSO,12,cytoplasm,71951,rna_type,mean,1243.8013787160708
cd645ab6,actin,DMSO,12,cytoplasm,71951,rna_type,median,1021.0
cd645ab6,actin,DMSO,12,nucleo_cytoplasm,106663,granule,sum,113280110.0
cd645ab6,actin,DMSO,12,nucleo_cytoplasm,106663,granule,mean,1062.037538790396
cd645ab6,actin,DMSO,12,nucleo_cytoplasm,106663,granule,median,847.0
cd645ab6,actin,DMSO,12,nucleo_cytoplasm,106663,pla,sum,146566763.0
cd645ab6,actin,DMSO,12,nucleo_cytoplasm,106663,pla,mean,1374.1106381781874
cd645ab6,actin,DMSO,12,nucleo_cytoplasm,106663,pla,median,1230.0
cd645ab6,actin,DMSO,12,nucleo_cytoplasm,106663,rna_type,sum,134874528.0
cd645ab6,actin,DMSO,12,nucleo_cytoplasm,106663,rna_type,mean,1264.492166918238
cd645ab6,actin,DMSO,12,nucleo_cytoplasm,106663,rna_type,median,1046.0
a9713811,actin,CHX,9,granule,7743,granule,sum,274627722.0
a9713811,actin,CHX,9,granule,7743,granule,mean,35467.87059279349
a9713811,actin,CHX,9,granule,7743,granule,median,36369.0
a9713811,actin,CHX,9,granule,7743,pla,sum,13299296.0
a9713811,actin,CHX,9,granule,7743,pla,mean,1717.5895647681778
a9713811,actin,CHX,9,granule,7743,pla,median,1549.0
a9713811,actin,CHX,9,granule,7743,rna_type,sum,12772119.0
a9713811,actin,CHX,9,granule,7743,rna_type,mean,1649.505230530802
a9713811,actin,CHX,9,granule,7743,rna_type,median,1441.0
a9713811,actin,CHX,9,cell,84392,granule,sum,534100880.0
a9713811,actin,CHX,9,cell,84392,granule,mean,6328.809365816665
a9713811,actin,CHX,9,cell,84392,granule,median,2764.0
a9713811,actin,CHX,9,cell,84392,pla,sum,130212339.0
a9713811,actin,CHX,9,cell,84392,pla,mean,1542.9464759692862
a9713811,actin,CHX,9,cell,84392,pla,median,1382.0
a9713811,actin,CHX,9,cell,84392,rna_type,sum,106122976.0
a9713811,actin,CHX,9,cell,84392,rna_type,mean,1257.5004265807186
a9713811,actin,CHX,9,cell,84392,rna_type,median,1058.0
a9713811,actin,CHX,9,granule_periphery,10608,granule,sum,87626355.0
a9713811,actin,CHX,9,granule_periphery,10608,granule,mean,8260.402997737556
a9713811,actin,CHX,9,granule_periphery,10608,granule,median,7654.0
a9713811,actin,CHX,9,granule_periphery,10608,pla,sum,17311354.0
a9713811,actin,CHX,9,granule_periphery,10608,pla,mean,1631.9149698340875
a9713811,actin,CHX,9,granule_periphery,10608,pla,median,1473.0
a9713811,actin,CHX,9,granule_periphery,10608,rna_type,sum,14539741.0
a9713811,actin,CHX,9,granule_periphery,10608,rna_type,mean,1370.6392345399697
a9713811,actin,CHX,9,granule_periphery,10608,rna_type,median,1189.0
a9713811,actin,CHX,9,pseudo_nucleus,20191,granule,sum,177813588.0
a9713811,actin,CHX,9,pseudo_nucleus,20191,granule,mean,8806.576593531772
a9713811,actin,CHX,9,pseudo_nucleus,20191,granule,median,5052.0
a9713811,actin,CHX,9,pseudo_nucleus,20191,pla,sum,30887064.0
a9713811,actin,CHX,9,pseudo_nucleus,20191,pla,mean,1529.7441434302411
a9713811,actin,CHX,9,pseudo_nucleus,20191,pla,median,1380.0
a9713811,actin,CHX,9,pseudo_nucleus,20191,rna_type,sum,27274284.0
a9713811,actin,CHX,9,pseudo_nucleus,20191,rna_type,mean,1350.8139269971768
a9713811,actin,CHX,9,pseudo_nucleus,20191,rna_type,median,1154.0
a9713811,actin,CHX,9,cytoplasm,52233,granule,sum,110922751.0
a9713811,actin,CHX,9,cytoplasm,52233,granule,mean,2123.6144008576953
a9713811,actin,CHX,9,cytoplasm,52233,granule,median,1821.0
a9713811,actin,CHX,9,cytoplasm,52233,pla,sum,79040032.0
a9713811,actin,CHX,9,cytoplasm,52233,pla,mean,1513.2202247621235
a9713811,actin,CHX,9,cytoplasm,52233,pla,median,1353.0
a9713811,actin,CHX,9,cytoplasm,52233,rna_type,sum,61231512.0
a9713811,actin,CHX,9,cytoplasm,52233,rna_type,mean,1172.276377003044
a9713811,actin,CHX,9,cytoplasm,52233,rna_type,median,978.0
a9713811,actin,CHX,9,nucleo_cytoplasm,66041,granule,sum,171846803.0
a9713811,actin,CHX,9,nucleo_cytoplasm,66041,granule,mean,2602.122969064672
a9713811,actin,CHX,9,nucleo_cytoplasm,66041,granule,median,2171.0
a9713811,actin,CHX,9,nucleo_cytoplasm,66041,pla,sum,99601689.0
a9713811,actin,CHX,9,nucleo_cytoplasm,66041,pla,mean,1508.1796005511728
a9713811,actin,CHX,9,nucleo_cytoplasm,66041,pla,median,1351.0
a9713811,actin,CHX,9,nucleo_cytoplasm,66041,rna_type,sum,78811116.0
a9713811,actin,CHX,9,nucleo_cytoplasm,66041,rna_type,mean,1193.3664844566254
a9713811,actin,CHX,9,nucleo_cytoplasm,66041,rna_type,median,999.0
0b1d0bcd,vasa,CHX,1,granule,6753,granule,sum,55193633.0
0b1d0bcd,vasa,CHX,1,granule,6753,granule,mean,8173.201984303272
0b1d0bcd,vasa,CHX,1,granule,6753,granule,median,7871.0
0b1d0bcd,vasa,CHX,1,granule,6753,pla,sum,16969429.0
0b1d0bcd,vasa,CHX,1,granule,6753,pla,mean,2512.8726491929515
0b1d0bcd,vasa,CHX,1,granule,6753,pla,median,2333.0
0b1d0bcd,vasa,CHX,1,granule,6753,rna_type,sum,25474622.0
0b1d0bcd,vasa,CHX,1,granule,6753,rna_type,mean,3772.341477861691
0b1d0bcd,vasa,CHX,1,granule,6753,rna_type,median,3254.0
0b1d0bcd,vasa,CHX,1,cell,130481,granule,sum,172065687.0
0b1d0bcd,vasa,CHX,1,cell,130481,granule,mean,1318.703006568006
0b1d0bcd,vasa,CHX,1,cell,130481,granule,median,741.0
0b1d0bcd,vasa,CHX,1,cell,130481,pla,sum,249532018.0
0b1d0bcd,vasa,CHX,1,cell,130481,pla,mean,1912.4011771828848
0b1d0bcd,vasa,CHX,1,cell,130481,pla,median,1717.0
0b1d0bcd,vasa,CHX,1,cell,130481,rna_type,sum,307875393.0
0b1d0bcd,vasa,CHX,1,cell,130481,rna_type,mean,2359.5419486362
0b1d0bcd,vasa,CHX,1,cell,130481,rna_type,median,1754.0
0b1d0bcd,vasa,CHX,1,granule_periphery,10048,granule,sum,22581952.0
0b1d0bcd,vasa,CHX,1,granule_periphery,10048,granule,mean,2247.4076433121018
0b1d0bcd,vasa,CHX,1,granule_periphery,10048,granule,median,1932.0
0b1d0bcd,vasa,CHX,1,granule_periphery,10048,pla,sum,24972803.0
0b1d0bcd,vasa,CHX,1,granule_periphery,10048,pla,mean,2485.3506170382166
0b1d0bcd,vasa,CHX,1,granule_periphery,10048,pla,median,2283.0
0b1d0bcd,vasa,CHX,1,granule_periphery,10048,rna_type,sum,36081571.0
0b1d0bcd,vasa,CHX,1,granule_periphery,10048,rna_type,mean,3590.920680732484
0b1d0bcd,vasa,CHX,1,granule_periphery,10048,rna_type,median,2973.0
0b1d0bcd,vasa,CHX,1,pseudo_nucleus,22537,granule,sum,48018918.0
0b1d0bcd,vasa,CHX,1,pseudo_nucleus,22537,granule,mean,2130.6703642898347
0b1d0bcd,vasa,CHX,1,pseudo_nucleus,22537,granule,median,1282.0
0b1d0bcd,vasa,CHX,1,pseudo_nucleus,22537,pla,sum,44609187.0
0b1d0bcd,vasa,CHX,1,pseudo_nucleus,22537,pla,mean,1979.37556018991
0b1d0bcd,vasa,CHX,1,pseudo_nucleus,22537,pla,median,1812.0
0b1d0bcd,vasa,CHX,1,pseudo_nucleus,22537,rna_type,sum,48789441.0
0b1d0bcd,vasa,CHX,1,pseudo_nucleus,22537,rna_type,mean,2164.859608643564
0b1d0bcd,vasa,CHX,1,pseudo_nucleus,22537,rna_type,median,1738.0
0b1d0bcd,vasa,CHX,1,cytoplasm,97715,granule,sum,74941246.0
0b1d0bcd,vasa,CHX,1,cytoplasm,97715,granule,mean,766.936969758993
0b1d0bcd,vasa,CHX,1,cytoplasm,97715,granule,median,577.0
0b1d0bcd,vasa,CHX,1,cytoplasm,97715,pla,sum,179009895.0
0b1d0bcd,vasa,CHX,1,cytoplasm,97715,pla,mean,1831.9592181343703
0b1d0bcd,vasa,CHX,1,cytoplasm,97715,pla,median,1638.0
0b1d0bcd,vasa,CHX,1,cytoplasm,97715,rna_type,sum,219973084.0
0b1d0bcd,vasa,CHX,1,cytoplasm,97715,rna_type,mean,2251.170076242133
0b1d0bcd,vasa,CHX,1,cytoplasm,97715,rna_type,median,1631.0
0b1d0bcd,vasa,CHX,1,nucleo_cytoplasm,113680,granule,sum,94290102.0
0b1d0bcd,vasa,CHX,1,nucleo_cytoplasm,113680,granule,mean,829.4343947923998
0b1d0bcd,vasa,CHX,1,nucleo_cytoplasm,113680,granule,median,630.0
0b1d0bcd,vasa,CHX,1,nucleo_cytoplasm,113680,pla,sum,207589786.0
0b1d0bcd,vasa,CHX,1,nucleo_cytoplasm,113680,pla,mean,1826.0888986629134
0b1d0bcd,vasa,CHX,1,nucleo_cytoplasm,113680,pla,median,1643.0
0b1d0bcd,vasa,CHX,1,nucleo_cytoplasm,113680,rna_type,sum,246319200.0
0b1d0bcd,vasa,CHX,1,nucleo_cytoplasm,113680,rna_type,mean,2166.776917663617
0b1d0bcd,vasa,CHX,1,nucleo_cytoplasm,113680,rna_type,median,1599.0
c252eceb,vasa,PatA,20,granule,6822,granule,sum,58139817.0
c252eceb,vasa,PatA,20,granule,6822,granule,mean,8522.400615655233
c252eceb,vasa,PatA,20,granule,6822,granule,median,7950.0
c252eceb,vasa,PatA,20,granule,6822,pla,sum,9269292.0
c252eceb,vasa,PatA,20,granule,6822,pla,mean,1358.7352682497801
c252eceb,vasa,PatA,20,granule,6822,pla,median,1128.0
c252eceb,vasa,PatA,20,granule,6822,rna_type,sum,16616443.0
c252eceb,vasa,PatA,20,granule,6822,rna_type,mean,2435.7143066549397
c252eceb,vasa,PatA,20,granule,6822,rna_type,median,1500.0
c252eceb,vasa,PatA,20,cell,115064,granule,sum,170810556.0
c252eceb,vasa,PatA,20,cell,115064,granule,mean,1484.483035528054
c252eceb,vasa,PatA,20,cell,115064,granule,median,850.0
c252eceb,vasa,PatA,20,cell,115064,pla,sum,106279868.0
c252eceb,vasa,PatA,20,cell,115064,pla,mean,923.6587290551346
c252eceb,vasa,PatA,20,cell,115064,pla,median,769.0
c252eceb,vasa,PatA,20,cell,115064,rna_type,sum,94047030.0
c252eceb,vasa,PatA,20,cell,115064,rna_type,mean,817.3453903914343
c252eceb,vasa,PatA,20,cell,115064,rna_type,median,490.0
c252eceb,vasa,PatA,20,granule_periphery,9193,granule,sum,21332313.0
c252eceb,vasa,PatA,20,granule_periphery,9193,granule,mean,2320.4952681388013
c252eceb,vasa,PatA,20,granule_periphery,9193,granule,median,2005.0
c252eceb,vasa,PatA,20,granule_periphery,9193,pla,sum,10439667.0
c252eceb,vasa,PatA,20,granule_periphery,9193,pla,mean,1135.6104644838465
c252eceb,vasa,PatA,20,granule_periphery,9193,pla,median,871.0
c252eceb,vasa,PatA,20,granule_periphery,9193,rna_type,sum,13656056.0
c252eceb,vasa,PatA,20,granule_periphery,9193,rna_type,mean,1485.4841727401283
c252eceb,vasa,PatA,20,granule_periphery,9193,rna_type,median,758.0
c252eceb,vasa,PatA,20,pseudo_nucleus,14019,granule,sum,42916008.0
c252eceb,vasa,PatA,20,pseudo_nucleus,14019,granule,mean,3061.274555959769
c252eceb,vasa,PatA,20,pseudo_nucleus,14019,granule,median,1640.0
c252eceb,vasa,PatA,20,pseudo_nucleus,14019,pla,sum,13230702.0
c252eceb,vasa,PatA,20,pseudo_nucleus,14019,pla,mean,943.7693130751123
c252eceb,vasa,PatA,20,pseudo_nucleus,14019,pla,median,781.0
c252eceb,vasa,PatA,20,pseudo_nucleus,14019,rna_type,sum,16317320.0
c252eceb,vasa,PatA,20,pseudo_nucleus,14019,rna_type,mean,1163.9432199158284
c252eceb,vasa,PatA,20,pseudo_nucleus,14019,rna_type,median,681.0
c252eceb,vasa,PatA,20,cytoplasm,92367,granule,sum,83180080.0
c252eceb,vasa,PatA,20,cytoplasm,92367,granule,mean,900.5389370662682
c252eceb,vasa,PatA,20,cytoplasm,92367,granule,median,703.0
c252eceb,vasa,PatA,20,cytoplasm,92367,pla,sum,81224632.0
c252eceb,vasa,PatA,20,cytoplasm,92367,pla,mean,879.3685190598374
c252eceb,vasa,PatA,20,cytoplasm,92367,pla,median,747.0
c252eceb,vasa,PatA,20,cytoplasm,92367,rna_type,sum,59401324.0
c252eceb,vasa,PatA,20,cytoplasm,92367,rna_type,mean,643.1011508439161
c252eceb,vasa,PatA,20,cytoplasm,92367,rna_type,median,440.0
c252eceb,vasa,PatA,20,nucleo_cytoplasm,99049,granule,sum,91338426.0
c252eceb,vasa,PatA,20,nucleo_cytoplasm,99049,granule,mean,922.1539440075114
c252eceb,vasa,PatA,20,nucleo_cytoplasm,99049,granule,median,725.0
c252eceb,vasa,PatA,20,nucleo_cytoplasm,99049,pla,sum,86570909.0
c252eceb,vasa,PatA,20,nucleo_cytoplasm,99049,pla,mean,874.0210299952548
c252eceb,vasa,PatA,20,nucleo_cytoplasm,99049,pla,median,743.0
c252eceb,vasa,PatA,20,nucleo_cytoplasm,99049,rna_type,sum,63774531.0
c252eceb,vasa,PatA,20,nucleo_cytoplasm,99049,rna_type,mean,643.8684994295753
c252eceb,vasa,PatA,20,nucleo_cytoplasm,99049,rna_type,median,444.0
f750808f,vasa,DMSO,11,granule,3117,granule,sum,15769372.0
f750808f,vasa,DMSO,11,granule,3117,granule,mean,5059.150465190889
f750808f,vasa,DMSO,11,granule,3117,granule,median,4742.0
f750808f,vasa,DMSO,11,granule,3117,pla,sum,4564442.0
f750808f,vasa,DMSO,11,granule,3117,pla,mean,1464.3702277831248
f750808f,vasa,DMSO,11,granule,3117,pla,median,1247.0
f750808f,vasa,DMSO,11,granule,3117,rna_type,sum,8871339.0
f750808f,vasa,DMSO,11,granule,3117,rna_type,mean,2846.1145332050046
f750808f,vasa,DMSO,11,granule,3117,rna_type,median,2339.0
f750808f,vasa,DMSO,11,cell,121381,granule,sum,105144107.0
f750808f,vasa,DMSO,11,cell,121381,granule,mean,866.2320050090212
f750808f,vasa,DMSO,11,cell,121381,granule,median,550.0
f750808f,vasa,DMSO,11,cell,121381,pla,sum,114007125.0
f750808f,vasa,DMSO,11,cell,121381,pla,mean,939.2501709493248
f750808f,vasa,DMSO,11,cell,121381,pla,median,787.0
f750808f,vasa,DMSO,11,cell,121381,rna_type,sum,178420864.0
f750808f,vasa,DMSO,11,cell,121381,rna_type,mean,1469.9241561694168
f750808f,vasa,DMSO,11,cell,121381,rna_type,median,1172.0
f750808f,vasa,DMSO,11,granule_periphery,10112,granule,sum,17912264.0
f750808f,vasa,DMSO,11,granule_periphery,10112,granule,mean,1771.3868670886077
f750808f,vasa,DMSO,11,granule_periphery,10112,granule,median,1530.0
f750808f,vasa,DMSO,11,granule_periphery,10112,pla,sum,10765056.0
f750808f,vasa,DMSO,11,granule_periphery,10112,pla,mean,1064.5822784810127
f750808f,vasa,DMSO,11,granule_periphery,10112,pla,median,908.5
f750808f,vasa,DMSO,11,granule_periphery,10112,rna_type,sum,18790067.0
f750808f,vasa,DMSO,11,granule_periphery,10112,rna_type,mean,1858.1949169303798
f750808f,vasa,DMSO,11,granule_periphery,10112,rna_type,median,1545.0
f750808f,vasa,DMSO,11,pseudo_nucleus,22274,granule,sum,29987678.0
f750808f,vasa,DMSO,11,pseudo_nucleus,22274,granule,mean,1346.3086109365179
f750808f,vasa,DMSO,11,pseudo_nucleus,22274,granule,median,957.0
f750808f,vasa,DMSO,11,pseudo_nucleus,22274,pla,sum,19987572.0
f750808f,vasa,DMSO,11,pseudo_nucleus,22274,pla,mean,897.349914698752
f750808f,vasa,DMSO,11,pseudo_nucleus,22274,pla,median,770.0
f750808f,vasa,DMSO,11,pseudo_nucleus,22274,rna_type,sum,27896502.0
f750808f,vasa,DMSO,11,pseudo_nucleus,22274,rna_type,mean,1252.4244410523481
f750808f,vasa,DMSO,11,pseudo_nucleus,22274,rna_type,median,1054.0
f750808f,vasa,DMSO,11,cytoplasm,91380,granule,sum,55548873.0
f750808f,vasa,DMSO,11,cytoplasm,91380,granule,mean,607.8887393302692
f750808f,vasa,DMSO,11,cytoplasm,91380,granule,median,417.0
f750808f,vasa,DMSO,11,cytoplasm,91380,pla,sum,84549567.0
f750808f,vasa,DMSO,11,cytoplasm,91380,pla,mean,925.252429415627
f750808f,vasa,DMSO,11,cytoplasm,91380,pla,median,775.0
f750808f,vasa,DMSO,11,cytoplasm,91380,rna_type,sum,132441178.0
f750808f,vasa,DMSO,11,cytoplasm,91380,rna_type,mean,1449.345349091705
f750808f,vasa,DMSO,11,cytoplasm,91380,rna_type,median,1158.0
f750808f,vasa,DMSO,11,nucleo_cytoplasm,108152,granule,sum,71462471.0
f750808f,vasa,DMSO,11,nucleo_cytoplasm,108152,granule,mean,660.759588357127
f750808f,vasa,DMSO,11,nucleo_cytoplasm,108152,granule,median,468.0
f750808f,vasa,DMSO,11,nucleo_cytoplasm,108152,pla,sum,98677627.0
f750808f,vasa,DMSO,11,nucleo_cytoplasm,108152,pla,mean,912.397616317775
f750808f,vasa,DMSO,11,nucleo_cytoplasm,108152,pla,median,767.0
f750808f,vasa,DMSO,11,nucleo_cytoplasm,108152,rna_type,sum,150759458.0
f750808f,vasa,DMSO,11,nucleo_cytoplasm,108152,rna_type,mean,1393.959039130113
f750808f,vasa,DMSO,11,nucleo_cytoplasm,108152,rna_type,median,1121.0
d533ddcf,actin,CHX,18,granule,6619,granule,sum,67136279.0
d533ddcf,actin,CHX,18,granule,6619,granule,mean,10142.964042906784
d533ddcf,actin,CHX,18,granule,6619,granule,median,9989.0
d533ddcf,actin,CHX,18,granule,6619,pla,sum,8756551.0
d533ddcf,actin,CHX,18,granule,6619,pla,mean,1322.9416830336909
d533ddcf,actin,CHX,18,granule,6619,pla,median,1187.0
d533ddcf,actin,CHX,18,granule,6619,rna_type,sum,9773860.0
d533ddcf,actin,CHX,18,granule,6619,rna_type,mean,1476.6369542226923
d533ddcf,actin,CHX,18,granule,6619,rna_type,median,1281.0
d533ddcf,actin,CHX,18,cell,99463,granule,sum,181096158.0
d533ddcf,actin,CHX,18,cell,99463,granule,mean,1820.738948151574
d533ddcf,actin,CHX,18,cell,99463,granule,median,979.0
d533ddcf,actin,CHX,18,cell,99463,pla,sum,118517037.0
d533ddcf,actin,CHX,18,cell,99463,pla,mean,1191.5690960457657
d533ddcf,actin,CHX,18,cell,99463,pla,median,1038.0
d533ddcf,actin,CHX,18,cell,99463,rna_type,sum,114708971.0
d533ddcf,actin,CHX,18,cell,99463,rna_type,mean,1153.2828388445955
d533ddcf,actin,CHX,18,cell,99463,rna_type,median,960.0
d533ddcf,actin,CHX,18,granule_periphery,12160,granule,sum,33409366.0
d533ddcf,actin,CHX,18,granule_periphery,12160,granule,mean,2747.4807565789474
d533ddcf,actin,CHX,18,granule_periphery,12160,granule,median,2180.0
d533ddcf,actin,CHX,18,granule_periphery,12160,pla,sum,14580417.0
d533ddcf,actin,CHX,18,granule_periphery,12160,pla,mean,1199.0474506578948
d533ddcf,actin,CHX,18,granule_periphery,12160,pla,median,1050.0
d533ddcf,actin,CHX,18,granule_periphery,12160,rna_type,sum,14773481.0
d533ddcf,actin,CHX,18,granule_periphery,12160,rna_type,mean,1214.9244243421053
d533ddcf,actin,CHX,18,granule_periphery,12160,rna_type,median,1026.0
d533ddcf,actin,CHX,18,pseudo_nucleus,32457,granule,sum,84035413.0
d533ddcf,actin,CHX,18,pseudo_nucleus,32457,granule,mean,2589.1306343777924
d533ddcf,actin,CHX,18,pseudo_nucleus,32457,granule,median,1388.0
d533ddcf,actin,CHX,18,pseudo_nucleus,32457,pla,sum,37943422.0
d533ddcf,actin,CHX,18,pseudo_nucleus,32457,pla,mean,1169.0366330837724
d533ddcf,actin,CHX,18,pseudo_nucleus,32457,pla,median,1019.0
d533ddcf,actin,CHX,18,pseudo_nucleus,32457,rna_type,sum,37522676.0
d533ddcf,actin,CHX,18,pseudo_nucleus,32457,rna_type,mean,1156.0734510275133
d533ddcf,actin,CHX,18,pseudo_nucleus,32457,rna_type,median,964.0
d533ddcf,actin,CHX,18,cytoplasm,59418,granule,sum,55110333.0
d533ddcf,actin,CHX,18,cytoplasm,59418,granule,mean,927.5023225285267
d533ddcf,actin,CHX,18,cytoplasm,59418,granule,median,738.0
d533ddcf,actin,CHX,18,cytoplasm,59418,pla,sum,71239797.0
d533ddcf,actin,CHX,18,cytoplasm,59418,pla,mean,1198.9598606482884
d533ddcf,actin,CHX,18,cytoplasm,59418,pla,median,1045.0
d533ddcf,actin,CHX,18,cytoplasm,59418,rna_type,sum,66780899.0
d533ddcf,actin,CHX,18,cytoplasm,59418,rna_type,mean,1123.9169780201287
d533ddcf,actin,CHX,18,cytoplasm,59418,rna_type,median,932.0
d533ddcf,actin,CHX,18,nucleo_cytoplasm,80684,granule,sum,80550513.0
d533ddcf,actin,CHX,18,nucleo_cytoplasm,80684,granule,mean,998.3455579792771
d533ddcf,actin,CHX,18,nucleo_cytoplasm,80684,granule,median,800.0
d533ddcf,actin,CHX,18,nucleo_cytoplasm,80684,pla,sum,95180069.0
d533ddcf,actin,CHX,18,nucleo_cytoplasm,80684,pla,mean,1179.6647290664816
d533ddcf,actin,CHX,18,nucleo_cytoplasm,80684,pla,median,1026.0
d533ddcf,actin,CHX,18,nucleo_cytoplasm,80684,rna_type,sum,90161630.0
d533ddcf,actin,CHX,18,nucleo_cytoplasm,80684,rna_type,mean,1117.4660403549651
d533ddcf,actin,CHX,18,nucleo_cytoplasm,80684,rna_type,median,925.0
976f4afe,vasa,CHX,2,granule,5369,granule,sum,11599745.0
976f4afe,vasa,CHX,2,granule,5369,granule,mean,2160.5038182156827
976f4afe,vasa,CHX,2,granule,5369,granule,median,1919.0
976f4afe,vasa,CHX,2,granule,5369,pla,sum,14997435.0
976f4afe,vasa,CHX,2,granule,5369,pla,mean,2793.3386105420004
976f4afe,vasa,CHX,2,granule,5369,pla,median,2663.0
976f4afe,vasa,CHX,2,granule,5369,rna_type,sum,20659564.0
976f4afe,vasa,CHX,2,granule,5369,rna_type,mean,3847.9351834606073
976f4afe,vasa,CHX,2,granule,5369,rna_type,median,3488.0
976f4afe,vasa,CHX,2,cell,102599,granule,sum,78151036.0
976f4afe,vasa,CHX,2,cell,102599,granule,mean,761.7134280061209
976f4afe,vasa,CHX,2,cell,102599,granule,median,522.0
976f4afe,vasa,CHX,2,cell,102599,pla,sum,190612753.0
976f4afe,vasa,CHX,2,cell,102599,pla,mean,1857.8422109377284
976f4afe,vasa,CHX,2,cell,102599,pla,median,1680.0
976f4afe,vasa,CHX,2,cell,102599,rna_type,sum,228351913.0
976f4afe,vasa,CHX,2,cell,102599,rna_type,mean,2225.6738662170196
976f4afe,vasa,CHX,2,cell,102599,rna_type,median,1819.0
976f4afe,vasa,CHX,2,granule_periphery,13431,granule,sum,14347109.0
976f4afe,vasa,CHX,2,granule_periphery,13431,granule,mean,1068.2085473903655
976f4afe,vasa,CHX,2,granule_periphery,13431,granule,median,854.0
976f4afe,vasa,CHX,2,granule_periphery,13431,pla,sum,32928683.0
976f4afe,vasa,CHX,2,granule_periphery,13431,pla,mean,2451.692576874395
976f4afe,vasa,CHX,2,granule_periphery,13431,pla,median,2282.0
976f4afe,vasa,CHX,2,granule_periphery,13431,rna_type,sum,41145643.0
976f4afe,vasa,CHX,2,granule_periphery,13431,rna_type,mean,3063.4832104832103
976f4afe,vasa,CHX,2,granule_periphery,13431,rna_type,median,2644.0
976f4afe,vasa,CHX,2,pseudo_nucleus,32217,granule,sum,29640947.0
976f4afe,vasa,CHX,2,pseudo_nucleus,32217,granule,mean,920.0405686438837
976f4afe,vasa,CHX,2,pseudo_nucleus,32217,granule,median,702.0
976f4afe,vasa,CHX,2,pseudo_nucleus,32217,pla,sum,73587501.0
976f4afe,vasa,CHX,2,pseudo_nucleus,32217,pla,mean,2284.1202160350126
976f4afe,vasa,CHX,2,pseudo_nucleus,32217,pla,median,2146.0
976f4afe,vasa,CHX,2,pseudo_nucleus,32217,rna_type,sum,72346953.0
976f4afe,vasa,CHX,2,pseudo_nucleus,32217,rna_type,mean,2245.6142098891887
976f4afe,vasa,CHX,2,pseudo_nucleus,32217,rna_type,median,1916.0
976f4afe,vasa,CHX,2,cytoplasm,62131,granule,sum,35498723.0
976f4afe,vasa,CHX,2,cytoplasm,62131,granule,mean,571.3528351386586
976f4afe,vasa,CHX,2,cytoplasm,62131,granule,median,363.0
976f4afe,vasa,CHX,2,cytoplasm,62131,pla,sum,94888795.0
976f4afe,vasa,CHX,2,cytoplasm,62131,pla,mean,1527.2375303793597
976f4afe,vasa,CHX,2,cytoplasm,62131,pla,median,1356.0
976f4afe,vasa,CHX,2,cytoplasm,62131,rna_type,sum,124523607.0
976f4afe,vasa,CHX,2,cytoplasm,62131,rna_type,mean,2004.2105712124383
976f4afe,vasa,CHX,2,cytoplasm,62131,rna_type,median,1590.0
976f4afe,vasa,CHX,2,nucleo_cytoplasm,83799,granule,sum,52204182.0
976f4afe,vasa,CHX,2,nucleo_cytoplasm,83799,granule,mean,622.9690330433538
976f4afe,vasa,CHX,2,nucleo_cytoplasm,83799,granule,median,431.0
976f4afe,vasa,CHX,2,nucleo_cytoplasm,83799,pla,sum,142686635.0
976f4afe,vasa,CHX,2,nucleo_cytoplasm,83799,pla,mean,1702.7247938519554
976f4afe,vasa,CHX,2,nucleo_cytoplasm,83799,pla,median,1538.0
976f4afe,vasa,CHX,2,nucleo_cytoplasm,83799,rna_type,sum,166546706.0
976f4afe,vasa,CHX,2,nucleo_cytoplasm,83799,rna_type,mean,1987.4545758302604
976f4afe,vasa,CHX,2,nucleo_cytoplasm,83799,rna_type,median,1627.0
f929127f,vasa,PatA,24,granule,6673,granule,sum,155817238.0
f929127f,vasa,PatA,24,granule,6673,granule,mean,23350.402817323542
f929127f,vasa,PatA,24,granule,6673,granule,median,20682.0
f929127f,vasa,PatA,24,granule,6673,pla,sum,6571691.0
f929127f,vasa,PatA,24,granule,6673,pla,mean,984.8180728308107
f929127f,vasa,PatA,24,granule,6673,pla,median,867.0
f929127f,vasa,PatA,24,granule,6673,rna_type,sum,7557048.0
f929127f,vasa,PatA,24,granule,6673,rna_type,mean,1132.481342724412
f929127f,vasa,PatA,24,granule,6673,rna_type,median,941.0
f929127f,vasa,PatA,24,cell,121506,granule,sum,449075271.0
f929127f,vasa,PatA,24,cell,121506,granule,mean,3695.910251345613
f929127f,vasa,PatA,24,cell,121506,granule,median,1899.0
f929127f,vasa,PatA,24,cell,121506,pla,sum,101670251.0
f929127f,vasa,PatA,24,cell,121506,pla,mean,836.7508682698797
f929127f,vasa,PatA,24,cell,121506,pla,median,723.0
f929127f,vasa,PatA,24,cell,121506,rna_type,sum,86631677.0
f929127f,vasa,PatA,24,cell,121506,rna_type,mean,712.9827086728227
f929127f,vasa,PatA,24,cell,121506,rna_type,median,555.0
f929127f,vasa,PatA,24,granule_periphery,12676,granule,sum,85889486.0
f929127f,vasa,PatA,24,granule_periphery,12676,granule,mean,6775.756232249921
f929127f,vasa,PatA,24,granule_periphery,12676,granule,median,6226.0
f929127f,vasa,PatA,24,granule_periphery,12676,pla,sum,11372320.0
f929127f,vasa,PatA,24,granule_periphery,12676,pla,mean,897.153676238561
f929127f,vasa,PatA,24,granule_periphery,12676,pla,median,784.0
f929127f,vasa,PatA,24,granule_periphery,12676,rna_type,sum,11153880.0
f929127f,vasa,PatA,24,granule_periphery,12676,rna_type,mean,879.9211107604923
f929127f,vasa,PatA,24,granule_periphery,12676,rna_type,median,717.0
f929127f,vasa,PatA,24,pseudo_nucleus,27099,granule,sum,187569582.0
f929127f,vasa,PatA,24,pseudo_nucleus,27099,granule,mean,6921.6422008192185
f929127f,vasa,PatA,24,pseudo_nucleus,27099,granule,median,4497.0
f929127f,vasa,PatA,24,pseudo_nucleus,27099,pla,sum,22232996.0
f929127f,vasa,PatA,24,pseudo_nucleus,27099,pla,mean,820.4360308498468
f929127f,vasa,PatA,24,pseudo_nucleus,27099,pla,median,715.0
f929127f,vasa,PatA,24,pseudo_nucleus,27099,rna_type,sum,21874937.0
f929127f,vasa,PatA,24,pseudo_nucleus,27099,rna_type,mean,807.2230340602974
f929127f,vasa,PatA,24,pseudo_nucleus,27099,rna_type,median,666.0
f929127f,vasa,PatA,24,cytoplasm,84420,granule,sum,139074382.0
f929127f,vasa,PatA,24,cytoplasm,84420,granule,mean,1647.4103529969202
f929127f,vasa,PatA,24,cytoplasm,84420,granule,median,1316.0
f929127f,vasa,PatA,24,cytoplasm,84420,pla,sum,69575298.0
f929127f,vasa,PatA,24,cytoplasm,84420,pla,mean,824.1565742714996
f929127f,vasa,PatA,24,cytoplasm,84420,pla,median,710.0
f929127f,vasa,PatA,24,cytoplasm,84420,rna_type,sum,54071890.0
f929127f,vasa,PatA,24,cytoplasm,84420,rna_type,mean,640.5104240701255
f929127f,vasa,PatA,24,cytoplasm,84420,rna_type,median,494.0
f929127f,vasa,PatA,24,nucleo_cytoplasm,102157,granule,sum,207368547.0
f929127f,vasa,PatA,24,nucleo_cytoplasm,102157,granule,mean,2029.9005158726275
f929127f,vasa,PatA,24,nucleo_cytoplasm,102157,granule,median,1565.0
f929127f,vasa,PatA,24,nucleo_cytoplasm,102157,pla,sum,83726240.0
f929127f,vasa,PatA,24,nucleo_cytoplasm,102157,pla,mean,819.5839736875594
f929127f,vasa,PatA,24,nucleo_cytoplasm,102157,pla,median,707.0
f929127f,vasa,PatA,24,nucleo_cytoplasm,102157,rna_type,sum,67920749.0
f929127f,vasa,PatA,24,nucleo_cytoplasm,102157,rna_type,mean,664.866323404172
f929127f,vasa,PatA,24,nucleo_cytoplasm,102157,rna_type,median,518.0
00d60517,vasa,DMSO,13,granule,3576,granule,sum,50885276.0
00d60517,vasa,DMSO,13,granule,3576,granule,mean,14229.663310961969
00d60517,vasa,DMSO,13,granule,3576,granule,median,12330.5
00d60517,vasa,DMSO,13,granule,3576,pla,sum,6987338.0
00d60517,vasa,DMSO,13,granule,3576,pla,mean,1953.9535794183446
00d60517,vasa,DMSO,13,granule,3576,pla,median,1792.0
00d60517,vasa,DMSO,13,granule,3576,rna_type,sum,5098768.0
00d60517,vasa,DMSO,13,granule,3576,rna_type,mean,1425.8299776286353
00d60517,vasa,DMSO,13,granule,3576,rna_type,median,1212.5
00d60517,vasa,DMSO,13,cell,142987,granule,sum,330301824.0
00d60517,vasa,DMSO,13,cell,142987,granule,mean,2310.012966213712
00d60517,vasa,DMSO,13,cell,142987,granule,median,1489.0
00d60517,vasa,DMSO,13,cell,142987,pla,sum,228568599.0
00d60517,vasa,DMSO,13,cell,142987,pla,mean,1598.52713183716
00d60517,vasa,DMSO,13,cell,142987,pla,median,1467.0
00d60517,vasa,DMSO,13,cell,142987,rna_type,sum,170581890.0
00d60517,vasa,DMSO,13,cell,142987,rna_type,mean,1192.9888031779112
00d60517,vasa,DMSO,13,cell,142987,rna_type,median,994.0
00d60517,vasa,DMSO,13,granule_periphery,12000,granule,sum,60503917.0
00d60517,vasa,DMSO,13,granule_periphery,12000,granule,mean,5041.993083333334
00d60517,vasa,DMSO,13,granule_periphery,12000,granule,median,4707.5
00d60517,vasa,DMSO,13,granule_periphery,12000,pla,sum,20750903.0
00d60517,vasa,DMSO,13,granule_periphery,12000,pla,mean,1729.2419166666666
00d60517,vasa,DMSO,13,granule_periphery,12000,pla,median,1602.5
00d60517,vasa,DMSO,13,granule_periphery,12000,rna_type,sum,15182903.0
00d60517,vasa,DMSO,13,granule_periphery,12000,rna_type,mean,1265.2419166666666
00d60517,vasa,DMSO,13,granule_periphery,12000,rna_type,median,1057.0
00d60517,vasa,DMSO,13,pseudo_nucleus,25992,granule,sum,133878937.0
00d60517,vasa,DMSO,13,pseudo_nucleus,25992,granule,mean,5150.77473838104
00d60517,vasa,DMSO,13,pseudo_nucleus,25992,granule,median,4335.0
00d60517,vasa,DMSO,13,pseudo_nucleus,25992,pla,sum,42458832.0
00d60517,vasa,DMSO,13,pseudo_nucleus,25992,pla,mean,1633.5346260387812
00d60517,vasa,DMSO,13,pseudo_nucleus,25992,pla,median,1516.0
00d60517,vasa,DMSO,13,pseudo_nucleus,25992,rna_type,sum,30820740.0
00d60517,vasa,DMSO,13,pseudo_nucleus,25992,rna_type,mean,1185.7779316712836
00d60517,vasa,DMSO,13,pseudo_nucleus,25992,rna_type,median,1005.0
00d60517,vasa,DMSO,13,cytoplasm,112126,granule,sum,160059258.0
00d60517,vasa,DMSO,13,cytoplasm,112126,granule,mean,1427.4945864473896
00d60517,vasa,DMSO,13,cytoplasm,112126,granule,median,1130.0
00d60517,vasa,DMSO,13,cytoplasm,112126,pla,sum,176504154.0
00d60517,vasa,DMSO,13,cytoplasm,112126,pla,mean,1574.1590175338458
00d60517,vasa,DMSO,13,cytoplasm,112126,pla,median,1441.0
00d60517,vasa,DMSO,13,cytoplasm,112126,rna_type,sum,132250167.0
00d60517,vasa,DMSO,13,cytoplasm,112126,rna_type,mean,1179.4781495817206
00d60517,vasa,DMSO,13,cytoplasm,112126,rna_type,median,980.0
00d60517,vasa,DMSO,13,nucleo_cytoplasm,127411,granule,sum,218912631.0
00d60517,vasa,DMSO,13,nucleo_cytoplasm,127411,granule,mean,1718.1611556302046
00d60517,vasa,DMSO,13,nucleo_cytoplasm,127411,granule,median,1292.0
00d60517,vasa,DMSO,13,nucleo_cytoplasm,127411,pla,sum,200830358.0
00d60517,vasa,DMSO,13,nucleo_cytoplasm,127411,pla,mean,1576.2403403159853
00d60517,vasa,DMSO,13,nucleo_cytoplasm,127411,pla,median,1446.0
00d60517,vasa,DMSO,13,nucleo_cytoplasm,127411,rna_type,sum,150300219.0
00d60517,vasa,DMSO,13,nucleo_cytoplasm,127411,rna_type,mean,1179.648688103853
00d60517,vasa,DMSO,13,nucleo_cytoplasm,127411,rna_type,median,982.0
930fe999,actin,DMSO,22,granule,6742,granule,sum,47107108.0
930fe999,actin,DMSO,22,granule,6742,granule,mean,6987.111836250371
930fe999,actin,DMSO,22,granule,6742,granule,median,6095.0
930fe999,actin,DMSO,22,granule,6742,pla,sum,12019414.0
930fe999,actin,DMSO,22,granule,6742,pla,mean,1782.7668347671315
930fe999,actin,DMSO,22,granule,6742,pla,median,1632.5
930fe999,actin,DMSO,22,granule,6742,rna_type,sum,10578118.0
930fe999,actin,DMSO,22,granule,6742,rna_type,mean,1568.9881340848412
930fe999,actin,DMSO,22,granule,6742,rna_type,median,1363.0
930fe999,actin,DMSO,22,cell,105852,granule,sum,149932089.0
930fe999,actin,DMSO,22,cell,105852,granule,mean,1416.4313286475456
930fe999,actin,DMSO,22,cell,105852,granule,median,856.0
930fe999,actin,DMSO,22,cell,105852,pla,sum,152113457.0
930fe999,actin,DMSO,22,cell,105852,pla,mean,1437.0390450818124
930fe999,actin,DMSO,22,cell,105852,pla,median,1254.0
930fe999,actin,DMSO,22,cell,105852,rna_type,sum,138525426.0
930fe999,actin,DMSO,22,cell,105852,rna_type,mean,1308.6708423081284
930fe999,actin,DMSO,22,cell,105852,rna_type,median,1104.0
930fe999,actin,DMSO,22,granule_periphery,13688,granule,sum,27051028.0
930fe999,actin,DMSO,22,granule_periphery,13688,granule,mean,1976.2586206896551
930fe999,actin,DMSO,22,granule_periphery,13688,granule,median,1716.0
930fe999,actin,DMSO,22,granule_periphery,13688,pla,sum,22520316.0
930fe999,actin,DMSO,22,granule_periphery,13688,pla,mean,1645.2597895967272
930fe999,actin,DMSO,22,granule_periphery,13688,pla,median,1498.0
930fe999,actin,DMSO,22,granule_periphery,13688,rna_type,sum,18682881.0
930fe999,actin,DMSO,22,granule_periphery,13688,rna_type,mean,1364.9094827586207
930fe999,actin,DMSO,22,granule_periphery,13688,rna_type,median,1160.0
930fe999,actin,DMSO,22,pseudo_nucleus,29615,granule,sum,62018989.0
930fe999,actin,DMSO,22,pseudo_nucleus,29615,granule,mean,2094.174877595813
930fe999,actin,DMSO,22,pseudo_nucleus,29615,granule,median,1392.0
930fe999,actin,DMSO,22,pseudo_nucleus,29615,pla,sum,56965922.0
930fe999,actin,DMSO,22,pseudo_nucleus,29615,pla,mean,1923.5496201249366
930fe999,actin,DMSO,22,pseudo_nucleus,29615,pla,median,1773.0
930fe999,actin,DMSO,22,pseudo_nucleus,29615,rna_type,sum,38984478.0
930fe999,actin,DMSO,22,pseudo_nucleus,29615,rna_type,mean,1316.3760931960155
930fe999,actin,DMSO,22,pseudo_nucleus,29615,rna_type,median,1119.0
930fe999,actin,DMSO,22,cytoplasm,67044,granule,sum,53387593.0
930fe999,actin,DMSO,22,cytoplasm,67044,granule,mean,796.3067985203746
930fe999,actin,DMSO,22,cytoplasm,67044,granule,median,617.0
930fe999,actin,DMSO,22,cytoplasm,67044,pla,sum,81530995.0
930fe999,actin,DMSO,22,cytoplasm,67044,pla,mean,1216.0819014378617
930fe999,actin,DMSO,22,cytoplasm,67044,pla,median,1062.0
930fe999,actin,DMSO,22,cytoplasm,67044,rna_type,sum,85729968.0
930fe999,actin,DMSO,22,cytoplasm,67044,rna_type,mean,1278.7120100232682
930fe999,actin,DMSO,22,cytoplasm,67044,rna_type,median,1075.0
930fe999,actin,DMSO,22,nucleo_cytoplasm,85422,granule,sum,75773953.0
930fe999,actin,DMSO,22,nucleo_cytoplasm,85422,granule,mean,887.0543068530355
930fe999,actin,DMSO,22,nucleo_cytoplasm,85422,granule,median,696.0
930fe999,actin,DMSO,22,nucleo_cytoplasm,85422,pla,sum,117573727.0
930fe999,actin,DMSO,22,nucleo_cytoplasm,85422,pla,mean,1376.3869612043736
930fe999,actin,DMSO,22,nucleo_cytoplasm,85422,pla,median,1188.0
930fe999,actin,DMSO,22,nucleo_cytoplasm,85422,rna_type,sum,109264427.0
930fe999,actin,DMSO,22,nucleo_cytoplasm,85422,rna_type,mean,1279.1134251129686
930fe999,actin,DMSO,22,nucleo_cytoplasm,85422,rna_type,median,1077.0
a086477c,vasa,CHX,18,granule,4332,granule,sum,64562640.0
a086477c,vasa,CHX,18,granule,4332,granule,mean,14903.65650969529
a086477c,vasa,CHX,18,granule,4332,granule,median,13569.0
a086477c,vasa,CHX,18,granule,4332,pla,sum,7541964.0
a086477c,vasa,CHX,18,granule,4332,pla,mean,1740.98891966759
a086477c,vasa,CHX,18,granule,4332,pla,median,1597.0
a086477c,vasa,CHX,18,granule,4332,rna_type,sum,5250377.0
a086477c,vasa,CHX,18,granule,4332,rna_type,mean,1211.9983841181902
a086477c,vasa,CHX,18,granule,4332,rna_type,median,968.5
a086477c,vasa,CHX,18,cell,135331,granule,sum,370739306.0
a086477c,vasa,CHX,18,cell,135331,granule,mean,2739.500232762634
a086477c,vasa,CHX,18,cell,135331,granule,median,1867.0
a086477c,vasa,CHX,18,cell,135331,pla,sum,210941007.0
a086477c,vasa,CHX,18,cell,135331,pla,mean,1558.7042658370958
a086477c,vasa,CHX,18,cell,135331,pla,median,1427.0
a086477c,vasa,CHX,18,cell,135331,rna_type,sum,139292524.0
a086477c,vasa,CHX,18,cell,135331,rna_type,mean,1029.2728495318884
a086477c,vasa,CHX,18,cell,135331,rna_type,median,819.0
a086477c,vasa,CHX,18,granule_periphery,12591,granule,sum,75792325.0
a086477c,vasa,CHX,18,granule_periphery,12591,granule,mean,6019.563577158287
a086477c,vasa,CHX,18,granule_periphery,12591,granule,median,5650.0
a086477c,vasa,CHX,18,granule_periphery,12591,pla,sum,21078021.0
a086477c,vasa,CHX,18,granule_periphery,12591,pla,mean,1674.0545627829401
a086477c,vasa,CHX,18,granule_periphery,12591,pla,median,1544.0
a086477c,vasa,CHX,18,granule_periphery,12591,rna_type,sum,13263369.0
a086477c,vasa,CHX,18,granule_periphery,12591,rna_type,mean,1053.4007624493686
a086477c,vasa,CHX,18,granule_periphery,12591,rna_type,median,855.0
a086477c,vasa,CHX,18,pseudo_nucleus,26421,granule,sum,138645225.0
a086477c,vasa,CHX,18,pseudo_nucleus,26421,granule,mean,5247.5388895197
a086477c,vasa,CHX,18,pseudo_nucleus,26421,granule,median,3951.0
a086477c,vasa,CHX,18,pseudo_nucleus,26421,pla,sum,37432221.0
a086477c,vasa,CHX,18,pseudo_nucleus,26421,pla,mean,1416.7601907573521
a086477c,vasa,CHX,18,pseudo_nucleus,26421,pla,median,1298.0
a086477c,vasa,CHX,18,pseudo_nucleus,26421,rna_type,sum,20753781.0
a086477c,vasa,CHX,18,pseudo_nucleus,26421,rna_type,mean,785.5032360622232
a086477c,vasa,CHX,18,pseudo_nucleus,26421,rna_type,median,633.0
a086477c,vasa,CHX,18,cytoplasm,101286,granule,sum,173902184.0
a086477c,vasa,CHX,18,cytoplasm,101286,granule,mean,1716.941966313212
a086477c,vasa,CHX,18,cytoplasm,101286,granule,median,1497.0
a086477c,vasa,CHX,18,cytoplasm,101286,pla,sum,159652859.0
a086477c,vasa,CHX,18,cytoplasm,101286,pla,mean,1576.2579132357878
a086477c,vasa,CHX,18,cytoplasm,101286,pla,median,1445.0
a086477c,vasa,CHX,18,cytoplasm,101286,rna_type,sum,108595323.0
a086477c,vasa,CHX,18,cytoplasm,101286,rna_type,mean,1072.165185711747
a086477c,vasa,CHX,18,cytoplasm,101286,rna_type,median,859.0
a086477c,vasa,CHX,18,nucleo_cytoplasm,118408,granule,sum,230384341.0
a086477c,vasa,CHX,18,nucleo_cytoplasm,118408,granule,mean,1945.6822258631173
a086477c,vasa,CHX,18,nucleo_cytoplasm,118408,granule,median,1656.0
a086477c,vasa,CHX,18,nucleo_cytoplasm,118408,pla,sum,182321022.0
a086477c,vasa,CHX,18,nucleo_cytoplasm,118408,pla,mean,1539.76945814472
a086477c,vasa,CHX,18,nucleo_cytoplasm,118408,pla,median,1408.0
a086477c,vasa,CHX,18,nucleo_cytoplasm,118408,rna_type,sum,120778778.0
a086477c,vasa,CHX,18,nucleo_cytoplasm,118408,rna_type,mean,1020.0221099925681
a086477c,vasa,CHX,18,nucleo_cytoplasm,118408,rna_type,median,809.0
073deeb7,vasa,PatA,18,granule,8239,granule,sum,42306441.0
073deeb7,vasa,PatA,18,granule,8239,granule,mean,5134.899987862605
073deeb7,vasa,PatA,18,granule,8239,granule,median,4788.0
073deeb7,vasa,PatA,18,granule,8239,pla,sum,6102040.0
073deeb7,vasa,PatA,18,granule,8239,pla,mean,740.6287170773152
073deeb7,vasa,PatA,18,granule,8239,pla,median,620.0
073deeb7,vasa,PatA,18,granule,8239,rna_type,sum,7928103.0
073deeb7,vasa,PatA,18,granule,8239,rna_type,mean,962.265202087632
073deeb7,vasa,PatA,18,granule,8239,rna_type,median,786.0
073deeb7,vasa,PatA,18,cell,142590,granule,sum,225710742.0
073deeb7,vasa,PatA,18,cell,142590,granule,mean,1582.935282979171
073deeb7,vasa,PatA,18,cell,142590,granule,median,1105.0
073deeb7,vasa,PatA,18,cell,142590,pla,sum,93535644.0
073deeb7,vasa,PatA,18,cell,142590,pla,mean,655.9761834630759
073deeb7,vasa,PatA,18,cell,142590,pla,median,541.0
073deeb7,vasa,PatA,18,cell,142590,rna_type,sum,101502926.0
073deeb7,vasa,PatA,18,cell,142590,rna_type,mean,711.8516445753559
073deeb7,vasa,PatA,18,cell,142590,rna_type,median,545.0
073deeb7,vasa,PatA,18,granule_periphery,22922,granule,sum,59079167.0
073deeb7,vasa,PatA,18,granule_periphery,22922,granule,mean,2577.4001832300846
073deeb7,vasa,PatA,18,granule_periphery,22922,granule,median,2307.0
073deeb7,vasa,PatA,18,granule_periphery,22922,pla,sum,16338656.0
073deeb7,vasa,PatA,18,granule_periphery,22922,pla,mean,712.7936480237327
073deeb7,vasa,PatA,18,granule_periphery,22922,pla,median,598.0
073deeb7,vasa,PatA,18,granule_periphery,22922,rna_type,sum,20344099.0
073deeb7,vasa,PatA,18,granule_periphery,22922,rna_type,mean,887.535947997557
073deeb7,vasa,PatA,18,granule_periphery,22922,rna_type,median,686.0
073deeb7,vasa,PatA,18,pseudo_nucleus,53994,granule,sum,131162630.0
073deeb7,vasa,PatA,18,pseudo_nucleus,53994,granule,mean,2429.2075045375414
073deeb7,vasa,PatA,18,pseudo_nucleus,53994,granule,median,1955.0
073deeb7,vasa,PatA,18,pseudo_nucleus,53994,pla,sum,37736731.0
073deeb7,vasa,PatA,18,pseudo_nucleus,53994,pla,mean,698.9060080749713
073deeb7,vasa,PatA,18,pseudo_nucleus,53994,pla,median,584.0
073deeb7,vasa,PatA,18,pseudo_nucleus,53994,rna_type,sum,46233316.0
073deeb7,vasa,PatA,18,pseudo_nucleus,53994,rna_type,mean,856.2676593695596
073deeb7,vasa,PatA,18,pseudo_nucleus,53994,rna_type,median,661.0
073deeb7,vasa,PatA,18,cytoplasm,81515,granule,sum,74782787.0
073deeb7,vasa,PatA,18,cytoplasm,81515,granule,mean,917.4113598724161
073deeb7,vasa,PatA,18,cytoplasm,81515,granule,median,730.0
073deeb7,vasa,PatA,18,cytoplasm,81515,pla,sum,50792749.0
073deeb7,vasa,PatA,18,cytoplasm,81515,pla,mean,623.1092314297982
073deeb7,vasa,PatA,18,cytoplasm,81515,pla,median,510.0
073deeb7,vasa,PatA,18,cytoplasm,81515,rna_type,sum,50018074.0
073deeb7,vasa,PatA,18,cytoplasm,81515,rna_type,mean,613.6057658099736
073deeb7,vasa,PatA,18,cytoplasm,81515,rna_type,median,476.0
073deeb7,vasa,PatA,18,nucleo_cytoplasm,111429,granule,sum,124325134.0
073deeb7,vasa,PatA,18,nucleo_cytoplasm,111429,granule,mean,1115.7340907663176
073deeb7,vasa,PatA,18,nucleo_cytoplasm,111429,granule,median,868.0
073deeb7,vasa,PatA,18,nucleo_cytoplasm,111429,pla,sum,71094948.0
073deeb7,vasa,PatA,18,nucleo_cytoplasm,111429,pla,mean,638.0291306571897
073deeb7,vasa,PatA,18,nucleo_cytoplasm,111429,pla,median,525.0
073deeb7,vasa,PatA,18,nucleo_cytoplasm,111429,rna_type,sum,73230724.0
073deeb7,vasa,PatA,18,nucleo_cytoplasm,111429,rna_type,mean,657.1962774502149
073deeb7,vasa,PatA,18,nucleo_cytoplasm,111429,rna_type,median,504.0
55f237d2,vasa,CHX,16,granule,4771,granule,sum,134650125.0
55f237d2,vasa,CHX,16,granule,4771,granule,mean,28222.62104380633
55f237d2,vasa,CHX,16,granule,4771,granule,median,24235.0
55f237d2,vasa,CHX,16,granule,4771,pla,sum,7657727.0
55f237d2,vasa,CHX,16,granule,4771,pla,mean,1605.0570111087823
55f237d2,vasa,CHX,16,granule,4771,pla,median,1394.0
55f237d2,vasa,CHX,16,granule,4771,rna_type,sum,8884897.0
55f237d2,vasa,CHX,16,granule,4771,rna_type,mean,1862.2714315657095
55f237d2,vasa,CHX,16,granule,4771,rna_type,median,1470.0
55f237d2,vasa,CHX,16,cell,71632,granule,sum,342174915.0
55f237d2,vasa,CHX,16,cell,71632,granule,mean,4776.844357270494
55f237d2,vasa,CHX,16,cell,71632,granule,median,2546.0
55f237d2,vasa,CHX,16,cell,71632,pla,sum,90856024.0
55f237d2,vasa,CHX,16,cell,71632,pla,mean,1268.3720125083762
55f237d2,vasa,CHX,16,cell,71632,pla,median,1130.0
55f237d2,vasa,CHX,16,cell,71632,rna_type,sum,89777436.0
55f237d2,vasa,CHX,16,cell,71632,rna_type,mean,1253.3146638373912
55f237d2,vasa,CHX,16,cell,71632,rna_type,median,1011.0
55f237d2,vasa,CHX,16,granule_periphery,10012,granule,sum,69024082.0
55f237d2,vasa,CHX,16,granule_periphery,10012,granule,mean,6894.135237714742
55f237d2,vasa,CHX,16,granule_periphery,10012,granule,median,6170.5
55f237d2,vasa,CHX,16,granule_periphery,10012,pla,sum,14300530.0
55f237d2,vasa,CHX,16,granule_periphery,10012,pla,mean,1428.3389932081502
55f237d2,vasa,CHX,16,granule_periphery,10012,pla,median,1261.0
55f237d2,vasa,CHX,16,granule_periphery,10012,rna_type,sum,16084313.0
55f237d2,vasa,CHX,16,granule_periphery,10012,rna_type,mean,1606.503495805034
55f237d2,vasa,CHX,16,granule_periphery,10012,rna_type,median,1291.0
55f237d2,vasa,CHX,16,pseudo_nucleus,19518,granule,sum,162476673.0
55f237d2,vasa,CHX,16,pseudo_nucleus,19518,granule,mean,8324.452966492468
55f237d2,vasa,CHX,16,pseudo_nucleus,19518,granule,median,4830.0
55f237d2,vasa,CHX,16,pseudo_nucleus,19518,pla,sum,25030403.0
55f237d2,vasa,CHX,16,pseudo_nucleus,19518,pla,mean,1282.4266318270315
55f237d2,vasa,CHX,16,pseudo_nucleus,19518,pla,median,1139.5
55f237d2,vasa,CHX,16,pseudo_nucleus,19518,rna_type,sum,25062421.0
55f237d2,vasa,CHX,16,pseudo_nucleus,19518,rna_type,mean,1284.0670662977764
55f237d2,vasa,CHX,16,pseudo_nucleus,19518,rna_type,median,1027.0
55f237d2,vasa,CHX,16,cytoplasm,45519,granule,sum,95796118.0
55f237d2,vasa,CHX,16,cytoplasm,45519,granule,mean,2104.5303719326
55f237d2,vasa,CHX,16,cytoplasm,45519,granule,median,1851.0
55f237d2,vasa,CHX,16,cytoplasm,45519,pla,sum,55613826.0
55f237d2,vasa,CHX,16,cytoplasm,45519,pla,mean,1221.7716997297832
55f237d2,vasa,CHX,16,cytoplasm,45519,pla,median,1097.0
55f237d2,vasa,CHX,16,cytoplasm,45519,rna_type,sum,53353769.0
55f237d2,vasa,CHX,16,cytoplasm,45519,rna_type,mean,1172.1208506338012
55f237d2,vasa,CHX,16,cytoplasm,45519,rna_type,median,962.0
55f237d2,vasa,CHX,16,nucleo_cytoplasm,56849,granule,sum,138500708.0
55f237d2,vasa,CHX,16,nucleo_cytoplasm,56849,granule,mean,2436.291016552622
55f237d2,vasa,CHX,16,nucleo_cytoplasm,56849,granule,median,2094.0
55f237d2,vasa,CHX,16,nucleo_cytoplasm,56849,pla,sum,68897767.0
55f237d2,vasa,CHX,16,nucleo_cytoplasm,56849,pla,mean,1211.9433411317702
55f237d2,vasa,CHX,16,nucleo_cytoplasm,56849,pla,median,1089.0
55f237d2,vasa,CHX,16,nucleo_cytoplasm,56849,rna_type,sum,64808226.0
55f237d2,vasa,CHX,16,nucleo_cytoplasm,56849,rna_type,mean,1140.0064381079703
55f237d2,vasa,CHX,16,nucleo_cytoplasm,56849,rna_type,median,942.0
8d348388,actin,DMSO,4,granule,10013,granule,sum,196852459.0
8d348388,actin,DMSO,4,granule,10013,granule,mean,19659.688305203235
8d348388,actin,DMSO,4,granule,10013,granule,median,20577.0
8d348388,actin,DMSO,4,granule,10013,pla,sum,7351946.0
8d348388,actin,DMSO,4,granule,10013,pla,mean,734.2400878857485
8d348388,actin,DMSO,4,granule,10013,pla,median,609.0
8d348388,actin,DMSO,4,granule,10013,rna_type,sum,2852574.0
8d348388,actin,DMSO,4,granule,10013,rna_type,mean,284.88704683910913
8d348388,actin,DMSO,4,granule,10013,rna_type,median,253.0
8d348388,actin,DMSO,4,cell,126426,granule,sum,340916131.0
8d348388,actin,DMSO,4,cell,126426,granule,mean,2696.5666160441683
8d348388,actin,DMSO,4,cell,126426,granule,median,987.0
8d348388,actin,DMSO,4,cell,126426,pla,sum,73437672.0
8d348388,actin,DMSO,4,cell,126426,pla,mean,580.8747567747141
8d348388,actin,DMSO,4,cell,126426,pla,median,442.0
8d348388,actin,DMSO,4,cell,126426,rna_type,sum,27764377.0
8d348388,actin,DMSO,4,cell,126426,rna_type,mean,219.60970844604748
8d348388,actin,DMSO,4,cell,126426,rna_type,median,186.0
8d348388,actin,DMSO,4,granule_periphery,6356,granule,sum,27963221.0
8d348388,actin,DMSO,4,granule_periphery,6356,granule,mean,4399.499842668345
8d348388,actin,DMSO,4,granule_periphery,6356,granule,median,3823.0
8d348388,actin,DMSO,4,granule_periphery,6356,pla,sum,4260747.0
8d348388,actin,DMSO,4,granule_periphery,6356,pla,mean,670.3503775959723
8d348388,actin,DMSO,4,granule_periphery,6356,pla,median,533.0
8d348388,actin,DMSO,4,granule_periphery,6356,rna_type,sum,1523729.0
8d348388,actin,DMSO,4,granule_periphery,6356,rna_type,mean,239.73080553807426
8d348388,actin,DMSO,4,granule_periphery,6356,rna_type,median,209.0
8d348388,actin,DMSO,4,pseudo_nucleus,33257,granule,sum,96502349.0
8d348388,actin,DMSO,4,pseudo_nucleus,33257,granule,mean,2901.7153982620202
8d348388,actin,DMSO,4,pseudo_nucleus,33257,granule,median,1055.0
8d348388,actin,DMSO,4,pseudo_nucleus,33257,pla,sum,19480782.0
8d348388,actin,DMSO,4,pseudo_nucleus,33257,pla,mean,585.7648615329103
8d348388,actin,DMSO,4,pseudo_nucleus,33257,pla,median,443.0
8d348388,actin,DMSO,4,pseudo_nucleus,33257,rna_type,sum,7550318.0
8d348388,actin,DMSO,4,pseudo_nucleus,33257,rna_type,mean,227.02943741167272
8d348388,actin,DMSO,4,pseudo_nucleus,33257,rna_type,median,194.0
8d348388,actin,DMSO,4,cytoplasm,82111,granule,sum,86103448.0
8d348388,actin,DMSO,4,cytoplasm,82111,granule,mean,1048.6225718844005
8d348388,actin,DMSO,4,cytoplasm,82111,granule,median,847.0
8d348388,actin,DMSO,4,cytoplasm,82111,pla,sum,46047510.0
8d348388,actin,DMSO,4,cytoplasm,82111,pla,mean,560.7958738780432
8d348388,actin,DMSO,4,cytoplasm,82111,pla,median,424.0
8d348388,actin,DMSO,4,cytoplasm,82111,rna_type,sum,17261235.0
8d348388,actin,DMSO,4,cytoplasm,82111,rna_type,mean,210.21830205453594
8d348388,actin,DMSO,4,cytoplasm,82111,rna_type,median,177.0
8d348388,actin,DMSO,4,nucleo_cytoplasm,110281,granule,sum,116400297.0
8d348388,actin,DMSO,4,nucleo_cytoplasm,110281,granule,mean,1055.4882255329567
8d348388,actin,DMSO,4,nucleo_cytoplasm,110281,granule,median,858.0
8d348388,actin,DMSO,4,nucleo_cytoplasm,110281,pla,sum,61938571.0
8d348388,actin,DMSO,4,nucleo_cytoplasm,110281,pla,mean,561.6431751616326
8d348388,actin,DMSO,4,nucleo_cytoplasm,110281,pla,median,424.0
8d348388,actin,DMSO,4,nucleo_cytoplasm,110281,rna_type,sum,23438067.0
8d348388,actin,DMSO,4,nucleo_cytoplasm,110281,rna_type,mean,212.53041775101786
8d348388,actin,DMSO,4,nucleo_cytoplasm,110281,rna_type,median,179.0
6dd8d82c,vasa,DMSO,15,granule,5667,granule,sum,142859564.0
6dd8d82c,vasa,DMSO,15,granule,5667,granule,mean,25209.028410093524
6dd8d82c,vasa,DMSO,15,granule,5667,granule,median,23649.0
6dd8d82c,vasa,DMSO,15,granule,5667,pla,sum,9723830.0
6dd8d82c,vasa,DMSO,15,granule,5667,pla,mean,1715.8690665254985
6dd8d82c,vasa,DMSO,15,granule,5667,pla,median,1482.0
6dd8d82c,vasa,DMSO,15,granule,5667,rna_type,sum,18187463.0
6dd8d82c,vasa,DMSO,15,granule,5667,rna_type,mean,3209.3635080289396
6dd8d82c,vasa,DMSO,15,granule,5667,rna_type,median,2739.0
6dd8d82c,vasa,DMSO,15,cell,108213,granule,sum,454285020.0
6dd8d82c,vasa,DMSO,15,cell,108213,granule,mean,4198.063264117989
6dd8d82c,vasa,DMSO,15,cell,108213,granule,median,2319.0
6dd8d82c,vasa,DMSO,15,cell,108213,pla,sum,137012216.0
6dd8d82c,vasa,DMSO,15,cell,108213,pla,mean,1266.1345309713251
6dd8d82c,vasa,DMSO,15,cell,108213,pla,median,1098.0
6dd8d82c,vasa,DMSO,15,cell,108213,rna_type,sum,219039415.0
6dd8d82c,vasa,DMSO,15,cell,108213,rna_type,mean,2024.1506565754576
6dd8d82c,vasa,DMSO,15,cell,108213,rna_type,median,1678.0
6dd8d82c,vasa,DMSO,15,granule_periphery,13497,granule,sum,101512558.0
6dd8d82c,vasa,DMSO,15,granule_periphery,13497,granule,mean,7521.1201007631325
6dd8d82c,vasa,DMSO,15,granule_periphery,13497,granule,median,6773.0
6dd8d82c,vasa,DMSO,15,granule_periphery,13497,pla,sum,19540847.0
6dd8d82c,vasa,DMSO,15,granule_periphery,13497,pla,mean,1447.7918796769652
6dd8d82c,vasa,DMSO,15,granule_periphery,13497,pla,median,1285.0
6dd8d82c,vasa,DMSO,15,granule_periphery,13497,rna_type,sum,32753850.0
6dd8d82c,vasa,DMSO,15,granule_periphery,13497,rna_type,mean,2426.750388975328
6dd8d82c,vasa,DMSO,15,granule_periphery,13497,rna_type,median,2119.0
6dd8d82c,vasa,DMSO,15,pseudo_nucleus,36877,granule,sum,246265456.0
6dd8d82c,vasa,DMSO,15,pseudo_nucleus,36877,granule,mean,6678.02304959731
6dd8d82c,vasa,DMSO,15,pseudo_nucleus,36877,granule,median,4215.0
6dd8d82c,vasa,DMSO,15,pseudo_nucleus,36877,pla,sum,46162012.0
6dd8d82c,vasa,DMSO,15,pseudo_nucleus,36877,pla,mean,1251.7832795509396
6dd8d82c,vasa,DMSO,15,pseudo_nucleus,36877,pla,median,1102.0
6dd8d82c,vasa,DMSO,15,pseudo_nucleus,36877,rna_type,sum,71053009.0
6dd8d82c,vasa,DMSO,15,pseudo_nucleus,36877,rna_type,mean,1926.7567589554465
6dd8d82c,vasa,DMSO,15,pseudo_nucleus,36877,rna_type,median,1667.0
6dd8d82c,vasa,DMSO,15,cytoplasm,64104,granule,sum,122490422.0
6dd8d82c,vasa,DMSO,15,cytoplasm,64104,granule,mean,1910.8077811057033
6dd8d82c,vasa,DMSO,15,cytoplasm,64104,granule,median,1643.0
6dd8d82c,vasa,DMSO,15,cytoplasm,64104,pla,sum,78944668.0
6dd8d82c,vasa,DMSO,15,cytoplasm,64104,pla,mean,1231.5092349931363
6dd8d82c,vasa,DMSO,15,cytoplasm,64104,pla,median,1067.0
6dd8d82c,vasa,DMSO,15,cytoplasm,64104,rna_type,sum,126316090.0
6dd8d82c,vasa,DMSO,15,cytoplasm,64104,rna_type,mean,1970.486865094222
6dd8d82c,vasa,DMSO,15,cytoplasm,64104,rna_type,median,1621.0
6dd8d82c,vasa,DMSO,15,nucleo_cytoplasm,89085,granule,sum,209969594.0
6dd8d82c,vasa,DMSO,15,nucleo_cytoplasm,89085,granule,mean,2356.9578941460404
6dd8d82c,vasa,DMSO,15,nucleo_cytoplasm,89085,granule,median,1935.0
6dd8d82c,vasa,DMSO,15,nucleo_cytoplasm,89085,pla,sum,107818578.0
6dd8d82c,vasa,DMSO,15,nucleo_cytoplasm,89085,pla,mean,1210.2888028287591
6dd8d82c,vasa,DMSO,15,nucleo_cytoplasm,89085,pla,median,1053.0
6dd8d82c,vasa,DMSO,15,nucleo_cytoplasm,89085,rna_type,sum,168147009.0
6dd8d82c,vasa,DMSO,15,nucleo_cytoplasm,89085,rna_type,mean,1887.4895773699277
6dd8d82c,vasa,DMSO,15,nucleo_cytoplasm,89085,rna_type,median,1570.0
ba164333,vasa,PatA,30,granule,4413,granule,sum,64271141.0
ba164333,vasa,PatA,30,granule,4413,granule,mean,14564.047360072513
ba164333,vasa,PatA,30,granule,4413,granule,median,13420.0
ba164333,vasa,PatA,30,granule,4413,pla,sum,4332814.0
ba164333,vasa,PatA,30,granule,4413,pla,mean,981.8295943802402
ba164333,vasa,PatA,30,granule,4413,pla,median,838.0
ba164333,vasa,PatA,30,granule,4413,rna_type,sum,5104126.0
ba164333,vasa,PatA,30,granule,4413,rna_type,mean,1156.611375481532
ba164333,vasa,PatA,30,granule,4413,rna_type,median,961.0
ba164333,vasa,PatA,30,cell,86319,granule,sum,246935108.0
ba164333,vasa,PatA,30,cell,86319,granule,mean,2860.727163196979
ba164333,vasa,PatA,30,cell,86319,granule,median,1667.0
ba164333,vasa,PatA,30,cell,86319,pla,sum,70277706.0
ba164333,vasa,PatA,30,cell,86319,pla,mean,814.1626524867063
ba164333,vasa,PatA,30,cell,86319,pla,median,698.0
ba164333,vasa,PatA,30,cell,86319,rna_type,sum,58035648.0
ba164333,vasa,PatA,30,cell,86319,rna_type,mean,672.3392068953533
ba164333,vasa,PatA,30,cell,86319,rna_type,median,484.0
ba164333,vasa,PatA,30,granule_periphery,10963,granule,sum,59064921.0
ba164333,vasa,PatA,30,granule_periphery,10963,granule,mean,5387.660403174314
ba164333,vasa,PatA,30,granule_periphery,10963,granule,median,5044.0
ba164333,vasa,PatA,30,granule_periphery,10963,pla,sum,10164870.0
ba164333,vasa,PatA,30,granule_periphery,10963,pla,mean,927.1978473045699
ba164333,vasa,PatA,30,granule_periphery,10963,pla,median,805.0
ba164333,vasa,PatA,30,granule_periphery,10963,rna_type,sum,10911360.0
ba164333,vasa,PatA,30,granule_periphery,10963,rna_type,mean,995.2896105080727
ba164333,vasa,PatA,30,granule_periphery,10963,rna_type,median,743.0
ba164333,vasa,PatA,30,pseudo_nucleus,16222,granule,sum,96029744.0
ba164333,vasa,PatA,30,pseudo_nucleus,16222,granule,mean,5919.722845518431
ba164333,vasa,PatA,30,pseudo_nucleus,16222,granule,median,4658.0
ba164333,vasa,PatA,30,pseudo_nucleus,16222,pla,sum,14305995.0
ba164333,vasa,PatA,30,pseudo_nucleus,16222,pla,mean,881.888484773764
ba164333,vasa,PatA,30,pseudo_nucleus,16222,pla,median,768.0
ba164333,vasa,PatA,30,pseudo_nucleus,16222,rna_type,sum,12712627.0
ba164333,vasa,PatA,30,pseudo_nucleus,16222,rna_type,mean,783.6658241893724
ba164333,vasa,PatA,30,pseudo_nucleus,16222,rna_type,median,625.0
ba164333,vasa,PatA,30,cytoplasm,61869,granule,sum,88707818.0
ba164333,vasa,PatA,30,cytoplasm,61869,granule,mean,1433.8007402738044
ba164333,vasa,PatA,30,cytoplasm,61869,granule,median,1205.0
ba164333,vasa,PatA,30,cytoplasm,61869,pla,sum,47956607.0
ba164333,vasa,PatA,30,cytoplasm,61869,pla,mean,775.1314390082271
ba164333,vasa,PatA,30,cytoplasm,61869,pla,median,663.0
ba164333,vasa,PatA,30,cytoplasm,61869,rna_type,sum,35570432.0
ba164333,vasa,PatA,30,cytoplasm,61869,rna_type,mean,574.9314196124069
ba164333,vasa,PatA,30,cytoplasm,61869,rna_type,median,416.0
ba164333,vasa,PatA,30,nucleo_cytoplasm,70943,granule,sum,123599046.0
ba164333,vasa,PatA,30,nucleo_cytoplasm,70943,granule,mean,1742.230325754479
ba164333,vasa,PatA,30,nucleo_cytoplasm,70943,granule,median,1359.0
ba164333,vasa,PatA,30,nucleo_cytoplasm,70943,pla,sum,55780022.0
ba164333,vasa,PatA,30,nucleo_cytoplasm,70943,pla,mean,786.2653397798232
ba164333,vasa,PatA,30,nucleo_cytoplasm,70943,pla,median,675.0
ba164333,vasa,PatA,30,nucleo_cytoplasm,70943,rna_type,sum,42020162.0
ba164333,vasa,PatA,30,nucleo_cytoplasm,70943,rna_type,mean,592.3087831075652
ba164333,vasa,PatA,30,nucleo_cytoplasm,70943,rna_type,median,435.0
b8a3ad3c,actin,CHX,2,granule,8670,granule,sum,121417955.0
b8a3ad3c,actin,CHX,2,granule,8670,granule,mean,14004.377739331027
b8a3ad3c,actin,CHX,2,granule,8670,granule,median,12763.0
b8a3ad3c,actin,CHX,2,granule,8670,pla,sum,10726554.0
b8a3ad3c,actin,CHX,2,granule,8670,pla,mean,1237.2034602076124
b8a3ad3c,actin,CHX,2,granule,8670,pla,median,1082.5
b8a3ad3c,actin,CHX,2,granule,8670,rna_type,sum,15000830.0
b8a3ad3c,actin,CHX,2,granule,8670,rna_type,mean,1730.199538638985
b8a3ad3c,actin,CHX,2,granule,8670,rna_type,median,1512.5
b8a3ad3c,actin,CHX,2,cell,119508,granule,sum,329937516.0
b8a3ad3c,actin,CHX,2,cell,119508,granule,mean,2760.7985741540315
b8a3ad3c,actin,CHX,2,cell,119508,granule,median,1663.0
b8a3ad3c,actin,CHX,2,cell,119508,pla,sum,130182923.0
b8a3ad3c,actin,CHX,2,cell,119508,pla,mean,1089.3239197375908
b8a3ad3c,actin,CHX,2,cell,119508,pla,median,935.0
b8a3ad3c,actin,CHX,2,cell,119508,rna_type,sum,158472369.0
b8a3ad3c,actin,CHX,2,cell,119508,rna_type,mean,1326.0398383371823
b8a3ad3c,actin,CHX,2,cell,119508,rna_type,median,1135.0
b8a3ad3c,actin,CHX,2,granule_periphery,11984,granule,sum,46064833.0
b8a3ad3c,actin,CHX,2,granule_periphery,11984,granule,mean,3843.8612316421895
b8a3ad3c,actin,CHX,2,granule_periphery,11984,granule,median,3385.0
b8a3ad3c,actin,CHX,2,granule_periphery,11984,pla,sum,13326345.0
b8a3ad3c,actin,CHX,2,granule_periphery,11984,pla,mean,1112.0114319092122
b8a3ad3c,actin,CHX,2,granule_periphery,11984,pla,median,961.0
b8a3ad3c,actin,CHX,2,granule_periphery,11984,rna_type,sum,17104872.0
b8a3ad3c,actin,CHX,2,granule_periphery,11984,rna_type,mean,1427.3090787716956
b8a3ad3c,actin,CHX,2,granule_periphery,11984,rna_type,median,1226.0
b8a3ad3c,actin,CHX,2,pseudo_nucleus,20921,granule,sum,86148761.0
b8a3ad3c,actin,CHX,2,pseudo_nucleus,20921,granule,mean,4117.81277185603
b8a3ad3c,actin,CHX,2,pseudo_nucleus,20921,granule,median,2969.0
b8a3ad3c,actin,CHX,2,pseudo_nucleus,20921,pla,sum,22953512.0
b8a3ad3c,actin,CHX,2,pseudo_nucleus,20921,pla,mean,1097.151761388079
b8a3ad3c,actin,CHX,2,pseudo_nucleus,20921,pla,median,948.0
b8a3ad3c,actin,CHX,2,pseudo_nucleus,20921,rna_type,sum,29300100.0
b8a3ad3c,actin,CHX,2,pseudo_nucleus,20921,rna_type,mean,1400.5114478275418
b8a3ad3c,actin,CHX,2,pseudo_nucleus,20921,rna_type,median,1208.0
b8a3ad3c,actin,CHX,2,cytoplasm,88760,granule,sum,137449801.0
b8a3ad3c,actin,CHX,2,cytoplasm,88760,granule,mean,1548.5556669671023
b8a3ad3c,actin,CHX,2,cytoplasm,88760,granule,median,1329.0
b8a3ad3c,actin,CHX,2,cytoplasm,88760,pla,sum,95449410.0
b8a3ad3c,actin,CHX,2,cytoplasm,88760,pla,mean,1075.365141955836
b8a3ad3c,actin,CHX,2,cytoplasm,88760,pla,median,923.0
b8a3ad3c,actin,CHX,2,cytoplasm,88760,rna_type,sum,112762658.0
b8a3ad3c,actin,CHX,2,cytoplasm,88760,rna_type,mean,1270.4220144209103
b8a3ad3c,actin,CHX,2,cytoplasm,88760,rna_type,median,1083.0
b8a3ad3c,actin,CHX,2,nucleo_cytoplasm,98854,granule,sum,162454728.0
b8a3ad3c,actin,CHX,2,nucleo_cytoplasm,98854,granule,mean,1643.3804196087158
b8a3ad3c,actin,CHX,2,nucleo_cytoplasm,98854,granule,median,1412.0
b8a3ad3c,actin,CHX,2,nucleo_cytoplasm,98854,pla,sum,106130024.0
b8a3ad3c,actin,CHX,2,nucleo_cytoplasm,98854,pla,mean,1073.6037388471889
b8a3ad3c,actin,CHX,2,nucleo_cytoplasm,98854,pla,median,921.0
b8a3ad3c,actin,CHX,2,nucleo_cytoplasm,98854,rna_type,sum,126366667.0
b8a3ad3c,actin,CHX,2,nucleo_cytoplasm,98854,rna_type,mean,1278.3161733465515
b8a3ad3c,actin,CHX,2,nucleo_cytoplasm,98854,rna_type,median,1093.0
8f445992,vasa,DMSO,29,granule,9289,granule,sum,47913842.0
8f445992,vasa,DMSO,29,granule,9289,granule,mean,5158.127031973302
8f445992,vasa,DMSO,29,granule,9289,granule,median,4958.0
8f445992,vasa,DMSO,29,granule,9289,pla,sum,27112210.0
8f445992,vasa,DMSO,29,granule,9289,pla,mean,2918.7436753148886
8f445992,vasa,DMSO,29,granule,9289,pla,median,2745.0
8f445992,vasa,DMSO,29,granule,9289,rna_type,sum,41293406.0
8f445992,vasa,DMSO,29,granule,9289,rna_type,mean,4445.409193669932
8f445992,vasa,DMSO,29,granule,9289,rna_type,median,3984.0
8f445992,vasa,DMSO,29,cell,85723,granule,sum,112704118.0
8f445992,vasa,DMSO,29,cell,85723,granule,mean,1314.7477106494173
8f445992,vasa,DMSO,29,cell,85723,granule,median,735.0
8f445992,vasa,DMSO,29,cell,85723,pla,sum,181443261.0
8f445992,vasa,DMSO,29,cell,85723,pla,mean,2116.6228550097408
8f445992,vasa,DMSO,29,cell,85723,pla,median,1929.0
8f445992,vasa,DMSO,29,cell,85723,rna_type,sum,226886820.0
8f445992,vasa,DMSO,29,cell,85723,rna_type,mean,2646.7438143788713
8f445992,vasa,DMSO,29,cell,85723,rna_type,median,2131.0
8f445992,vasa,DMSO,29,granule_periphery,10759,granule,sum,17148790.0
8f445992,vasa,DMSO,29,granule_periphery,10759,granule,mean,1593.9018496142764
8f445992,vasa,DMSO,29,granule_periphery,10759,granule,median,1367.0
8f445992,vasa,DMSO,29,granule_periphery,10759,pla,sum,28473700.0
8f445992,vasa,DMSO,29,granule_periphery,10759,pla,mean,2646.5006041453667
8f445992,vasa,DMSO,29,granule_periphery,10759,pla,median,2441.0
8f445992,vasa,DMSO,29,granule_periphery,10759,rna_type,sum,37669778.0
8f445992,vasa,DMSO,29,granule_periphery,10759,rna_type,mean,3501.234129565945
8f445992,vasa,DMSO,29,granule_periphery,10759,rna_type,median,2793.0
8f445992,vasa,DMSO,29,pseudo_nucleus,21467,granule,sum,36707685.0
8f445992,vasa,DMSO,29,pseudo_nucleus,21467,granule,mean,1709.9587739320818
8f445992,vasa,DMSO,29,pseudo_nucleus,21467,granule,median,1095.0
8f445992,vasa,DMSO,29,pseudo_nucleus,21467,pla,sum,52111260.0
8f445992,vasa,DMSO,29,pseudo_nucleus,21467,pla,mean,2427.505473517492
8f445992,vasa,DMSO,29,pseudo_nucleus,21467,pla,median,2285.0
8f445992,vasa,DMSO,29,pseudo_nucleus,21467,rna_type,sum,43128279.0
8f445992,vasa,DMSO,29,pseudo_nucleus,21467,rna_type,mean,2009.0501234452881
8f445992,vasa,DMSO,29,pseudo_nucleus,21467,rna_type,median,1680.0
8f445992,vasa,DMSO,29,cytoplasm,51938,granule,sum,34273114.0
8f445992,vasa,DMSO,29,cytoplasm,51938,granule,mean,659.8851322730949
8f445992,vasa,DMSO,29,cytoplasm,51938,granule,median,473.0
8f445992,vasa,DMSO,29,cytoplasm,51938,pla,sum,93765137.0
8f445992,vasa,DMSO,29,cytoplasm,51938,pla,mean,1805.3282182602334
8f445992,vasa,DMSO,29,cytoplasm,51938,pla,median,1626.0
8f445992,vasa,DMSO,29,cytoplasm,51938,rna_type,sum,126477757.0
8f445992,vasa,DMSO,29,cytoplasm,51938,rna_type,mean,2435.1680272632752
8f445992,vasa,DMSO,29,cytoplasm,51938,rna_type,median,2030.5
8f445992,vasa,DMSO,29,nucleo_cytoplasm,65675,granule,sum,47641486.0
8f445992,vasa,DMSO,29,nucleo_cytoplasm,65675,granule,mean,725.4128054815379
8f445992,vasa,DMSO,29,nucleo_cytoplasm,65675,granule,median,540.0
8f445992,vasa,DMSO,29,nucleo_cytoplasm,65675,pla,sum,125857351.0
8f445992,vasa,DMSO,29,nucleo_cytoplasm,65675,pla,mean,1916.3662124095927
8f445992,vasa,DMSO,29,nucleo_cytoplasm,65675,pla,median,1752.0
8f445992,vasa,DMSO,29,nucleo_cytoplasm,65675,rna_type,sum,147923636.0
8f445992,vasa,DMSO,29,nucleo_cytoplasm,65675,rna_type,mean,2252.3583707651314
8f445992,vasa,DMSO,29,nucleo_cytoplasm,65675,rna_type,median,1852.0
b7810f06,actin,DMSO,2,granule,4567,granule,sum,69390257.0
b7810f06,actin,DMSO,2,granule,4567,granule,mean,15193.837749069411
b7810f06,actin,DMSO,2,granule,4567,granule,median,14395.0
b7810f06,actin,DMSO,2,granule,4567,pla,sum,5718784.0
b7810f06,actin,DMSO,2,granule,4567,pla,mean,1252.197065907598
b7810f06,actin,DMSO,2,granule,4567,pla,median,1126.0
b7810f06,actin,DMSO,2,granule,4567,rna_type,sum,4588649.0
b7810f06,actin,DMSO,2,granule,4567,rna_type,mean,1004.7403109262098
b7810f06,actin,DMSO,2,granule,4567,rna_type,median,795.0
b7810f06,actin,DMSO,2,cell,116243,granule,sum,225999555.0
b7810f06,actin,DMSO,2,cell,116243,granule,mean,1944.1992636115724
b7810f06,actin,DMSO,2,cell,116243,granule,median,1067.0
b7810f06,actin,DMSO,2,cell,116243,pla,sum,120356979.0
b7810f06,actin,DMSO,2,cell,116243,pla,mean,1035.391197749542
b7810f06,actin,DMSO,2,cell,116243,pla,median,907.0
b7810f06,actin,DMSO,2,cell,116243,rna_type,sum,91793880.0
b7810f06,actin,DMSO,2,cell,116243,rna_type,mean,789.6723243550149
b7810f06,actin,DMSO,2,cell,116243,rna_type,median,568.0
b7810f06,actin,DMSO,2,granule_periphery,9410,granule,sum,36149660.0
b7810f06,actin,DMSO,2,granule_periphery,9410,granule,mean,3841.6216790648245
b7810f06,actin,DMSO,2,granule_periphery,9410,granule,median,3328.0
b7810f06,actin,DMSO,2,granule_periphery,9410,pla,sum,11108323.0
b7810f06,actin,DMSO,2,granule_periphery,9410,pla,mean,1180.4806588735387
b7810f06,actin,DMSO,2,granule_periphery,9410,pla,median,1051.5
b7810f06,actin,DMSO,2,granule_periphery,9410,rna_type,sum,8415804.0
b7810f06,actin,DMSO,2,granule_periphery,9410,rna_type,mean,894.3468650371944
b7810f06,actin,DMSO,2,granule_periphery,9410,rna_type,median,678.0
b7810f06,actin,DMSO,2,pseudo_nucleus,18911,granule,sum,67183320.0
b7810f06,actin,DMSO,2,pseudo_nucleus,18911,granule,mean,3552.6053619586482
b7810f06,actin,DMSO,2,pseudo_nucleus,18911,granule,median,2261.0
b7810f06,actin,DMSO,2,pseudo_nucleus,18911,pla,sum,23496509.0
b7810f06,actin,DMSO,2,pseudo_nucleus,18911,pla,mean,1242.4783988155043
b7810f06,actin,DMSO,2,pseudo_nucleus,18911,pla,median,1119.0
b7810f06,actin,DMSO,2,pseudo_nucleus,18911,rna_type,sum,16719376.0
b7810f06,actin,DMSO,2,pseudo_nucleus,18911,rna_type,mean,884.1085082756068
b7810f06,actin,DMSO,2,pseudo_nucleus,18911,rna_type,median,673.0
b7810f06,actin,DMSO,2,cytoplasm,88343,granule,sum,90702253.0
b7810f06,actin,DMSO,2,cytoplasm,88343,granule,mean,1026.7056020284572
b7810f06,actin,DMSO,2,cytoplasm,88343,granule,median,815.0
b7810f06,actin,DMSO,2,cytoplasm,88343,pla,sum,86281004.0
b7810f06,actin,DMSO,2,cytoplasm,88343,pla,mean,976.6592033324655
b7810f06,actin,DMSO,2,cytoplasm,88343,pla,median,850.0
b7810f06,actin,DMSO,2,cytoplasm,88343,rna_type,sum,66957623.0
b7810f06,actin,DMSO,2,cytoplasm,88343,rna_type,mean,757.9278833637073
b7810f06,actin,DMSO,2,cytoplasm,88343,rna_type,median,537.0
b7810f06,actin,DMSO,2,nucleo_cytoplasm,102266,granule,sum,120459638.0
b7810f06,actin,DMSO,2,nucleo_cytoplasm,102266,granule,mean,1177.9050515322785
b7810f06,actin,DMSO,2,nucleo_cytoplasm,102266,granule,median,922.5
b7810f06,actin,DMSO,2,nucleo_cytoplasm,102266,pla,sum,103529872.0
b7810f06,actin,DMSO,2,nucleo_cytoplasm,102266,pla,mean,1012.3586724815676
b7810f06,actin,DMSO,2,nucleo_cytoplasm,102266,pla,median,885.0
b7810f06,actin,DMSO,2,nucleo_cytoplasm,102266,rna_type,sum,78789427.0
b7810f06,actin,DMSO,2,nucleo_cytoplasm,102266,rna_type,mean,770.4361860246808
b7810f06,actin,DMSO,2,nucleo_cytoplasm,102266,rna_type,median,551.0
29bef7ce,vasa,CHX,9,granule,7323,granule,sum,52218373.0
29bef7ce,vasa,CHX,9,granule,7323,granule,mean,7130.735081250854
29bef7ce,vasa,CHX,9,granule,7323,granule,median,6857.0
29bef7ce,vasa,CHX,9,granule,7323,pla,sum,9309365.0
29bef7ce,vasa,CHX,9,granule,7323,pla,mean,1271.2501706950704
29bef7ce,vasa,CHX,9,granule,7323,pla,median,1143.0
29bef7ce,vasa,CHX,9,granule,7323,rna_type,sum,8114416.0
29bef7ce,vasa,CHX,9,granule,7323,rna_type,mean,1108.072647821931
29bef7ce,vasa,CHX,9,granule,7323,rna_type,median,921.0
29bef7ce,vasa,CHX,9,cell,168899,granule,sum,197614059.0
29bef7ce,vasa,CHX,9,cell,168899,granule,mean,1170.013197236218
29bef7ce,vasa,CHX,9,cell,168899,granule,median,720.0
29bef7ce,vasa,CHX,9,cell,168899,pla,sum,193834653.0
29bef7ce,vasa,CHX,9,cell,168899,pla,mean,1147.6364750531382
29bef7ce,vasa,CHX,9,cell,168899,pla,median,1007.0
29bef7ce,vasa,CHX,9,cell,168899,rna_type,sum,188330511.0
29bef7ce,vasa,CHX,9,cell,168899,rna_type,mean,1115.0481115933192
29bef7ce,vasa,CHX,9,cell,168899,rna_type,median,891.0
29bef7ce,vasa,CHX,9,granule_periphery,10819,granule,sum,22535680.0
29bef7ce,vasa,CHX,9,granule_periphery,10819,granule,mean,2082.972548294667
29bef7ce,vasa,CHX,9,granule_periphery,10819,granule,median,1777.0
29bef7ce,vasa,CHX,9,granule_periphery,10819,pla,sum,12174137.0
29bef7ce,vasa,CHX,9,granule_periphery,10819,pla,mean,1125.2552916166005
29bef7ce,vasa,CHX,9,granule_periphery,10819,pla,median,991.0
29bef7ce,vasa,CHX,9,granule_periphery,10819,rna_type,sum,11766025.0
29bef7ce,vasa,CHX,9,granule_periphery,10819,rna_type,mean,1087.533505869304
29bef7ce,vasa,CHX,9,granule_periphery,10819,rna_type,median,860.0
29bef7ce,vasa,CHX,9,pseudo_nucleus,32393,granule,sum,60640001.0
29bef7ce,vasa,CHX,9,pseudo_nucleus,32393,granule,mean,1872.0094156144846
29bef7ce,vasa,CHX,9,pseudo_nucleus,32393,granule,median,1152.0
29bef7ce,vasa,CHX,9,pseudo_nucleus,32393,pla,sum,32636480.0
29bef7ce,vasa,CHX,9,pseudo_nucleus,32393,pla,mean,1007.5164387367641
29bef7ce,vasa,CHX,9,pseudo_nucleus,32393,pla,median,892.0
29bef7ce,vasa,CHX,9,pseudo_nucleus,32393,rna_type,sum,25389498.0
29bef7ce,vasa,CHX,9,pseudo_nucleus,32393,rna_type,mean,783.7958200845861
29bef7ce,vasa,CHX,9,pseudo_nucleus,32393,rna_type,median,609.0
29bef7ce,vasa,CHX,9,cytoplasm,126979,granule,sum,96991422.0
29bef7ce,vasa,CHX,9,cytoplasm,126979,granule,mean,763.838288220887
29bef7ce,vasa,CHX,9,cytoplasm,126979,granule,median,592.0
29bef7ce,vasa,CHX,9,cytoplasm,126979,pla,sum,149534080.0
29bef7ce,vasa,CHX,9,cytoplasm,126979,pla,mean,1177.62842674773
29bef7ce,vasa,CHX,9,cytoplasm,126979,pla,median,1035.0
29bef7ce,vasa,CHX,9,cytoplasm,126979,rna_type,sum,151696769.0
29bef7ce,vasa,CHX,9,cytoplasm,126979,rna_type,mean,1194.6602902842203
29bef7ce,vasa,CHX,9,cytoplasm,126979,rna_type,median,970.0
29bef7ce,vasa,CHX,9,nucleo_cytoplasm,150757,granule,sum,122860006.0
29bef7ce,vasa,CHX,9,nucleo_cytoplasm,150757,granule,mean,814.9539059546157
29bef7ce,vasa,CHX,9,nucleo_cytoplasm,150757,granule,median,637.0
29bef7ce,vasa,CHX,9,nucleo_cytoplasm,150757,pla,sum,172351151.0
29bef7ce,vasa,CHX,9,nucleo_cytoplasm,150757,pla,mean,1143.2381315627135
29bef7ce,vasa,CHX,9,nucleo_cytoplasm,150757,pla,median,1002.0
29bef7ce,vasa,CHX,9,nucleo_cytoplasm,150757,rna_type,sum,168450070.0
29bef7ce,vasa,CHX,9,nucleo_cytoplasm,150757,rna_type,mean,1117.3615155515167
29bef7ce,vasa,CHX,9,nucleo_cytoplasm,150757,rna_type,median,892.0
5ab8c28d,actin,CHX,19,granule,7116,granule,sum,54842985.0
5ab8c28d,actin,CHX,19,granule,7116,granule,mean,7706.996205733558
5ab8c28d,actin,CHX,19,granule,7116,granule,median,7821.5
5ab8c28d,actin,CHX,19,granule,7116,pla,sum,8870835.0
5ab8c28d,actin,CHX,19,granule,7116,pla,mean,1246.60413153457
5ab8c28d,actin,CHX,19,granule,7116,pla,median,1104.0
5ab8c28d,actin,CHX,19,granule,7116,rna_type,sum,10043444.0
5ab8c28d,actin,CHX,19,granule,7116,rna_type,mean,1411.38898257448
5ab8c28d,actin,CHX,19,granule,7116,rna_type,median,1218.0
5ab8c28d,actin,CHX,19,cell,66426,granule,sum,122410238.0
5ab8c28d,actin,CHX,19,cell,66426,granule,mean,1842.8061000210762
5ab8c28d,actin,CHX,19,cell,66426,granule,median,974.0
5ab8c28d,actin,CHX,19,cell,66426,pla,sum,75593971.0
5ab8c28d,actin,CHX,19,cell,66426,pla,mean,1138.0178092915426
5ab8c28d,actin,CHX,19,cell,66426,pla,median,992.0
5ab8c28d,actin,CHX,19,cell,66426,rna_type,sum,73507466.0
5ab8c28d,actin,CHX,19,cell,66426,rna_type,mean,1106.6068406949087
5ab8c28d,actin,CHX,19,cell,66426,rna_type,median,910.0
5ab8c28d,actin,CHX,19,granule_periphery,8492,granule,sum,19508501.0
5ab8c28d,actin,CHX,19,granule_periphery,8492,granule,mean,2297.279910504004
5ab8c28d,actin,CHX,19,granule_periphery,8492,granule,median,1861.0
5ab8c28d,actin,CHX,19,granule_periphery,8492,pla,sum,9592259.0
5ab8c28d,actin,CHX,19,granule_periphery,8492,pla,mean,1129.5641780499293
5ab8c28d,actin,CHX,19,granule_periphery,8492,pla,median,982.0
5ab8c28d,actin,CHX,19,granule_periphery,8492,rna_type,sum,9513149.0
5ab8c28d,actin,CHX,19,granule_periphery,8492,rna_type,mean,1120.2483513895431
5ab8c28d,actin,CHX,19,granule_periphery,8492,rna_type,median,933.0
5ab8c28d,actin,CHX,19,pseudo_nucleus,11254,granule,sum,26032677.0
5ab8c28d,actin,CHX,19,pseudo_nucleus,11254,granule,mean,2313.193264617025
5ab8c28d,actin,CHX,19,pseudo_nucleus,11254,granule,median,1343.0
5ab8c28d,actin,CHX,19,pseudo_nucleus,11254,pla,sum,12648569.0
5ab8c28d,actin,CHX,19,pseudo_nucleus,11254,pla,mean,1123.9176292873644
5ab8c28d,actin,CHX,19,pseudo_nucleus,11254,pla,median,985.5
5ab8c28d,actin,CHX,19,pseudo_nucleus,11254,rna_type,sum,12159979.0
5ab8c28d,actin,CHX,19,pseudo_nucleus,11254,rna_type,mean,1080.5028434334458
5ab8c28d,actin,CHX,19,pseudo_nucleus,11254,rna_type,median,882.0
5ab8c28d,actin,CHX,19,cytoplasm,44983,granule,sum,41303567.0
5ab8c28d,actin,CHX,19,cytoplasm,44983,granule,mean,918.2039214814486
5ab8c28d,actin,CHX,19,cytoplasm,44983,granule,median,741.0
5ab8c28d,actin,CHX,19,cytoplasm,44983,pla,sum,50568081.0
5ab8c28d,actin,CHX,19,cytoplasm,44983,pla,mean,1124.1598159304626
5ab8c28d,actin,CHX,19,cytoplasm,44983,pla,median,979.0
5ab8c28d,actin,CHX,19,cytoplasm,44983,rna_type,sum,48014396.0
5ab8c28d,actin,CHX,19,cytoplasm,44983,rna_type,mean,1067.3898139297069
5ab8c28d,actin,CHX,19,cytoplasm,44983,rna_type,median,872.0
5ab8c28d,actin,CHX,19,nucleo_cytoplasm,50818,granule,sum,48058752.0
5ab8c28d,actin,CHX,19,nucleo_cytoplasm,50818,granule,mean,945.7033334645205
5ab8c28d,actin,CHX,19,nucleo_cytoplasm,50818,granule,median,762.0
5ab8c28d,actin,CHX,19,nucleo_cytoplasm,50818,pla,sum,57130877.0
5ab8c28d,actin,CHX,19,nucleo_cytoplasm,50818,pla,mean,1124.2252154748317
5ab8c28d,actin,CHX,19,nucleo_cytoplasm,50818,pla,median,980.0
5ab8c28d,actin,CHX,19,nucleo_cytoplasm,50818,rna_type,sum,53950873.0
5ab8c28d,actin,CHX,19,nucleo_cytoplasm,50818,rna_type,mean,1061.648884253611
5ab8c28d,actin,CHX,19,nucleo_cytoplasm,50818,rna_type,median,866.0
521932c8,vasa,CHX,28,granule,7998,granule,sum,108863518.0
521932c8,vasa,CHX,28,granule,7998,granule,mean,13611.342585646411
521932c8,vasa,CHX,28,granule,7998,granule,median,12700.5
521932c8,vasa,CHX,28,granule,7998,pla,sum,15830498.0
521932c8,vasa,CHX,28,granule,7998,pla,mean,1979.3070767691922
521932c8,vasa,CHX,28,granule,7998,pla,median,1781.5
521932c8,vasa,CHX,28,granule,7998,rna_type,sum,17158868.0
521932c8,vasa,CHX,28,granule,7998,rna_type,mean,2145.394848712178
521932c8,vasa,CHX,28,granule,7998,rna_type,median,1807.5
521932c8,vasa,CHX,28,cell,134889,granule,sum,420474507.0
521932c8,vasa,CHX,28,cell,134889,granule,mean,3117.1889998443166
521932c8,vasa,CHX,28,cell,134889,granule,median,2102.0
521932c8,vasa,CHX,28,cell,134889,pla,sum,255830323.0
521932c8,vasa,CHX,28,cell,134889,pla,mean,1896.5988553551438
521932c8,vasa,CHX,28,cell,134889,pla,median,1725.0
521932c8,vasa,CHX,28,cell,134889,rna_type,sum,257803675.0
521932c8,vasa,CHX,28,cell,134889,rna_type,mean,1911.22830623698
521932c8,vasa,CHX,28,cell,134889,rna_type,median,1593.0
521932c8,vasa,CHX,28,granule_periphery,17231,granule,sum,87546673.0
521932c8,vasa,CHX,28,granule_periphery,17231,granule,mean,5080.765654924265
521932c8,vasa,CHX,28,granule_periphery,17231,granule,median,4719.0
521932c8,vasa,CHX,28,granule_periphery,17231,pla,sum,31751600.0
521932c8,vasa,CHX,28,granule_periphery,17231,pla,mean,1842.7021066682144
521932c8,vasa,CHX,28,granule_periphery,17231,pla,median,1672.0
521932c8,vasa,CHX,28,granule_periphery,17231,rna_type,sum,33855332.0
521932c8,vasa,CHX,28,granule_periphery,17231,rna_type,mean,1964.792060820614
521932c8,vasa,CHX,28,granule_periphery,17231,rna_type,median,1612.0
521932c8,vasa,CHX,28,pseudo_nucleus,32179,granule,sum,176924127.0
521932c8,vasa,CHX,28,pseudo_nucleus,32179,granule,mean,5498.123838528233
521932c8,vasa,CHX,28,pseudo_nucleus,32179,granule,median,4219.0
521932c8,vasa,CHX,28,pseudo_nucleus,32179,pla,sum,51149375.0
521932c8,vasa,CHX,28,pseudo_nucleus,32179,pla,mean,1589.5265545852885
521932c8,vasa,CHX,28,pseudo_nucleus,32179,pla,median,1459.0
521932c8,vasa,CHX,28,pseudo_nucleus,32179,rna_type,sum,44117646.0
521932c8,vasa,CHX,28,pseudo_nucleus,32179,rna_type,mean,1371.0073650517418
521932c8,vasa,CHX,28,pseudo_nucleus,32179,rna_type,median,1131.0
521932c8,vasa,CHX,28,cytoplasm,92263,granule,sum,163868367.0
521932c8,vasa,CHX,28,cytoplasm,92263,granule,mean,1776.1005711932194
521932c8,vasa,CHX,28,cytoplasm,92263,granule,median,1572.0
521932c8,vasa,CHX,28,cytoplasm,92263,pla,sum,182385242.0
521932c8,vasa,CHX,28,cytoplasm,92263,pla,mean,1976.7972209878283
521932c8,vasa,CHX,28,cytoplasm,92263,pla,median,1806.0
521932c8,vasa,CHX,28,cytoplasm,92263,rna_type,sum,186249336.0
521932c8,vasa,CHX,28,cytoplasm,92263,rna_type,mean,2018.6785168485742
521932c8,vasa,CHX,28,cytoplasm,92263,rna_type,median,1715.0
521932c8,vasa,CHX,28,nucleo_cytoplasm,109660,granule,sum,224064316.0
521932c8,vasa,CHX,28,nucleo_cytoplasm,109660,granule,mean,2043.2638701440817
521932c8,vasa,CHX,28,nucleo_cytoplasm,109660,granule,median,1762.0
521932c8,vasa,CHX,28,nucleo_cytoplasm,109660,pla,sum,208248225.0
521932c8,vasa,CHX,28,nucleo_cytoplasm,109660,pla,mean,1899.0354276855735
521932c8,vasa,CHX,28,nucleo_cytoplasm,109660,pla,median,1729.0
521932c8,vasa,CHX,28,nucleo_cytoplasm,109660,rna_type,sum,206789475.0
521932c8,vasa,CHX,28,nucleo_cytoplasm,109660,rna_type,mean,1885.7329472916288
521932c8,vasa,CHX,28,nucleo_cytoplasm,109660,rna_type,median,1577.0
fb4d510f,vasa,CHX,27,granule,13148,granule,sum,584433892.0
fb4d510f,vasa,CHX,27,granule,13148,granule,mean,44450.402494676
fb4d510f,vasa,CHX,27,granule,13148,granule,median,50069.0
fb4d510f,vasa,CHX,27,granule,13148,pla,sum,30744818.0
fb4d510f,vasa,CHX,27,granule,13148,pla,mean,2338.364618192881
fb4d510f,vasa,CHX,27,granule,13148,pla,median,2123.0
fb4d510f,vasa,CHX,27,granule,13148,rna_type,sum,37027053.0
fb4d510f,vasa,CHX,27,granule,13148,rna_type,mean,2816.173790690599
fb4d510f,vasa,CHX,27,granule,13148,rna_type,median,2363.5
fb4d510f,vasa,CHX,27,cell,154642,granule,sum,1025218756.0
fb4d510f,vasa,CHX,27,cell,154642,granule,mean,6629.626854282795
fb4d510f,vasa,CHX,27,cell,154642,granule,median,2598.0
fb4d510f,vasa,CHX,27,cell,154642,pla,sum,300854233.0
fb4d510f,vasa,CHX,27,cell,154642,pla,mean,1945.4885024766882
fb4d510f,vasa,CHX,27,cell,154642,pla,median,1744.0
fb4d510f,vasa,CHX,27,cell,154642,rna_type,sum,326405233.0
fb4d510f,vasa,CHX,27,cell,154642,rna_type,mean,2110.7152843341396
fb4d510f,vasa,CHX,27,cell,154642,rna_type,median,1670.0
fb4d510f,vasa,CHX,27,granule_periphery,11312,granule,sum,86469414.0
fb4d510f,vasa,CHX,27,granule_periphery,11312,granule,mean,7644.042963224894
fb4d510f,vasa,CHX,27,granule_periphery,11312,granule,median,6794.5
fb4d510f,vasa,CHX,27,granule_periphery,11312,pla,sum,25169517.0
fb4d510f,vasa,CHX,27,granule_periphery,11312,pla,mean,2225.028023338048
fb4d510f,vasa,CHX,27,granule_periphery,11312,pla,median,1985.0
fb4d510f,vasa,CHX,27,granule_periphery,11312,rna_type,sum,32172692.0
fb4d510f,vasa,CHX,27,granule_periphery,11312,rna_type,mean,2844.1205799151344
fb4d510f,vasa,CHX,27,granule_periphery,11312,rna_type,median,2299.5
fb4d510f,vasa,CHX,27,pseudo_nucleus,29662,granule,sum,276313871.0
fb4d510f,vasa,CHX,27,pseudo_nucleus,29662,granule,mean,9315.416054210775
fb4d510f,vasa,CHX,27,pseudo_nucleus,29662,granule,median,5608.5
fb4d510f,vasa,CHX,27,pseudo_nucleus,29662,pla,sum,50798323.0
fb4d510f,vasa,CHX,27,pseudo_nucleus,29662,pla,mean,1712.572415885645
fb4d510f,vasa,CHX,27,pseudo_nucleus,29662,pla,median,1569.0
fb4d510f,vasa,CHX,27,pseudo_nucleus,29662,rna_type,sum,47470167.0
fb4d510f,vasa,CHX,27,pseudo_nucleus,29662,rna_type,mean,1600.369732317443
fb4d510f,vasa,CHX,27,pseudo_nucleus,29662,rna_type,median,1305.0
fb4d510f,vasa,CHX,27,cytoplasm,108574,granule,sum,239482517.0
fb4d510f,vasa,CHX,27,cytoplasm,108574,granule,mean,2205.707784552471
fb4d510f,vasa,CHX,27,cytoplasm,108574,granule,median,1906.0
fb4d510f,vasa,CHX,27,cytoplasm,108574,pla,sum,210481944.0
fb4d510f,vasa,CHX,27,cytoplasm,108574,pla,mean,1938.6035699154493
fb4d510f,vasa,CHX,27,cytoplasm,108574,pla,median,1739.0
fb4d510f,vasa,CHX,27,cytoplasm,108574,rna_type,sum,228944790.0
fb4d510f,vasa,CHX,27,cytoplasm,108574,rna_type,mean,2108.652071398309
fb4d510f,vasa,CHX,27,cytoplasm,108574,rna_type,median,1679.0
fb4d510f,vasa,CHX,27,nucleo_cytoplasm,130379,granule,sum,354850458.0
fb4d510f,vasa,CHX,27,nucleo_cytoplasm,130379,granule,mean,2721.6841515888295
fb4d510f,vasa,CHX,27,nucleo_cytoplasm,130379,granule,median,2208.0
fb4d510f,vasa,CHX,27,nucleo_cytoplasm,130379,pla,sum,245479535.0
fb4d510f,vasa,CHX,27,nucleo_cytoplasm,130379,pla,mean,1882.8149855421502
fb4d510f,vasa,CHX,27,nucleo_cytoplasm,130379,pla,median,1690.0
fb4d510f,vasa,CHX,27,nucleo_cytoplasm,130379,rna_type,sum,257856146.0
fb4d510f,vasa,CHX,27,nucleo_cytoplasm,130379,rna_type,mean,1977.742934061467
fb4d510f,vasa,CHX,27,nucleo_cytoplasm,130379,rna_type,median,1562.0
ac89cf31,vasa,CHX,7,granule,4497,granule,sum,57841638.0
ac89cf31,vasa,CHX,7,granule,4497,granule,mean,12862.272181454302
ac89cf31,vasa,CHX,7,granule,4497,granule,median,11570.0
ac89cf31,vasa,CHX,7,granule,4497,pla,sum,5647790.0
ac89cf31,vasa,CHX,7,granule,4497,pla,mean,1255.901712252613
ac89cf31,vasa,CHX,7,granule,4497,pla,median,1062.0
ac89cf31,vasa,CHX,7,granule,4497,rna_type,sum,6133612.0
ac89cf31,vasa,CHX,7,granule,4497,rna_type,mean,1363.9341783411162
ac89cf31,vasa,CHX,7,granule,4497,rna_type,median,925.0
ac89cf31,vasa,CHX,7,cell,151931,granule,sum,311920762.0
ac89cf31,vasa,CHX,7,cell,151931,granule,mean,2053.042249442181
ac89cf31,vasa,CHX,7,cell,151931,granule,median,1351.0
ac89cf31,vasa,CHX,7,cell,151931,pla,sum,165209745.0
ac89cf31,vasa,CHX,7,cell,151931,pla,mean,1087.3998394007806
ac89cf31,vasa,CHX,7,cell,151931,pla,median,958.0
ac89cf31,vasa,CHX,7,cell,151931,rna_type,sum,126757773.0
ac89cf31,vasa,CHX,7,cell,151931,rna_type,mean,834.3114505927033
ac89cf31,vasa,CHX,7,cell,151931,rna_type,median,631.0
ac89cf31,vasa,CHX,7,granule_periphery,16766,granule,sum,70038092.0
ac89cf31,vasa,CHX,7,granule_periphery,16766,granule,mean,4177.388285816533
ac89cf31,vasa,CHX,7,granule_periphery,16766,granule,median,3731.0
ac89cf31,vasa,CHX,7,granule_periphery,16766,pla,sum,19915439.0
ac89cf31,vasa,CHX,7,granule_periphery,16766,pla,mean,1187.84677323154
ac89cf31,vasa,CHX,7,granule_periphery,16766,pla,median,1034.0
ac89cf31,vasa,CHX,7,granule_periphery,16766,rna_type,sum,17280836.0
ac89cf31,vasa,CHX,7,granule_periphery,16766,rna_type,mean,1030.7071454133365
ac89cf31,vasa,CHX,7,granule_periphery,16766,rna_type,median,770.0
ac89cf31,vasa,CHX,7,pseudo_nucleus,40929,granule,sum,143475680.0
ac89cf31,vasa,CHX,7,pseudo_nucleus,40929,granule,mean,3505.4772899411178
ac89cf31,vasa,CHX,7,pseudo_nucleus,40929,granule,median,2407.0
ac89cf31,vasa,CHX,7,pseudo_nucleus,40929,pla,sum,43338588.0
ac89cf31,vasa,CHX,7,pseudo_nucleus,40929,pla,mean,1058.8723887707981
ac89cf31,vasa,CHX,7,pseudo_nucleus,40929,pla,median,935.0
ac89cf31,vasa,CHX,7,pseudo_nucleus,40929,rna_type,sum,34191299.0
ac89cf31,vasa,CHX,7,pseudo_nucleus,40929,rna_type,mean,835.3807569205209
ac89cf31,vasa,CHX,7,pseudo_nucleus,40929,rna_type,median,640.0
ac89cf31,vasa,CHX,7,cytoplasm,104299,granule,sum,131107856.0
ac89cf31,vasa,CHX,7,cytoplasm,104299,granule,mean,1257.0384759201909
ac89cf31,vasa,CHX,7,cytoplasm,104299,granule,median,1052.0
ac89cf31,vasa,CHX,7,cytoplasm,104299,pla,sum,113112136.0
ac89cf31,vasa,CHX,7,cytoplasm,104299,pla,mean,1084.4987583773575
ac89cf31,vasa,CHX,7,cytoplasm,104299,pla,median,959.0
ac89cf31,vasa,CHX,7,cytoplasm,104299,rna_type,sum,83718658.0
ac89cf31,vasa,CHX,7,cytoplasm,104299,rna_type,mean,802.6793928992607
ac89cf31,vasa,CHX,7,cytoplasm,104299,rna_type,median,612.0
ac89cf31,vasa,CHX,7,nucleo_cytoplasm,130668,granule,sum,184041032.0
ac89cf31,vasa,CHX,7,nucleo_cytoplasm,130668,granule,mean,1408.4629136437384
ac89cf31,vasa,CHX,7,nucleo_cytoplasm,130668,granule,median,1170.0
ac89cf31,vasa,CHX,7,nucleo_cytoplasm,130668,pla,sum,139646516.0
ac89cf31,vasa,CHX,7,nucleo_cytoplasm,130668,pla,mean,1068.7124315058009
ac89cf31,vasa,CHX,7,nucleo_cytoplasm,130668,pla,median,945.0
ac89cf31,vasa,CHX,7,nucleo_cytoplasm,130668,rna_type,sum,103343325.0
ac89cf31,vasa,CHX,7,nucleo_cytoplasm,130668,rna_type,mean,790.8847231150703
ac89cf31,vasa,CHX,7,nucleo_cytoplasm,130668,rna_type,median,607.0
75aa0465,actin,PatA,13,granule,6492,granule,sum,71278212.0
75aa0465,actin,PatA,13,granule,6492,granule,mean,10979.391866913124
75aa0465,actin,PatA,13,granule,6492,granule,median,10283.0
75aa0465,actin,PatA,13,granule,6492,pla,sum,2539959.0
75aa0465,actin,PatA,13,granule,6492,pla,mean,391.24445471349355
75aa0465,actin,PatA,13,granule,6492,pla,median,355.0
75aa0465,actin,PatA,13,granule,6492,rna_type,sum,6674953.0
75aa0465,actin,PatA,13,granule,6492,rna_type,mean,1028.1813000616144
75aa0465,actin,PatA,13,granule,6492,rna_type,median,829.0
75aa0465,actin,PatA,13,cell,123143,granule,sum,283943262.0
75aa0465,actin,PatA,13,cell,123143,granule,mean,2305.8010767968944
75aa0465,actin,PatA,13,cell,123143,granule,median,1453.0
75aa0465,actin,PatA,13,cell,123143,pla,sum,45390743.0
75aa0465,actin,PatA,13,cell,123143,pla,mean,368.60189373330195
75aa0465,actin,PatA,13,cell,123143,pla,median,336.0
75aa0465,actin,PatA,13,cell,123143,rna_type,sum,111504858.0
75aa0465,actin,PatA,13,cell,123143,rna_type,mean,905.490835857499
75aa0465,actin,PatA,13,cell,123143,rna_type,median,701.0
75aa0465,actin,PatA,13,granule_periphery,14841,granule,sum,62844932.0
75aa0465,actin,PatA,13,granule_periphery,14841,granule,mean,4234.5483457988
75aa0465,actin,PatA,13,granule_periphery,14841,granule,median,3921.0
75aa0465,actin,PatA,13,granule_periphery,14841,pla,sum,5720276.0
75aa0465,actin,PatA,13,granule_periphery,14841,pla,mean,385.437369449498
75aa0465,actin,PatA,13,granule_periphery,14841,pla,median,354.0
75aa0465,actin,PatA,13,granule_periphery,14841,rna_type,sum,14717739.0
75aa0465,actin,PatA,13,granule_periphery,14841,rna_type,mean,991.6945623610269
75aa0465,actin,PatA,13,granule_periphery,14841,rna_type,median,784.0
75aa0465,actin,PatA,13,pseudo_nucleus,26187,granule,sum,124058415.0
75aa0465,actin,PatA,13,pseudo_nucleus,26187,granule,mean,4737.404628250659
75aa0465,actin,PatA,13,pseudo_nucleus,26187,granule,median,3590.0
75aa0465,actin,PatA,13,pseudo_nucleus,26187,pla,sum,9679708.0
75aa0465,actin,PatA,13,pseudo_nucleus,26187,pla,mean,369.6379119410394
75aa0465,actin,PatA,13,pseudo_nucleus,26187,pla,median,338.0
75aa0465,actin,PatA,13,pseudo_nucleus,26187,rna_type,sum,24052956.0
75aa0465,actin,PatA,13,pseudo_nucleus,26187,rna_type,mean,918.5075037232215
75aa0465,actin,PatA,13,pseudo_nucleus,26187,rna_type,median,719.0
75aa0465,actin,PatA,13,cytoplasm,88208,granule,sum,111056117.0
75aa0465,actin,PatA,13,cytoplasm,88208,granule,mean,1259.0254512062397
75aa0465,actin,PatA,13,cytoplasm,88208,granule,median,1046.0
75aa0465,actin,PatA,13,cytoplasm,88208,pla,sum,32263216.0
75aa0465,actin,PatA,13,cytoplasm,88208,pla,mean,365.76292399782335
75aa0465,actin,PatA,13,cytoplasm,88208,pla,median,333.0
75aa0465,actin,PatA,13,cytoplasm,88208,rna_type,sum,78377161.0
75aa0465,actin,PatA,13,cytoplasm,88208,rna_type,mean,888.5493492653727
75aa0465,actin,PatA,13,cytoplasm,88208,rna_type,median,683.0
75aa0465,actin,PatA,13,nucleo_cytoplasm,101810,granule,sum,149820118.0
75aa0465,actin,PatA,13,nucleo_cytoplasm,101810,granule,mean,1471.5658383262942
75aa0465,actin,PatA,13,nucleo_cytoplasm,101810,granule,median,1189.0
75aa0465,actin,PatA,13,nucleo_cytoplasm,101810,pla,sum,37130508.0
75aa0465,actin,PatA,13,nucleo_cytoplasm,101810,pla,mean,364.70393870936056
75aa0465,actin,PatA,13,nucleo_cytoplasm,101810,pla,median,333.0
75aa0465,actin,PatA,13,nucleo_cytoplasm,101810,rna_type,sum,90112166.0
75aa0465,actin,PatA,13,nucleo_cytoplasm,101810,rna_type,mean,885.1013259994106
75aa0465,actin,PatA,13,nucleo_cytoplasm,101810,rna_type,median,680.0
2c2a4178,vasa,CHX,25,granule,9505,granule,sum,44783711.0
2c2a4178,vasa,CHX,25,granule,9505,granule,mean,4711.595055234087
2c2a4178,vasa,CHX,25,granule,9505,granule,median,4472.0
2c2a4178,vasa,CHX,25,granule,9505,pla,sum,22483032.0
2c2a4178,vasa,CHX,25,granule,9505,pla,mean,2365.3900052603894
2c2a4178,vasa,CHX,25,granule,9505,pla,median,2146.0
2c2a4178,vasa,CHX,25,granule,9505,rna_type,sum,22567985.0
2c2a4178,vasa,CHX,25,granule,9505,rna_type,mean,2374.3277222514466
2c2a4178,vasa,CHX,25,granule,9505,rna_type,median,1957.0
2c2a4178,vasa,CHX,25,cell,107409,granule,sum,136038027.0
2c2a4178,vasa,CHX,25,cell,107409,granule,mean,1266.542161271402
2c2a4178,vasa,CHX,25,cell,107409,granule,median,806.0
2c2a4178,vasa,CHX,25,cell,107409,pla,sum,217891842.0
2c2a4178,vasa,CHX,25,cell,107409,pla,mean,2028.6181046281038
2c2a4178,vasa,CHX,25,cell,107409,pla,median,1866.0
2c2a4178,vasa,CHX,25,cell,107409,rna_type,sum,214237201.0
2c2a4178,vasa,CHX,25,cell,107409,rna_type,mean,1994.5926412125614
2c2a4178,vasa,CHX,25,cell,107409,rna_type,median,1629.0
2c2a4178,vasa,CHX,25,granule_periphery,12953,granule,sum,21450092.0
2c2a4178,vasa,CHX,25,granule_periphery,12953,granule,mean,1655.9941326333667
2c2a4178,vasa,CHX,25,granule_periphery,12953,granule,median,1405.0
2c2a4178,vasa,CHX,25,granule_periphery,12953,pla,sum,30106014.0
2c2a4178,vasa,CHX,25,granule_periphery,12953,pla,mean,2324.250289508222
2c2a4178,vasa,CHX,25,granule_periphery,12953,pla,median,2134.0
2c2a4178,vasa,CHX,25,granule_periphery,12953,rna_type,sum,31462576.0
2c2a4178,vasa,CHX,25,granule_periphery,12953,rna_type,mean,2428.9798502277463
2c2a4178,vasa,CHX,25,granule_periphery,12953,rna_type,median,1899.0
2c2a4178,vasa,CHX,25,pseudo_nucleus,27127,granule,sum,46789468.0
2c2a4178,vasa,CHX,25,pseudo_nucleus,27127,granule,mean,1724.8301692041139
2c2a4178,vasa,CHX,25,pseudo_nucleus,27127,granule,median,1192.0
2c2a4178,vasa,CHX,25,pseudo_nucleus,27127,pla,sum,59763655.0
2c2a4178,vasa,CHX,25,pseudo_nucleus,27127,pla,mean,2203.1059461053565
2c2a4178,vasa,CHX,25,pseudo_nucleus,27127,pla,median,2052.0
2c2a4178,vasa,CHX,25,pseudo_nucleus,27127,rna_type,sum,39512925.0
2c2a4178,vasa,CHX,25,pseudo_nucleus,27127,rna_type,mean,1456.590297489586
2c2a4178,vasa,CHX,25,pseudo_nucleus,27127,rna_type,median,1143.0
2c2a4178,vasa,CHX,25,cytoplasm,67875,granule,sum,51432127.0
2c2a4178,vasa,CHX,25,cytoplasm,67875,granule,mean,757.7477274401473
2c2a4178,vasa,CHX,25,cytoplasm,67875,granule,median,588.0
2c2a4178,vasa,CHX,25,cytoplasm,67875,pla,sum,129296733.0
2c2a4178,vasa,CHX,25,cytoplasm,67875,pla,mean,1904.9242430939225
2c2a4178,vasa,CHX,25,cytoplasm,67875,pla,median,1745.0
2c2a4178,vasa,CHX,25,cytoplasm,67875,rna_type,sum,140963493.0
2c2a4178,vasa,CHX,25,cytoplasm,67875,rna_type,mean,2076.8102099447515
2c2a4178,vasa,CHX,25,cytoplasm,67875,rna_type,median,1755.0
2c2a4178,vasa,CHX,25,nucleo_cytoplasm,84951,granule,sum,69804224.0
2c2a4178,vasa,CHX,25,nucleo_cytoplasm,84951,granule,mean,821.6998505020541
2c2a4178,vasa,CHX,25,nucleo_cytoplasm,84951,granule,median,646.0
2c2a4178,vasa,CHX,25,nucleo_cytoplasm,84951,pla,sum,165302796.0
2c2a4178,vasa,CHX,25,nucleo_cytoplasm,84951,pla,mean,1945.8605078221563
2c2a4178,vasa,CHX,25,nucleo_cytoplasm,84951,pla,median,1799.0
2c2a4178,vasa,CHX,25,nucleo_cytoplasm,84951,rna_type,sum,160206640.0
2c2a4178,vasa,CHX,25,nucleo_cytoplasm,84951,rna_type,mean,1885.8711492507446
2c2a4178,vasa,CHX,25,nucleo_cytoplasm,84951,rna_type,median,1554.0
b41a95da,vasa,CHX,30,granule,4789,granule,sum,113667232.0
b41a95da,vasa,CHX,30,granule,4789,granule,mean,23735.066193359784
b41a95da,vasa,CHX,30,granule,4789,granule,median,22027.0
b41a95da,vasa,CHX,30,granule,4789,pla,sum,8338531.0
b41a95da,vasa,CHX,30,granule,4789,pla,mean,1741.184172060973
b41a95da,vasa,CHX,30,granule,4789,pla,median,1516.0
b41a95da,vasa,CHX,30,granule,4789,rna_type,sum,8499423.0
b41a95da,vasa,CHX,30,granule,4789,rna_type,mean,1774.7803299227396
b41a95da,vasa,CHX,30,granule,4789,rna_type,median,1354.0
b41a95da,vasa,CHX,30,cell,178491,granule,sum,476945728.0
b41a95da,vasa,CHX,30,cell,178491,granule,mean,2672.099590455541
b41a95da,vasa,CHX,30,cell,178491,granule,median,1610.0
b41a95da,vasa,CHX,30,cell,178491,pla,sum,258220037.0
b41a95da,vasa,CHX,30,cell,178491,pla,mean,1446.6837935806286
b41a95da,vasa,CHX,30,cell,178491,pla,median,1288.0
b41a95da,vasa,CHX,30,cell,178491,rna_type,sum,235094341.0
b41a95da,vasa,CHX,30,cell,178491,rna_type,mean,1317.1215411421304
b41a95da,vasa,CHX,30,cell,178491,rna_type,median,1040.0
b41a95da,vasa,CHX,30,granule_periphery,12063,granule,sum,75281602.0
b41a95da,vasa,CHX,30,granule_periphery,12063,granule,mean,6240.7031418386805
b41a95da,vasa,CHX,30,granule_periphery,12063,granule,median,5544.0
b41a95da,vasa,CHX,30,granule_periphery,12063,pla,sum,18405611.0
b41a95da,vasa,CHX,30,granule_periphery,12063,pla,mean,1525.7905164552765
b41a95da,vasa,CHX,30,granule_periphery,12063,pla,median,1330.0
b41a95da,vasa,CHX,30,granule_periphery,12063,rna_type,sum,17215839.0
b41a95da,vasa,CHX,30,granule_periphery,12063,rna_type,mean,1427.1606565530963
b41a95da,vasa,CHX,30,granule_periphery,12063,rna_type,median,1081.0
b41a95da,vasa,CHX,30,pseudo_nucleus,25855,granule,sum,148743921.0
b41a95da,vasa,CHX,30,pseudo_nucleus,25855,granule,mean,5753.004099787275
b41a95da,vasa,CHX,30,pseudo_nucleus,25855,granule,median,3743.0
b41a95da,vasa,CHX,30,pseudo_nucleus,25855,pla,sum,31446138.0
b41a95da,vasa,CHX,30,pseudo_nucleus,25855,pla,mean,1216.249777605879
b41a95da,vasa,CHX,30,pseudo_nucleus,25855,pla,median,1088.0
b41a95da,vasa,CHX,30,pseudo_nucleus,25855,rna_type,sum,22318141.0
b41a95da,vasa,CHX,30,pseudo_nucleus,25855,rna_type,mean,863.2040611100367
b41a95da,vasa,CHX,30,pseudo_nucleus,25855,rna_type,median,684.0
b41a95da,vasa,CHX,30,cytoplasm,143041,granule,sum,224260461.0
b41a95da,vasa,CHX,30,cytoplasm,143041,granule,mean,1567.8054613712152
b41a95da,vasa,CHX,30,cytoplasm,143041,granule,median,1334.0
b41a95da,vasa,CHX,30,cytoplasm,143041,pla,sum,209979281.0
b41a95da,vasa,CHX,30,cytoplasm,143041,pla,mean,1467.9656951503416
b41a95da,vasa,CHX,30,cytoplasm,143041,pla,median,1313.0
b41a95da,vasa,CHX,30,cytoplasm,143041,rna_type,sum,195160443.0
b41a95da,vasa,CHX,30,cytoplasm,143041,rna_type,mean,1364.3671604644821
b41a95da,vasa,CHX,30,cytoplasm,143041,rna_type,median,1095.0
b41a95da,vasa,CHX,30,nucleo_cytoplasm,161639,granule,sum,287996894.0
b41a95da,vasa,CHX,30,nucleo_cytoplasm,161639,granule,mean,1781.7290010455397
b41a95da,vasa,CHX,30,nucleo_cytoplasm,161639,granule,median,1467.0
b41a95da,vasa,CHX,30,nucleo_cytoplasm,161639,pla,sum,231475895.0
b41a95da,vasa,CHX,30,nucleo_cytoplasm,161639,pla,mean,1432.0547330780319
b41a95da,vasa,CHX,30,nucleo_cytoplasm,161639,pla,median,1279.0
b41a95da,vasa,CHX,30,nucleo_cytoplasm,161639,rna_type,sum,209379079.0
b41a95da,vasa,CHX,30,nucleo_cytoplasm,161639,rna_type,mean,1295.350002165319
b41a95da,vasa,CHX,30,nucleo_cytoplasm,161639,rna_type,median,1029.0
77aaaf9e,vasa,DMSO,27,granule,10347,granule,sum,74699301.0
77aaaf9e,vasa,DMSO,27,granule,10347,granule,mean,7219.4163525659615
77aaaf9e,vasa,DMSO,27,granule,10347,granule,median,6636.0
77aaaf9e,vasa,DMSO,27,granule,10347,pla,sum,19925446.0
77aaaf9e,vasa,DMSO,27,granule,10347,pla,mean,1925.7220450372088
77aaaf9e,vasa,DMSO,27,granule,10347,pla,median,1759.0
77aaaf9e,vasa,DMSO,27,granule,10347,rna_type,sum,22984961.0
77aaaf9e,vasa,DMSO,27,granule,10347,rna_type,mean,2221.4130665893495
77aaaf9e,vasa,DMSO,27,granule,10347,rna_type,median,1802.0
77aaaf9e,vasa,DMSO,27,cell,144437,granule,sum,267898734.0
77aaaf9e,vasa,DMSO,27,cell,144437,granule,mean,1854.7791355400625
77aaaf9e,vasa,DMSO,27,cell,144437,granule,median,1168.0
77aaaf9e,vasa,DMSO,27,cell,144437,pla,sum,215527877.0
77aaaf9e,vasa,DMSO,27,cell,144437,pla,mean,1492.1929768688078
77aaaf9e,vasa,DMSO,27,cell,144437,pla,median,1348.0
77aaaf9e,vasa,DMSO,27,cell,144437,rna_type,sum,174441318.0
77aaaf9e,vasa,DMSO,27,cell,144437,rna_type,mean,1207.7329077729391
77aaaf9e,vasa,DMSO,27,cell,144437,rna_type,median,944.0
77aaaf9e,vasa,DMSO,27,granule_periphery,20879,granule,sum,62122174.0
77aaaf9e,vasa,DMSO,27,granule_periphery,20879,granule,mean,2975.3424014560082
77aaaf9e,vasa,DMSO,27,granule_periphery,20879,granule,median,2680.0
77aaaf9e,vasa,DMSO,27,granule_periphery,20879,pla,sum,36646687.0
77aaaf9e,vasa,DMSO,27,granule_periphery,20879,pla,mean,1755.1935916471095
77aaaf9e,vasa,DMSO,27,granule_periphery,20879,pla,median,1585.0
77aaaf9e,vasa,DMSO,27,granule_periphery,20879,rna_type,sum,36127913.0
77aaaf9e,vasa,DMSO,27,granule_periphery,20879,rna_type,mean,1730.3469035873366
77aaaf9e,vasa,DMSO,27,granule_periphery,20879,rna_type,median,1382.0
77aaaf9e,vasa,DMSO,27,pseudo_nucleus,40596,granule,sum,132983495.0
77aaaf9e,vasa,DMSO,27,pseudo_nucleus,40596,granule,mean,3275.7782786481425
77aaaf9e,vasa,DMSO,27,pseudo_nucleus,40596,granule,median,2524.0
77aaaf9e,vasa,DMSO,27,pseudo_nucleus,40596,pla,sum,65592165.0
77aaaf9e,vasa,DMSO,27,pseudo_nucleus,40596,pla,mean,1615.7297516996748
77aaaf9e,vasa,DMSO,27,pseudo_nucleus,40596,pla,median,1477.0
77aaaf9e,vasa,DMSO,27,pseudo_nucleus,40596,rna_type,sum,60274893.0
77aaaf9e,vasa,DMSO,27,pseudo_nucleus,40596,rna_type,mean,1484.7495566065622
77aaaf9e,vasa,DMSO,27,pseudo_nucleus,40596,rna_type,median,1254.0
77aaaf9e,vasa,DMSO,27,cytoplasm,92409,granule,sum,89444206.0
77aaaf9e,vasa,DMSO,27,cytoplasm,92409,granule,mean,967.9166098540186
77aaaf9e,vasa,DMSO,27,cytoplasm,92409,granule,median,770.0
77aaaf9e,vasa,DMSO,27,cytoplasm,92409,pla,sum,127131039.0
77aaaf9e,vasa,DMSO,27,cytoplasm,92409,pla,mean,1375.7430445086518
77aaaf9e,vasa,DMSO,27,cytoplasm,92409,pla,median,1248.0
77aaaf9e,vasa,DMSO,27,cytoplasm,92409,rna_type,sum,88339472.0
77aaaf9e,vasa,DMSO,27,cytoplasm,92409,rna_type,mean,955.9617786146371
77aaaf9e,vasa,DMSO,27,cytoplasm,92409,rna_type,median,775.0
77aaaf9e,vasa,DMSO,27,nucleo_cytoplasm,113211,granule,sum,131077259.0
77aaaf9e,vasa,DMSO,27,nucleo_cytoplasm,113211,granule,mean,1157.8138078455274
77aaaf9e,vasa,DMSO,27,nucleo_cytoplasm,113211,granule,median,900.0
77aaaf9e,vasa,DMSO,27,nucleo_cytoplasm,113211,pla,sum,158955744.0
77aaaf9e,vasa,DMSO,27,nucleo_cytoplasm,113211,pla,mean,1404.0662479794366
77aaaf9e,vasa,DMSO,27,nucleo_cytoplasm,113211,pla,median,1278.0
77aaaf9e,vasa,DMSO,27,nucleo_cytoplasm,113211,rna_type,sum,115328444.0
77aaaf9e,vasa,DMSO,27,nucleo_cytoplasm,113211,rna_type,mean,1018.7035182093613
77aaaf9e,vasa,DMSO,27,nucleo_cytoplasm,113211,rna_type,median,833.0
c82a642a,vasa,DMSO,24,granule,5605,granule,sum,78590750.0
c82a642a,vasa,DMSO,24,granule,5605,granule,mean,14021.543264942016
c82a642a,vasa,DMSO,24,granule,5605,granule,median,12508.0
c82a642a,vasa,DMSO,24,granule,5605,pla,sum,10544380.0
c82a642a,vasa,DMSO,24,granule,5605,pla,mean,1881.2453166815344
c82a642a,vasa,DMSO,24,granule,5605,pla,median,1731.0
c82a642a,vasa,DMSO,24,granule,5605,rna_type,sum,11231041.0
c82a642a,vasa,DMSO,24,granule,5605,rna_type,mean,2003.7539696699375
c82a642a,vasa,DMSO,24,granule,5605,rna_type,median,1805.0
c82a642a,vasa,DMSO,24,cell,81771,granule,sum,236591958.0
c82a642a,vasa,DMSO,24,cell,81771,granule,mean,2893.347984004109
c82a642a,vasa,DMSO,24,cell,81771,granule,median,1808.0
c82a642a,vasa,DMSO,24,cell,81771,pla,sum,131035914.0
c82a642a,vasa,DMSO,24,cell,81771,pla,mean,1602.4741534284772
c82a642a,vasa,DMSO,24,cell,81771,pla,median,1463.0
c82a642a,vasa,DMSO,24,cell,81771,rna_type,sum,138337151.0
c82a642a,vasa,DMSO,24,cell,81771,rna_type,mean,1691.7629844321336
c82a642a,vasa,DMSO,24,cell,81771,rna_type,median,1483.0
c82a642a,vasa,DMSO,24,granule_periphery,12213,granule,sum,48895093.0
c82a642a,vasa,DMSO,24,granule_periphery,12213,granule,mean,4003.5284532874807
c82a642a,vasa,DMSO,24,granule_periphery,12213,granule,median,3676.0
c82a642a,vasa,DMSO,24,granule_periphery,12213,pla,sum,20740248.0
c82a642a,vasa,DMSO,24,granule_periphery,12213,pla,mean,1698.210759027266
c82a642a,vasa,DMSO,24,granule_periphery,12213,pla,median,1562.0
c82a642a,vasa,DMSO,24,granule_periphery,12213,rna_type,sum,22442268.0
c82a642a,vasa,DMSO,24,granule_periphery,12213,rna_type,mean,1837.572095308278
c82a642a,vasa,DMSO,24,granule_periphery,12213,rna_type,median,1645.0
c82a642a,vasa,DMSO,24,pseudo_nucleus,22548,granule,sum,92671465.0
c82a642a,vasa,DMSO,24,pseudo_nucleus,22548,granule,mean,4109.963854887352
c82a642a,vasa,DMSO,24,pseudo_nucleus,22548,granule,median,2776.0
c82a642a,vasa,DMSO,24,pseudo_nucleus,22548,pla,sum,35268208.0
c82a642a,vasa,DMSO,24,pseudo_nucleus,22548,pla,mean,1564.139081071492
c82a642a,vasa,DMSO,24,pseudo_nucleus,22548,pla,median,1437.0
c82a642a,vasa,DMSO,24,pseudo_nucleus,22548,rna_type,sum,31760726.0
c82a642a,vasa,DMSO,24,pseudo_nucleus,22548,rna_type,mean,1408.5828454851871
c82a642a,vasa,DMSO,24,pseudo_nucleus,22548,rna_type,median,1223.0
c82a642a,vasa,DMSO,24,cytoplasm,49429,granule,sum,74700770.0
c82a642a,vasa,DMSO,24,cytoplasm,49429,granule,mean,1511.2741508021606
c82a642a,vasa,DMSO,24,cytoplasm,49429,granule,median,1313.0
c82a642a,vasa,DMSO,24,cytoplasm,49429,pla,sum,77995153.0
c82a642a,vasa,DMSO,24,cytoplasm,49429,pla,mean,1577.9229399745088
c82a642a,vasa,DMSO,24,cytoplasm,49429,pla,median,1438.0
c82a642a,vasa,DMSO,24,cytoplasm,49429,rna_type,sum,86767412.0
c82a642a,vasa,DMSO,24,cytoplasm,49429,rna_type,mean,1755.3948491776082
c82a642a,vasa,DMSO,24,cytoplasm,49429,rna_type,median,1542.0
c82a642a,vasa,DMSO,24,nucleo_cytoplasm,63953,granule,sum,109106115.0
c82a642a,vasa,DMSO,24,nucleo_cytoplasm,63953,granule,mean,1706.0359170015481
c82a642a,vasa,DMSO,24,nucleo_cytoplasm,63953,granule,median,1469.0
c82a642a,vasa,DMSO,24,nucleo_cytoplasm,63953,pla,sum,99751286.0
c82a642a,vasa,DMSO,24,nucleo_cytoplasm,63953,pla,mean,1559.759291980048
c82a642a,vasa,DMSO,24,nucleo_cytoplasm,63953,pla,median,1424.0
c82a642a,vasa,DMSO,24,nucleo_cytoplasm,63953,rna_type,sum,104663842.0
c82a642a,vasa,DMSO,24,nucleo_cytoplasm,63953,rna_type,mean,1636.5743905680733
c82a642a,vasa,DMSO,24,nucleo_cytoplasm,63953,rna_type,median,1427.0
00eea68b,actin,CHX,14,granule,3201,granule,sum,22180970.0
00eea68b,actin,CHX,14,granule,3201,granule,mean,6929.387691346455
00eea68b,actin,CHX,14,granule,3201,granule,median,6445.0
00eea68b,actin,CHX,14,granule,3201,pla,sum,5280757.0
00eea68b,actin,CHX,14,granule,3201,pla,mean,1649.7210246797877
00eea68b,actin,CHX,14,granule,3201,pla,median,1498.0
00eea68b,actin,CHX,14,granule,3201,rna_type,sum,5884587.0
00eea68b,actin,CHX,14,granule,3201,rna_type,mean,1838.3589503280225
00eea68b,actin,CHX,14,granule,3201,rna_type,median,1627.0
00eea68b,actin,CHX,14,cell,81175,granule,sum,119224969.0
00eea68b,actin,CHX,14,cell,81175,granule,mean,1468.739993840468
00eea68b,actin,CHX,14,cell,81175,granule,median,993.0
00eea68b,actin,CHX,14,cell,81175,pla,sum,128224732.0
00eea68b,actin,CHX,14,cell,81175,pla,mean,1579.6086479827534
00eea68b,actin,CHX,14,cell,81175,pla,median,1418.0
00eea68b,actin,CHX,14,cell,81175,rna_type,sum,134656413.0
00eea68b,actin,CHX,14,cell,81175,rna_type,mean,1658.840936248845
00eea68b,actin,CHX,14,cell,81175,rna_type,median,1440.0
00eea68b,actin,CHX,14,granule_periphery,11186,granule,sum,28398847.0
00eea68b,actin,CHX,14,granule_periphery,11186,granule,mean,2538.784820311103
00eea68b,actin,CHX,14,granule_periphery,11186,granule,median,2284.5
00eea68b,actin,CHX,14,granule_periphery,11186,pla,sum,18166373.0
00eea68b,actin,CHX,14,granule_periphery,11186,pla,mean,1624.0276238154836
00eea68b,actin,CHX,14,granule_periphery,11186,pla,median,1455.0
00eea68b,actin,CHX,14,granule_periphery,11186,rna_type,sum,19488014.0
00eea68b,actin,CHX,14,granule_periphery,11186,rna_type,mean,1742.1789737171464
00eea68b,actin,CHX,14,granule_periphery,11186,rna_type,median,1523.5
00eea68b,actin,CHX,14,pseudo_nucleus,19937,granule,sum,46597830.0
00eea68b,actin,CHX,14,pseudo_nucleus,19937,granule,mean,2337.253849626323
00eea68b,actin,CHX,14,pseudo_nucleus,19937,granule,median,1762.0
00eea68b,actin,CHX,14,pseudo_nucleus,19937,pla,sum,31578951.0
00eea68b,actin,CHX,14,pseudo_nucleus,19937,pla,mean,1583.9369513969002
00eea68b,actin,CHX,14,pseudo_nucleus,19937,pla,median,1417.0
00eea68b,actin,CHX,14,pseudo_nucleus,19937,rna_type,sum,33533209.0
00eea68b,actin,CHX,14,pseudo_nucleus,19937,rna_type,mean,1681.9586196519035
00eea68b,actin,CHX,14,pseudo_nucleus,19937,rna_type,median,1473.0
00eea68b,actin,CHX,14,cytoplasm,53624,granule,sum,47994899.0
00eea68b,actin,CHX,14,cytoplasm,53624,granule,mean,895.026462031926
00eea68b,actin,CHX,14,cytoplasm,53624,granule,median,723.0
00eea68b,actin,CHX,14,cytoplasm,53624,pla,sum,84144034.0
00eea68b,actin,CHX,14,cytoplasm,53624,pla,mean,1569.148776667164
00eea68b,actin,CHX,14,cytoplasm,53624,pla,median,1411.0
00eea68b,actin,CHX,14,cytoplasm,53624,rna_type,sum,87965326.0
00eea68b,actin,CHX,14,cytoplasm,53624,rna_type,mean,1640.4096300164106
00eea68b,actin,CHX,14,cytoplasm,53624,rna_type,median,1421.0
00eea68b,actin,CHX,14,nucleo_cytoplasm,66788,granule,sum,68645152.0
00eea68b,actin,CHX,14,nucleo_cytoplasm,66788,granule,mean,1027.80667185722
00eea68b,actin,CHX,14,nucleo_cytoplasm,66788,granule,median,823.0
00eea68b,actin,CHX,14,nucleo_cytoplasm,66788,pla,sum,104777602.0
00eea68b,actin,CHX,14,nucleo_cytoplasm,66788,pla,mean,1568.8087979876625
00eea68b,actin,CHX,14,nucleo_cytoplasm,66788,pla,median,1408.0
00eea68b,actin,CHX,14,nucleo_cytoplasm,66788,rna_type,sum,109283812.0
00eea68b,actin,CHX,14,nucleo_cytoplasm,66788,rna_type,mean,1636.279151943463
00eea68b,actin,CHX,14,nucleo_cytoplasm,66788,rna_type,median,1418.0
6384b9d0,vasa,DMSO,18,granule,8917,granule,sum,144267299.0
6384b9d0,vasa,DMSO,18,granule,8917,granule,mean,16178.905349332736
6384b9d0,vasa,DMSO,18,granule,8917,granule,median,16491.0
6384b9d0,vasa,DMSO,18,granule,8917,pla,sum,23768094.0
6384b9d0,vasa,DMSO,18,granule,8917,pla,mean,2665.4809913648087
6384b9d0,vasa,DMSO,18,granule,8917,pla,median,2327.0
6384b9d0,vasa,DMSO,18,granule,8917,rna_type,sum,53750717.0
6384b9d0,vasa,DMSO,18,granule,8917,rna_type,mean,6027.892452618594
6384b9d0,vasa,DMSO,18,granule,8917,rna_type,median,5244.0
6384b9d0,vasa,DMSO,18,cell,125992,granule,sum,301853649.0
6384b9d0,vasa,DMSO,18,cell,125992,granule,mean,2395.81599625373
6384b9d0,vasa,DMSO,18,cell,125992,granule,median,1149.0
6384b9d0,vasa,DMSO,18,cell,125992,pla,sum,235782694.0
6384b9d0,vasa,DMSO,18,cell,125992,pla,mean,1871.4100419074227
6384b9d0,vasa,DMSO,18,cell,125992,pla,median,1653.0
6384b9d0,vasa,DMSO,18,cell,125992,rna_type,sum,473488284.0
6384b9d0,vasa,DMSO,18,cell,125992,rna_type,mean,3758.0821321988697
6384b9d0,vasa,DMSO,18,cell,125992,rna_type,median,3044.0
6384b9d0,vasa,DMSO,18,granule_periphery,11372,granule,sum,33752338.0
6384b9d0,vasa,DMSO,18,granule_periphery,11372,granule,mean,2968.0212803376717
6384b9d0,vasa,DMSO,18,granule_periphery,11372,granule,median,2491.0
6384b9d0,vasa,DMSO,18,granule_periphery,11372,pla,sum,24491299.0
6384b9d0,vasa,DMSO,18,granule_periphery,11372,pla,mean,2153.6492261695394
6384b9d0,vasa,DMSO,18,granule_periphery,11372,pla,median,1901.0
6384b9d0,vasa,DMSO,18,granule_periphery,11372,rna_type,sum,57366654.0
6384b9d0,vasa,DMSO,18,granule_periphery,11372,rna_type,mean,5044.552761167781
6384b9d0,vasa,DMSO,18,granule_periphery,11372,rna_type,median,4035.5
6384b9d0,vasa,DMSO,18,pseudo_nucleus,29441,granule,sum,89424711.0
6384b9d0,vasa,DMSO,18,pseudo_nucleus,29441,granule,mean,3037.420977548317
6384b9d0,vasa,DMSO,18,pseudo_nucleus,29441,granule,median,1416.0
6384b9d0,vasa,DMSO,18,pseudo_nucleus,29441,pla,sum,55008419.0
6384b9d0,vasa,DMSO,18,pseudo_nucleus,29441,pla,mean,1868.4290275466187
6384b9d0,vasa,DMSO,18,pseudo_nucleus,29441,pla,median,1659.0
6384b9d0,vasa,DMSO,18,pseudo_nucleus,29441,rna_type,sum,97826311.0
6384b9d0,vasa,DMSO,18,pseudo_nucleus,29441,rna_type,mean,3322.791719031283
6384b9d0,vasa,DMSO,18,pseudo_nucleus,29441,rna_type,median,2708.0
6384b9d0,vasa,DMSO,18,cytoplasm,84014,granule,sum,95496105.0
6384b9d0,vasa,DMSO,18,cytoplasm,84014,granule,mean,1136.6689480324708
6384b9d0,vasa,DMSO,18,cytoplasm,84014,granule,median,940.0
6384b9d0,vasa,DMSO,18,cytoplasm,84014,pla,sum,151149829.0
6384b9d0,vasa,DMSO,18,cytoplasm,84014,pla,mean,1799.102875711191
6384b9d0,vasa,DMSO,18,cytoplasm,84014,pla,median,1592.0
6384b9d0,vasa,DMSO,18,cytoplasm,84014,rna_type,sum,305958957.0
6384b9d0,vasa,DMSO,18,cytoplasm,84014,rna_type,mean,3641.7615754517105
6384b9d0,vasa,DMSO,18,cytoplasm,84014,rna_type,median,2990.5
6384b9d0,vasa,DMSO,18,nucleo_cytoplasm,105703,granule,sum,123834012.0
6384b9d0,vasa,DMSO,18,nucleo_cytoplasm,105703,granule,mean,1171.5278847336406
6384b9d0,vasa,DMSO,18,nucleo_cytoplasm,105703,granule,median,975.0
6384b9d0,vasa,DMSO,18,nucleo_cytoplasm,105703,pla,sum,187523301.0
6384b9d0,vasa,DMSO,18,nucleo_cytoplasm,105703,pla,mean,1774.0584562405986
6384b9d0,vasa,DMSO,18,nucleo_cytoplasm,105703,pla,median,1582.0
6384b9d0,vasa,DMSO,18,nucleo_cytoplasm,105703,rna_type,sum,362370913.0
6384b9d0,vasa,DMSO,18,nucleo_cytoplasm,105703,rna_type,mean,3428.198944211612
6384b9d0,vasa,DMSO,18,nucleo_cytoplasm,105703,rna_type,median,2834.0
b8a79390,actin,CHX,6,granule,6109,granule,sum,139051226.0
b8a79390,actin,CHX,6,granule,6109,granule,mean,22761.700114585037
b8a79390,actin,CHX,6,granule,6109,granule,median,22019.0
b8a79390,actin,CHX,6,granule,6109,pla,sum,13796569.0
b8a79390,actin,CHX,6,granule,6109,pla,mean,2258.400556555901
b8a79390,actin,CHX,6,granule,6109,pla,median,2100.0
b8a79390,actin,CHX,6,granule,6109,rna_type,sum,13071183.0
b8a79390,actin,CHX,6,granule,6109,rna_type,mean,2139.660009821575
b8a79390,actin,CHX,6,granule,6109,rna_type,median,1925.0
b8a79390,actin,CHX,6,cell,127554,granule,sum,414383969.0
b8a79390,actin,CHX,6,cell,127554,granule,mean,3248.6944274581747
b8a79390,actin,CHX,6,cell,127554,granule,median,1777.0
b8a79390,actin,CHX,6,cell,127554,pla,sum,270377223.0
b8a79390,actin,CHX,6,cell,127554,pla,mean,2119.707911943177
b8a79390,actin,CHX,6,cell,127554,pla,median,1956.0
b8a79390,actin,CHX,6,cell,127554,rna_type,sum,232702442.0
b8a79390,actin,CHX,6,cell,127554,rna_type,mean,1824.3445285918121
b8a79390,actin,CHX,6,cell,127554,rna_type,median,1598.0
b8a79390,actin,CHX,6,granule_periphery,10292,granule,sum,71411276.0
b8a79390,actin,CHX,6,granule_periphery,10292,granule,mean,6938.522736105713
b8a79390,actin,CHX,6,granule_periphery,10292,granule,median,6260.5
b8a79390,actin,CHX,6,granule_periphery,10292,pla,sum,22485538.0
b8a79390,actin,CHX,6,granule_periphery,10292,pla,mean,2184.7588418188884
b8a79390,actin,CHX,6,granule_periphery,10292,pla,median,2046.0
b8a79390,actin,CHX,6,granule_periphery,10292,rna_type,sum,20416402.0
b8a79390,actin,CHX,6,granule_periphery,10292,rna_type,mean,1983.7157015157404
b8a79390,actin,CHX,6,granule_periphery,10292,rna_type,median,1773.0
b8a79390,actin,CHX,6,pseudo_nucleus,16220,granule,sum,132203878.0
b8a79390,actin,CHX,6,pseudo_nucleus,16220,granule,mean,8150.67065351418
b8a79390,actin,CHX,6,pseudo_nucleus,16220,granule,median,4343.5
b8a79390,actin,CHX,6,pseudo_nucleus,16220,pla,sum,33734526.0
b8a79390,actin,CHX,6,pseudo_nucleus,16220,pla,mean,2079.810480887793
b8a79390,actin,CHX,6,pseudo_nucleus,16220,pla,median,1933.0
b8a79390,actin,CHX,6,pseudo_nucleus,16220,rna_type,sum,30407262.0
b8a79390,actin,CHX,6,pseudo_nucleus,16220,rna_type,mean,1874.677065351418
b8a79390,actin,CHX,6,pseudo_nucleus,16220,rna_type,median,1674.0
b8a79390,actin,CHX,6,cytoplasm,102550,granule,sum,177692541.0
b8a79390,actin,CHX,6,cytoplasm,102550,granule,mean,1732.7405265724037
b8a79390,actin,CHX,6,cytoplasm,102550,granule,median,1484.0
b8a79390,actin,CHX,6,cytoplasm,102550,pla,sum,217058595.0
b8a79390,actin,CHX,6,cytoplasm,102550,pla,mean,2116.612335446124
b8a79390,actin,CHX,6,cytoplasm,102550,pla,median,1950.0
b8a79390,actin,CHX,6,cytoplasm,102550,rna_type,sum,184265722.0
b8a79390,actin,CHX,6,cytoplasm,102550,rna_type,mean,1796.837854705022
b8a79390,actin,CHX,6,cytoplasm,102550,rna_type,median,1569.0
b8a79390,actin,CHX,6,nucleo_cytoplasm,111153,granule,sum,203921467.0
b8a79390,actin,CHX,6,nucleo_cytoplasm,111153,granule,mean,1834.6015582125538
b8a79390,actin,CHX,6,nucleo_cytoplasm,111153,granule,median,1564.0
b8a79390,actin,CHX,6,nucleo_cytoplasm,111153,pla,sum,234095116.0
b8a79390,actin,CHX,6,nucleo_cytoplasm,111153,pla,mean,2106.0620586039063
b8a79390,actin,CHX,6,nucleo_cytoplasm,111153,pla,median,1941.0
b8a79390,actin,CHX,6,nucleo_cytoplasm,111153,rna_type,sum,199214857.0
b8a79390,actin,CHX,6,nucleo_cytoplasm,111153,rna_type,mean,1792.2580317220409
b8a79390,actin,CHX,6,nucleo_cytoplasm,111153,rna_type,median,1567.0
667053d3,actin,CHX,10,granule,3240,granule,sum,43975446.0
667053d3,actin,CHX,10,granule,3240,granule,mean,13572.668518518518
667053d3,actin,CHX,10,granule,3240,granule,median,11761.0
667053d3,actin,CHX,10,granule,3240,pla,sum,5778865.0
667053d3,actin,CHX,10,granule,3240,pla,mean,1783.6003086419753
667053d3,actin,CHX,10,granule,3240,pla,median,1634.0
667053d3,actin,CHX,10,granule,3240,rna_type,sum,5465184.0
667053d3,actin,CHX,10,granule,3240,rna_type,mean,1686.7851851851851
667053d3,actin,CHX,10,granule,3240,rna_type,median,1435.5
667053d3,actin,CHX,10,cell,95828,granule,sum,221247578.0
667053d3,actin,CHX,10,cell,95828,granule,mean,2308.798868806612
667053d3,actin,CHX,10,cell,95828,granule,median,1607.0
667053d3,actin,CHX,10,cell,95828,pla,sum,163815689.0
667053d3,actin,CHX,10,cell,95828,pla,mean,1709.4762386776308
667053d3,actin,CHX,10,cell,95828,pla,median,1549.0
667053d3,actin,CHX,10,cell,95828,rna_type,sum,146686569.0
667053d3,actin,CHX,10,cell,95828,rna_type,mean,1530.7276474516843
667053d3,actin,CHX,10,cell,95828,rna_type,median,1310.0
667053d3,actin,CHX,10,granule_periphery,10061,granule,sum,39976128.0
667053d3,actin,CHX,10,granule_periphery,10061,granule,mean,3973.375211211609
667053d3,actin,CHX,10,granule_periphery,10061,granule,median,3673.0
667053d3,actin,CHX,10,granule_periphery,10061,pla,sum,17710336.0
667053d3,actin,CHX,10,granule_periphery,10061,pla,mean,1760.295795646556
667053d3,actin,CHX,10,granule_periphery,10061,pla,median,1602.0
667053d3,actin,CHX,10,granule_periphery,10061,rna_type,sum,15436512.0
667053d3,actin,CHX,10,granule_periphery,10061,rna_type,mean,1534.2920186860154
667053d3,actin,CHX,10,granule_periphery,10061,rna_type,median,1325.0
667053d3,actin,CHX,10,pseudo_nucleus,20456,granule,sum,73017380.0
667053d3,actin,CHX,10,pseudo_nucleus,20456,granule,mean,3569.4847477512712
667053d3,actin,CHX,10,pseudo_nucleus,20456,granule,median,2706.5
667053d3,actin,CHX,10,pseudo_nucleus,20456,pla,sum,33666530.0
667053d3,actin,CHX,10,pseudo_nucleus,20456,pla,mean,1645.8022096206491
667053d3,actin,CHX,10,pseudo_nucleus,20456,pla,median,1486.5
667053d3,actin,CHX,10,pseudo_nucleus,20456,rna_type,sum,30386904.0
667053d3,actin,CHX,10,pseudo_nucleus,20456,rna_type,mean,1485.476339460305
667053d3,actin,CHX,10,pseudo_nucleus,20456,rna_type,median,1285.0
667053d3,actin,CHX,10,cytoplasm,67877,granule,sum,101265684.0
667053d3,actin,CHX,10,cytoplasm,67877,granule,mean,1491.8998187898699
667053d3,actin,CHX,10,cytoplasm,67877,granule,median,1264.0
667053d3,actin,CHX,10,cytoplasm,67877,pla,sum,116545993.0
667053d3,actin,CHX,10,cytoplasm,67877,pla,mean,1717.0174433165873
667053d3,actin,CHX,10,cytoplasm,67877,pla,median,1557.0
667053d3,actin,CHX,10,cytoplasm,67877,rna_type,sum,104129215.0
667053d3,actin,CHX,10,cytoplasm,67877,rna_type,mean,1534.0868777347262
667053d3,actin,CHX,10,cytoplasm,67877,rna_type,median,1307.0
667053d3,actin,CHX,10,nucleo_cytoplasm,82527,granule,sum,137296004.0
667053d3,actin,CHX,10,nucleo_cytoplasm,82527,granule,mean,1663.6495207629018
667053d3,actin,CHX,10,nucleo_cytoplasm,82527,granule,median,1409.0
667053d3,actin,CHX,10,nucleo_cytoplasm,82527,pla,sum,140326488.0
667053d3,actin,CHX,10,nucleo_cytoplasm,82527,pla,mean,1700.3706423352357
667053d3,actin,CHX,10,nucleo_cytoplasm,82527,pla,median,1540.0
667053d3,actin,CHX,10,nucleo_cytoplasm,82527,rna_type,sum,125784873.0
667053d3,actin,CHX,10,nucleo_cytoplasm,82527,rna_type,mean,1524.1663092078957
667053d3,actin,CHX,10,nucleo_cytoplasm,82527,rna_type,median,1302.0
823d2afc,actin,CHX,21,granule,8897,granule,sum,86650180.0
823d2afc,actin,CHX,21,granule,8897,granule,mean,9739.258176913567
823d2afc,actin,CHX,21,granule,8897,granule,median,9181.0
823d2afc,actin,CHX,21,granule,8897,pla,sum,27829714.0
823d2afc,actin,CHX,21,granule,8897,pla,mean,3127.9885354613916
823d2afc,actin,CHX,21,granule,8897,pla,median,2958.0
823d2afc,actin,CHX,21,granule,8897,rna_type,sum,10782546.0
823d2afc,actin,CHX,21,granule,8897,rna_type,mean,1211.9305383837248
823d2afc,actin,CHX,21,granule,8897,rna_type,median,1018.0
823d2afc,actin,CHX,21,cell,107659,granule,sum,287121720.0
823d2afc,actin,CHX,21,cell,107659,granule,mean,2666.9551082584826
823d2afc,actin,CHX,21,cell,107659,granule,median,1808.0
823d2afc,actin,CHX,21,cell,107659,pla,sum,323091784.0
823d2afc,actin,CHX,21,cell,107659,pla,mean,3001.06618118318
823d2afc,actin,CHX,21,cell,107659,pla,median,2835.0
823d2afc,actin,CHX,21,cell,107659,rna_type,sum,115671307.0
823d2afc,actin,CHX,21,cell,107659,rna_type,mean,1074.4230115457137
823d2afc,actin,CHX,21,cell,107659,rna_type,median,880.0
823d2afc,actin,CHX,21,granule_periphery,13864,granule,sum,54594766.0
823d2afc,actin,CHX,21,granule_periphery,13864,granule,mean,3937.879832660127
823d2afc,actin,CHX,21,granule_periphery,13864,granule,median,3678.0
823d2afc,actin,CHX,21,granule_periphery,13864,pla,sum,43337391.0
823d2afc,actin,CHX,21,granule_periphery,13864,pla,mean,3125.8937536064627
823d2afc,actin,CHX,21,granule_periphery,13864,pla,median,2987.0
823d2afc,actin,CHX,21,granule_periphery,13864,rna_type,sum,15542030.0
823d2afc,actin,CHX,21,granule_periphery,13864,rna_type,mean,1121.0350548182344
823d2afc,actin,CHX,21,granule_periphery,13864,rna_type,median,942.0
823d2afc,actin,CHX,21,pseudo_nucleus,29476,granule,sum,110273299.0
823d2afc,actin,CHX,21,pseudo_nucleus,29476,granule,mean,3741.121556520559
823d2afc,actin,CHX,21,pseudo_nucleus,29476,granule,median,2949.0
823d2afc,actin,CHX,21,pseudo_nucleus,29476,pla,sum,95760593.0
823d2afc,actin,CHX,21,pseudo_nucleus,29476,pla,mean,3248.76485954675
823d2afc,actin,CHX,21,pseudo_nucleus,29476,pla,median,3098.0
823d2afc,actin,CHX,21,pseudo_nucleus,29476,rna_type,sum,31473557.0
823d2afc,actin,CHX,21,pseudo_nucleus,29476,rna_type,mean,1067.7689306554485
823d2afc,actin,CHX,21,pseudo_nucleus,29476,rna_type,median,879.5
823d2afc,actin,CHX,21,cytoplasm,65550,granule,sum,96396187.0
823d2afc,actin,CHX,21,cytoplasm,65550,granule,mean,1470.574935163997
823d2afc,actin,CHX,21,cytoplasm,65550,granule,median,1244.0
823d2afc,actin,CHX,21,cytoplasm,65550,pla,sum,188313561.0
823d2afc,actin,CHX,21,cytoplasm,65550,pla,mean,2872.823203661327
823d2afc,actin,CHX,21,cytoplasm,65550,pla,median,2699.0
823d2afc,actin,CHX,21,cytoplasm,65550,rna_type,sum,69122857.0
823d2afc,actin,CHX,21,cytoplasm,65550,rna_type,mean,1054.5058276125096
823d2afc,actin,CHX,21,cytoplasm,65550,rna_type,median,857.0
823d2afc,actin,CHX,21,nucleo_cytoplasm,84898,granule,sum,145876774.0
823d2afc,actin,CHX,21,nucleo_cytoplasm,84898,granule,mean,1718.2592522792056
823d2afc,actin,CHX,21,nucleo_cytoplasm,84898,granule,median,1455.0
823d2afc,actin,CHX,21,nucleo_cytoplasm,84898,pla,sum,251924679.0
823d2afc,actin,CHX,21,nucleo_cytoplasm,84898,pla,mean,2967.380609672784
823d2afc,actin,CHX,21,nucleo_cytoplasm,84898,pla,median,2799.0
823d2afc,actin,CHX,21,nucleo_cytoplasm,84898,rna_type,sum,89346731.0
823d2afc,actin,CHX,21,nucleo_cytoplasm,84898,rna_type,mean,1052.4008928361093
823d2afc,actin,CHX,21,nucleo_cytoplasm,84898,rna_type,median,856.0
c6834de0,vasa,CHX,20,granule,4405,granule,sum,45669738.0
c6834de0,vasa,CHX,20,granule,4405,granule,mean,10367.70442678774
c6834de0,vasa,CHX,20,granule,4405,granule,median,9627.0
c6834de0,vasa,CHX,20,granule,4405,pla,sum,5937237.0
c6834de0,vasa,CHX,20,granule,4405,pla,mean,1347.8404086265607
c6834de0,vasa,CHX,20,granule,4405,pla,median,1204.0
c6834de0,vasa,CHX,20,granule,4405,rna_type,sum,4610833.0
c6834de0,vasa,CHX,20,granule,4405,rna_type,mean,1046.7271282633371
c6834de0,vasa,CHX,20,granule,4405,rna_type,median,803.0
c6834de0,vasa,CHX,20,cell,105258,granule,sum,209959365.0
c6834de0,vasa,CHX,20,cell,105258,granule,mean,1994.7117083737103
c6834de0,vasa,CHX,20,cell,105258,granule,median,1246.0
c6834de0,vasa,CHX,20,cell,105258,pla,sum,126226311.0
c6834de0,vasa,CHX,20,cell,105258,pla,mean,1199.2087157270707
c6834de0,vasa,CHX,20,cell,105258,pla,median,1072.0
c6834de0,vasa,CHX,20,cell,105258,rna_type,sum,88512546.0
c6834de0,vasa,CHX,20,cell,105258,rna_type,mean,840.9103916091889
c6834de0,vasa,CHX,20,cell,105258,rna_type,median,654.0
c6834de0,vasa,CHX,20,granule_periphery,12880,granule,sum,51090320.0
c6834de0,vasa,CHX,20,granule_periphery,12880,granule,mean,3966.639751552795
c6834de0,vasa,CHX,20,granule_periphery,12880,granule,median,3652.0
c6834de0,vasa,CHX,20,granule_periphery,12880,pla,sum,16259706.0
c6834de0,vasa,CHX,20,granule_periphery,12880,pla,mean,1262.3995341614907
c6834de0,vasa,CHX,20,granule_periphery,12880,pla,median,1139.0
c6834de0,vasa,CHX,20,granule_periphery,12880,rna_type,sum,12001700.0
c6834de0,vasa,CHX,20,granule_periphery,12880,rna_type,mean,931.8090062111801
c6834de0,vasa,CHX,20,granule_periphery,12880,rna_type,median,756.0
c6834de0,vasa,CHX,20,pseudo_nucleus,24072,granule,sum,83531017.0
c6834de0,vasa,CHX,20,pseudo_nucleus,24072,granule,mean,3470.0488949817213
c6834de0,vasa,CHX,20,pseudo_nucleus,24072,granule,median,2670.0
c6834de0,vasa,CHX,20,pseudo_nucleus,24072,pla,sum,27345356.0
c6834de0,vasa,CHX,20,pseudo_nucleus,24072,pla,mean,1135.9818876703223
c6834de0,vasa,CHX,20,pseudo_nucleus,24072,pla,median,1031.0
c6834de0,vasa,CHX,20,pseudo_nucleus,24072,rna_type,sum,17372239.0
c6834de0,vasa,CHX,20,pseudo_nucleus,24072,rna_type,mean,721.6782568959787
c6834de0,vasa,CHX,20,pseudo_nucleus,24072,rna_type,median,574.0
c6834de0,vasa,CHX,20,cytoplasm,71933,granule,sum,76232571.0
c6834de0,vasa,CHX,20,cytoplasm,71933,granule,mean,1059.7718849484938
c6834de0,vasa,CHX,20,cytoplasm,71933,granule,median,857.0
c6834de0,vasa,CHX,20,cytoplasm,71933,pla,sum,86449552.0
c6834de0,vasa,CHX,20,cytoplasm,71933,pla,mean,1201.8065700026414
c6834de0,vasa,CHX,20,cytoplasm,71933,pla,median,1070.0
c6834de0,vasa,CHX,20,cytoplasm,71933,rna_type,sum,61280279.0
c6834de0,vasa,CHX,20,cytoplasm,71933,rna_type,mean,851.9077335854198
c6834de0,vasa,CHX,20,cytoplasm,71933,rna_type,median,658.0
c6834de0,vasa,CHX,20,nucleo_cytoplasm,87973,granule,sum,113199307.0
c6834de0,vasa,CHX,20,nucleo_cytoplasm,87973,granule,mean,1286.7505598308571
c6834de0,vasa,CHX,20,nucleo_cytoplasm,87973,granule,median,1018.0
c6834de0,vasa,CHX,20,nucleo_cytoplasm,87973,pla,sum,104029368.0
c6834de0,vasa,CHX,20,nucleo_cytoplasm,87973,pla,mean,1182.5147261091472
c6834de0,vasa,CHX,20,nucleo_cytoplasm,87973,pla,median,1055.0
c6834de0,vasa,CHX,20,nucleo_cytoplasm,87973,rna_type,sum,71900013.0
c6834de0,vasa,CHX,20,nucleo_cytoplasm,87973,rna_type,mean,817.2963636570312
c6834de0,vasa,CHX,20,nucleo_cytoplasm,87973,rna_type,median,632.0
b6df1eb3,actin,CHX,5,granule,5589,granule,sum,70561992.0
b6df1eb3,actin,CHX,5,granule,5589,granule,mean,12625.155126140633
b6df1eb3,actin,CHX,5,granule,5589,granule,median,11909.0
b6df1eb3,actin,CHX,5,granule,5589,pla,sum,18746065.0
b6df1eb3,actin,CHX,5,granule,5589,pla,mean,3354.1000178922886
b6df1eb3,actin,CHX,5,granule,5589,pla,median,3125.0
b6df1eb3,actin,CHX,5,granule,5589,rna_type,sum,10640287.0
b6df1eb3,actin,CHX,5,granule,5589,rna_type,mean,1903.790839148327
b6df1eb3,actin,CHX,5,granule,5589,rna_type,median,1660.0
b6df1eb3,actin,CHX,5,cell,127588,granule,sum,204885369.0
b6df1eb3,actin,CHX,5,cell,127588,granule,mean,1605.8357290654294
b6df1eb3,actin,CHX,5,cell,127588,granule,median,859.0
b6df1eb3,actin,CHX,5,cell,127588,pla,sum,346132501.0
b6df1eb3,actin,CHX,5,cell,127588,pla,mean,2712.8922861084116
b6df1eb3,actin,CHX,5,cell,127588,pla,median,2483.0
b6df1eb3,actin,CHX,5,cell,127588,rna_type,sum,211853974.0
b6df1eb3,actin,CHX,5,cell,127588,rna_type,mean,1660.4537574066526
b6df1eb3,actin,CHX,5,cell,127588,rna_type,median,1415.0
b6df1eb3,actin,CHX,5,granule_periphery,10754,granule,sum,30632584.0
b6df1eb3,actin,CHX,5,granule_periphery,10754,granule,mean,2848.482797098754
b6df1eb3,actin,CHX,5,granule_periphery,10754,granule,median,2496.0
b6df1eb3,actin,CHX,5,granule_periphery,10754,pla,sum,34843601.0
b6df1eb3,actin,CHX,5,granule_periphery,10754,pla,mean,3240.0596057281014
b6df1eb3,actin,CHX,5,granule_periphery,10754,pla,median,3008.0
b6df1eb3,actin,CHX,5,granule_periphery,10754,rna_type,sum,19761636.0
b6df1eb3,actin,CHX,5,granule_periphery,10754,rna_type,mean,1837.607959828901
b6df1eb3,actin,CHX,5,granule_periphery,10754,rna_type,median,1573.0
b6df1eb3,actin,CHX,5,pseudo_nucleus,19663,granule,sum,82197476.0
b6df1eb3,actin,CHX,5,pseudo_nucleus,19663,granule,mean,4180.312058180339
b6df1eb3,actin,CHX,5,pseudo_nucleus,19663,granule,median,1982.0
b6df1eb3,actin,CHX,5,pseudo_nucleus,19663,pla,sum,74161495.0
b6df1eb3,actin,CHX,5,pseudo_nucleus,19663,pla,mean,3771.626659207649
b6df1eb3,actin,CHX,5,pseudo_nucleus,19663,pla,median,3543.0
b6df1eb3,actin,CHX,5,pseudo_nucleus,19663,rna_type,sum,36271222.0
b6df1eb3,actin,CHX,5,pseudo_nucleus,19663,rna_type,mean,1844.6433402837818
b6df1eb3,actin,CHX,5,pseudo_nucleus,19663,rna_type,median,1608.0
b6df1eb3,actin,CHX,5,cytoplasm,100466,granule,sum,88409673.0
b6df1eb3,actin,CHX,5,cytoplasm,100466,granule,mean,879.9959488782274
b6df1eb3,actin,CHX,5,cytoplasm,100466,granule,median,699.0
b6df1eb3,actin,CHX,5,cytoplasm,100466,pla,sum,250199786.0
b6df1eb3,actin,CHX,5,cytoplasm,100466,pla,mean,2490.3926303426033
b6df1eb3,actin,CHX,5,cytoplasm,100466,pla,median,2297.0
b6df1eb3,actin,CHX,5,cytoplasm,100466,rna_type,sum,161674317.0
b6df1eb3,actin,CHX,5,cytoplasm,100466,rna_type,mean,1609.2440925288158
b6df1eb3,actin,CHX,5,cytoplasm,100466,rna_type,median,1367.0
b6df1eb3,actin,CHX,5,nucleo_cytoplasm,111245,granule,sum,103690793.0
b6df1eb3,actin,CHX,5,nucleo_cytoplasm,111245,granule,mean,932.0939637736527
b6df1eb3,actin,CHX,5,nucleo_cytoplasm,111245,granule,median,739.0
b6df1eb3,actin,CHX,5,nucleo_cytoplasm,111245,pla,sum,292542835.0
b6df1eb3,actin,CHX,5,nucleo_cytoplasm,111245,pla,mean,2629.7167063688257
b6df1eb3,actin,CHX,5,nucleo_cytoplasm,111245,pla,median,2404.0
b6df1eb3,actin,CHX,5,nucleo_cytoplasm,111245,rna_type,sum,181452051.0
b6df1eb3,actin,CHX,5,nucleo_cytoplasm,111245,rna_type,mean,1631.1029799092094
b6df1eb3,actin,CHX,5,nucleo_cytoplasm,111245,rna_type,median,1390.0
b6575ed5,vasa,PatA,26,granule,6586,granule,sum,85471770.0
b6575ed5,vasa,PatA,26,granule,6586,granule,mean,12977.796841785606
b6575ed5,vasa,PatA,26,granule,6586,granule,median,11453.5
b6575ed5,vasa,PatA,26,granule,6586,pla,sum,5758291.0
b6575ed5,vasa,PatA,26,granule,6586,pla,mean,874.3229577892499
b6575ed5,vasa,PatA,26,granule,6586,pla,median,742.5
b6575ed5,vasa,PatA,26,granule,6586,rna_type,sum,6882122.0
b6575ed5,vasa,PatA,26,granule,6586,rna_type,mean,1044.9623443668388
b6575ed5,vasa,PatA,26,granule,6586,rna_type,median,831.5
b6575ed5,vasa,PatA,26,cell,101410,granule,sum,268118376.0
b6575ed5,vasa,PatA,26,cell,101410,granule,mean,2643.904703678138
b6575ed5,vasa,PatA,26,cell,101410,granule,median,1485.0
b6575ed5,vasa,PatA,26,cell,101410,pla,sum,74561009.0
b6575ed5,vasa,PatA,26,cell,101410,pla,mean,735.2431614239227
b6575ed5,vasa,PatA,26,cell,101410,pla,median,613.0
b6575ed5,vasa,PatA,26,cell,101410,rna_type,sum,72355742.0
b6575ed5,vasa,PatA,26,cell,101410,rna_type,mean,713.4971107385859
b6575ed5,vasa,PatA,26,cell,101410,rna_type,median,512.0
b6575ed5,vasa,PatA,26,granule_periphery,13850,granule,sum,59165244.0
b6575ed5,vasa,PatA,26,granule_periphery,13850,granule,mean,4271.858772563177
b6575ed5,vasa,PatA,26,granule_periphery,13850,granule,median,3785.0
b6575ed5,vasa,PatA,26,granule_periphery,13850,pla,sum,10993888.0
b6575ed5,vasa,PatA,26,granule_periphery,13850,pla,mean,793.7825270758123
b6575ed5,vasa,PatA,26,granule_periphery,13850,pla,median,649.0
b6575ed5,vasa,PatA,26,granule_periphery,13850,rna_type,sum,11369156.0
b6575ed5,vasa,PatA,26,granule_periphery,13850,rna_type,mean,820.8776895306859
b6575ed5,vasa,PatA,26,granule_periphery,13850,rna_type,median,587.0
b6575ed5,vasa,PatA,26,pseudo_nucleus,24167,granule,sum,105855563.0
b6575ed5,vasa,PatA,26,pseudo_nucleus,24167,granule,mean,4380.169776968593
b6575ed5,vasa,PatA,26,pseudo_nucleus,24167,granule,median,2947.0
b6575ed5,vasa,PatA,26,pseudo_nucleus,24167,pla,sum,17394971.0
b6575ed5,vasa,PatA,26,pseudo_nucleus,24167,pla,mean,719.7819754210286
b6575ed5,vasa,PatA,26,pseudo_nucleus,24167,pla,median,606.0
b6575ed5,vasa,PatA,26,pseudo_nucleus,24167,rna_type,sum,16250282.0
b6575ed5,vasa,PatA,26,pseudo_nucleus,24167,rna_type,mean,672.4161873629329
b6575ed5,vasa,PatA,26,pseudo_nucleus,24167,rna_type,median,524.0
b6575ed5,vasa,PatA,26,cytoplasm,67476,granule,sum,90596201.0
b6575ed5,vasa,PatA,26,cytoplasm,67476,granule,mean,1342.6433250340863
b6575ed5,vasa,PatA,26,cytoplasm,67476,granule,median,1037.0
b6575ed5,vasa,PatA,26,cytoplasm,67476,pla,sum,48539697.0
b6575ed5,vasa,PatA,26,cytoplasm,67476,pla,mean,719.3623955184065
b6575ed5,vasa,PatA,26,cytoplasm,67476,pla,median,602.0
b6575ed5,vasa,PatA,26,cytoplasm,67476,rna_type,sum,45835159.0
b6575ed5,vasa,PatA,26,cytoplasm,67476,rna_type,mean,679.2809146955955
b6575ed5,vasa,PatA,26,cytoplasm,67476,rna_type,median,480.0
b6575ed5,vasa,PatA,26,nucleo_cytoplasm,80974,granule,sum,123481362.0
b6575ed5,vasa,PatA,26,nucleo_cytoplasm,80974,granule,mean,1524.950749623336
b6575ed5,vasa,PatA,26,nucleo_cytoplasm,80974,granule,median,1173.0
b6575ed5,vasa,PatA,26,nucleo_cytoplasm,80974,pla,sum,57808830.0
b6575ed5,vasa,PatA,26,nucleo_cytoplasm,80974,pla,mean,713.9184182577123
b6575ed5,vasa,PatA,26,nucleo_cytoplasm,80974,pla,median,598.0
b6575ed5,vasa,PatA,26,nucleo_cytoplasm,80974,rna_type,sum,54104464.0
b6575ed5,vasa,PatA,26,nucleo_cytoplasm,80974,rna_type,mean,668.1708202632944
b6575ed5,vasa,PatA,26,nucleo_cytoplasm,80974,rna_type,median,479.0
638a8a28,actin,PatA,15,granule,9152,granule,sum,88280562.0
638a8a28,actin,PatA,15,granule,9152,granule,mean,9646.040428321678
638a8a28,actin,PatA,15,granule,9152,granule,median,9133.5
638a8a28,actin,PatA,15,granule,9152,pla,sum,3679993.0
638a8a28,actin,PatA,15,granule,9152,pla,mean,402.09713723776224
638a8a28,actin,PatA,15,granule,9152,pla,median,372.0
638a8a28,actin,PatA,15,granule,9152,rna_type,sum,8266087.0
638a8a28,actin,PatA,15,granule,9152,rna_type,mean,903.2000655594405
638a8a28,actin,PatA,15,granule,9152,rna_type,median,699.5
638a8a28,actin,PatA,15,cell,102939,granule,sum,211779139.0
638a8a28,actin,PatA,15,cell,102939,granule,mean,2057.326562333032
638a8a28,actin,PatA,15,cell,102939,granule,median,1071.0
638a8a28,actin,PatA,15,cell,102939,pla,sum,37450644.0
638a8a28,actin,PatA,15,cell,102939,pla,mean,363.81394806633057
638a8a28,actin,PatA,15,cell,102939,pla,median,332.0
638a8a28,actin,PatA,15,cell,102939,rna_type,sum,77478143.0
638a8a28,actin,PatA,15,cell,102939,rna_type,mean,752.6607311126006
638a8a28,actin,PatA,15,cell,102939,rna_type,median,538.0
638a8a28,actin,PatA,15,granule_periphery,13170,granule,sum,38437487.0
638a8a28,actin,PatA,15,granule_periphery,13170,granule,mean,2918.563933181473
638a8a28,actin,PatA,15,granule_periphery,13170,granule,median,2604.5
638a8a28,actin,PatA,15,granule_periphery,13170,pla,sum,5088522.0
638a8a28,actin,PatA,15,granule_periphery,13170,pla,mean,386.3722095671982
638a8a28,actin,PatA,15,granule_periphery,13170,pla,median,353.0
638a8a28,actin,PatA,15,granule_periphery,13170,rna_type,sum,10181454.0
638a8a28,actin,PatA,15,granule_periphery,13170,rna_type,mean,773.079271070615
638a8a28,actin,PatA,15,granule_periphery,13170,rna_type,median,565.0
638a8a28,actin,PatA,15,pseudo_nucleus,26306,granule,sum,90536973.0
638a8a28,actin,PatA,15,pseudo_nucleus,26306,granule,mean,3441.685280924504
638a8a28,actin,PatA,15,pseudo_nucleus,26306,granule,median,2176.0
638a8a28,actin,PatA,15,pseudo_nucleus,26306,pla,sum,9771881.0
638a8a28,actin,PatA,15,pseudo_nucleus,26306,pla,mean,371.46966471527406
638a8a28,actin,PatA,15,pseudo_nucleus,26306,pla,median,341.0
638a8a28,actin,PatA,15,pseudo_nucleus,26306,rna_type,sum,20029281.0
638a8a28,actin,PatA,15,pseudo_nucleus,26306,rna_type,mean,761.3959172812287
638a8a28,actin,PatA,15,pseudo_nucleus,26306,rna_type,median,551.0
638a8a28,actin,PatA,15,cytoplasm,65552,granule,sum,58874590.0
638a8a28,actin,PatA,15,cytoplasm,65552,granule,mean,898.1356785452771
638a8a28,actin,PatA,15,cytoplasm,65552,granule,median,669.0
638a8a28,actin,PatA,15,cytoplasm,65552,pla,sum,23261948.0
638a8a28,actin,PatA,15,cytoplasm,65552,pla,mean,354.86252135709054
638a8a28,actin,PatA,15,cytoplasm,65552,pla,median,323.0
638a8a28,actin,PatA,15,cytoplasm,65552,rna_type,sum,48191519.0
638a8a28,actin,PatA,15,cytoplasm,65552,rna_type,mean,735.1647394434953
638a8a28,actin,PatA,15,cytoplasm,65552,rna_type,median,519.0
638a8a28,actin,PatA,15,nucleo_cytoplasm,80617,granule,sum,85061090.0
638a8a28,actin,PatA,15,nucleo_cytoplasm,80617,granule,mean,1055.1259659873228
638a8a28,actin,PatA,15,nucleo_cytoplasm,80617,granule,median,796.0
638a8a28,actin,PatA,15,nucleo_cytoplasm,80617,pla,sum,28682129.0
638a8a28,actin,PatA,15,nucleo_cytoplasm,80617,pla,mean,355.78263889750303
638a8a28,actin,PatA,15,nucleo_cytoplasm,80617,pla,median,324.0
638a8a28,actin,PatA,15,nucleo_cytoplasm,80617,rna_type,sum,59030602.0
638a8a28,actin,PatA,15,nucleo_cytoplasm,80617,rna_type,mean,732.2351613183324
638a8a28,actin,PatA,15,nucleo_cytoplasm,80617,rna_type,median,519.0
7c985a07,vasa,PatA,1,granule,5725,granule,sum,34762982.0
7c985a07,vasa,PatA,1,granule,5725,granule,mean,6072.136593886463
7c985a07,vasa,PatA,1,granule,5725,granule,median,5791.0
7c985a07,vasa,PatA,1,granule,5725,pla,sum,7655560.0
7c985a07,vasa,PatA,1,granule,5725,pla,mean,1337.2157205240176
7c985a07,vasa,PatA,1,granule,5725,pla,median,1148.0
7c985a07,vasa,PatA,1,granule,5725,rna_type,sum,14353557.0
7c985a07,vasa,PatA,1,granule,5725,rna_type,mean,2507.1715283842796
7c985a07,vasa,PatA,1,granule,5725,rna_type,median,1920.0
7c985a07,vasa,PatA,1,cell,81923,granule,sum,99590097.0
7c985a07,vasa,PatA,1,cell,81923,granule,mean,1215.6549076571903
7c985a07,vasa,PatA,1,cell,81923,granule,median,683.0
7c985a07,vasa,PatA,1,cell,81923,pla,sum,76941390.0
7c985a07,vasa,PatA,1,cell,81923,pla,mean,939.1915579263455
7c985a07,vasa,PatA,1,cell,81923,pla,median,776.0
7c985a07,vasa,PatA,1,cell,81923,rna_type,sum,86771167.0
7c985a07,vasa,PatA,1,cell,81923,rna_type,mean,1059.1795588540458
7c985a07,vasa,PatA,1,cell,81923,rna_type,median,644.0
7c985a07,vasa,PatA,1,granule_periphery,9630,granule,sum,16474729.0
7c985a07,vasa,PatA,1,granule_periphery,9630,granule,mean,1710.7714434060229
7c985a07,vasa,PatA,1,granule_periphery,9630,granule,median,1437.0
7c985a07,vasa,PatA,1,granule_periphery,9630,pla,sum,12205789.0
7c985a07,vasa,PatA,1,granule_periphery,9630,pla,mean,1267.4754932502597
7c985a07,vasa,PatA,1,granule_periphery,9630,pla,median,987.0
7c985a07,vasa,PatA,1,granule_periphery,9630,rna_type,sum,20012806.0
7c985a07,vasa,PatA,1,granule_periphery,9630,rna_type,mean,2078.1730010384217
7c985a07,vasa,PatA,1,granule_periphery,9630,rna_type,median,1155.5
7c985a07,vasa,PatA,1,pseudo_nucleus,20048,granule,sum,31355304.0
7c985a07,vasa,PatA,1,pseudo_nucleus,20048,granule,mean,1564.011572226656
7c985a07,vasa,PatA,1,pseudo_nucleus,20048,granule,median,994.0
7c985a07,vasa,PatA,1,pseudo_nucleus,20048,pla,sum,18660421.0
7c985a07,vasa,PatA,1,pseudo_nucleus,20048,pla,mean,930.7871608140463
7c985a07,vasa,PatA,1,pseudo_nucleus,20048,pla,median,792.0
7c985a07,vasa,PatA,1,pseudo_nucleus,20048,rna_type,sum,21850126.0
7c985a07,vasa,PatA,1,pseudo_nucleus,20048,rna_type,mean,1089.890562649641
7c985a07,vasa,PatA,1,pseudo_nucleus,20048,rna_type,median,758.0
7c985a07,vasa,PatA,1,cytoplasm,52158,granule,sum,34567988.0
7c985a07,vasa,PatA,1,cytoplasm,52158,granule,mean,662.7552436826566
7c985a07,vasa,PatA,1,cytoplasm,52158,granule,median,474.0
7c985a07,vasa,PatA,1,cytoplasm,52158,pla,sum,44876002.0
7c985a07,vasa,PatA,1,cytoplasm,52158,pla,mean,860.3857893324131
7c985a07,vasa,PatA,1,cytoplasm,52158,pla,median,724.0
7c985a07,vasa,PatA,1,cytoplasm,52158,rna_type,sum,40555738.0
7c985a07,vasa,PatA,1,cytoplasm,52158,rna_type,mean,777.5554660838222
7c985a07,vasa,PatA,1,cytoplasm,52158,rna_type,median,529.0
7c985a07,vasa,PatA,1,nucleo_cytoplasm,66568,granule,sum,48352386.0
7c985a07,vasa,PatA,1,nucleo_cytoplasm,66568,granule,mean,726.3608039899051
7c985a07,vasa,PatA,1,nucleo_cytoplasm,66568,granule,median,541.0
7c985a07,vasa,PatA,1,nucleo_cytoplasm,66568,pla,sum,57080041.0
7c985a07,vasa,PatA,1,nucleo_cytoplasm,66568,pla,mean,857.4696701117654
7c985a07,vasa,PatA,1,nucleo_cytoplasm,66568,pla,median,727.0
7c985a07,vasa,PatA,1,nucleo_cytoplasm,66568,rna_type,sum,52404804.0
7c985a07,vasa,PatA,1,nucleo_cytoplasm,66568,rna_type,mean,787.2371710130994
7c985a07,vasa,PatA,1,nucleo_cytoplasm,66568,rna_type,median,551.0
0520f5e1,actin,DMSO,6,granule,5577,granule,sum,81513224.0
0520f5e1,actin,DMSO,6,granule,5577,granule,mean,14615.962703962705
0520f5e1,actin,DMSO,6,granule,5577,granule,median,13241.0
0520f5e1,actin,DMSO,6,granule,5577,pla,sum,5968421.0
0520f5e1,actin,DMSO,6,granule,5577,pla,mean,1070.1848664156357
0520f5e1,actin,DMSO,6,granule,5577,pla,median,926.0
0520f5e1,actin,DMSO,6,granule,5577,rna_type,sum,7204007.0
0520f5e1,actin,DMSO,6,granule,5577,rna_type,mean,1291.7351622736237
0520f5e1,actin,DMSO,6,granule,5577,rna_type,median,1103.0
0520f5e1,actin,DMSO,6,cell,140193,granule,sum,385564871.0
0520f5e1,actin,DMSO,6,cell,140193,granule,mean,2750.2433859037183
0520f5e1,actin,DMSO,6,cell,140193,granule,median,1806.0
0520f5e1,actin,DMSO,6,cell,140193,pla,sum,136492002.0
0520f5e1,actin,DMSO,6,cell,140193,pla,mean,973.6006933299095
0520f5e1,actin,DMSO,6,cell,140193,pla,median,836.0
0520f5e1,actin,DMSO,6,cell,140193,rna_type,sum,162424392.0
0520f5e1,actin,DMSO,6,cell,140193,rna_type,mean,1158.5770473561447
0520f5e1,actin,DMSO,6,cell,140193,rna_type,median,941.0
0520f5e1,actin,DMSO,6,granule_periphery,16263,granule,sum,87224549.0
0520f5e1,actin,DMSO,6,granule_periphery,16263,granule,mean,5363.373854762344
0520f5e1,actin,DMSO,6,granule_periphery,16263,granule,median,4888.0
0520f5e1,actin,DMSO,6,granule_periphery,16263,pla,sum,16222194.0
0520f5e1,actin,DMSO,6,granule_periphery,16263,pla,mean,997.4908688433868
0520f5e1,actin,DMSO,6,granule_periphery,16263,pla,median,856.0
0520f5e1,actin,DMSO,6,granule_periphery,16263,rna_type,sum,20208648.0
0520f5e1,actin,DMSO,6,granule_periphery,16263,rna_type,mean,1242.615015679764
0520f5e1,actin,DMSO,6,granule_periphery,16263,rna_type,median,1009.0
0520f5e1,actin,DMSO,6,pseudo_nucleus,25846,granule,sum,149933441.0
0520f5e1,actin,DMSO,6,pseudo_nucleus,25846,granule,mean,5801.030759111662
0520f5e1,actin,DMSO,6,pseudo_nucleus,25846,granule,median,4010.0
0520f5e1,actin,DMSO,6,pseudo_nucleus,25846,pla,sum,24485886.0
0520f5e1,actin,DMSO,6,pseudo_nucleus,25846,pla,mean,947.3762284299311
0520f5e1,actin,DMSO,6,pseudo_nucleus,25846,pla,median,807.0
0520f5e1,actin,DMSO,6,pseudo_nucleus,25846,rna_type,sum,30412415.0
0520f5e1,actin,DMSO,6,pseudo_nucleus,25846,rna_type,mean,1176.6778224870386
0520f5e1,actin,DMSO,6,pseudo_nucleus,25846,rna_type,median,964.0
0520f5e1,actin,DMSO,6,cytoplasm,106998,granule,sum,187040723.0
0520f5e1,actin,DMSO,6,cytoplasm,106998,granule,mean,1748.0768145198977
0520f5e1,actin,DMSO,6,cytoplasm,106998,granule,median,1487.0
0520f5e1,actin,DMSO,6,cytoplasm,106998,pla,sum,104325038.0
0520f5e1,actin,DMSO,6,cytoplasm,106998,pla,mean,975.0185797865381
0520f5e1,actin,DMSO,6,cytoplasm,106998,pla,median,838.0
0520f5e1,actin,DMSO,6,cytoplasm,106998,rna_type,sum,122559569.0
0520f5e1,actin,DMSO,6,cytoplasm,106998,rna_type,mean,1145.4379427652852
0520f5e1,actin,DMSO,6,cytoplasm,106998,rna_type,median,927.5
0520f5e1,actin,DMSO,6,nucleo_cytoplasm,118353,granule,sum,216827098.0
0520f5e1,actin,DMSO,6,nucleo_cytoplasm,118353,granule,mean,1832.0371938184921
0520f5e1,actin,DMSO,6,nucleo_cytoplasm,118353,granule,median,1555.0
0520f5e1,actin,DMSO,6,nucleo_cytoplasm,118353,pla,sum,114301387.0
0520f5e1,actin,DMSO,6,nucleo_cytoplasm,118353,pla,mean,965.7667063783765
0520f5e1,actin,DMSO,6,nucleo_cytoplasm,118353,pla,median,829.0
0520f5e1,actin,DMSO,6,nucleo_cytoplasm,118353,rna_type,sum,135011737.0
0520f5e1,actin,DMSO,6,nucleo_cytoplasm,118353,rna_type,mean,1140.7546661259114
0520f5e1,actin,DMSO,6,nucleo_cytoplasm,118353,rna_type,median,924.0
8a3aeba4,actin,PatA,12,granule,3705,granule,sum,13532690.0
8a3aeba4,actin,PatA,12,granule,3705,granule,mean,3652.547908232119
8a3aeba4,actin,PatA,12,granule,3705,granule,median,3343.0
8a3aeba4,actin,PatA,12,granule,3705,pla,sum,1442088.0
8a3aeba4,actin,PatA,12,granule,3705,pla,mean,389.22753036437246
8a3aeba4,actin,PatA,12,granule,3705,pla,median,364.0
8a3aeba4,actin,PatA,12,granule,3705,rna_type,sum,3786314.0
8a3aeba4,actin,PatA,12,granule,3705,rna_type,mean,1021.9470985155195
8a3aeba4,actin,PatA,12,granule,3705,rna_type,median,797.0
8a3aeba4,actin,PatA,12,cell,122704,granule,sum,109007907.0
8a3aeba4,actin,PatA,12,cell,122704,granule,mean,888.3810389229365
8a3aeba4,actin,PatA,12,cell,122704,granule,median,635.0
8a3aeba4,actin,PatA,12,cell,122704,pla,sum,44759992.0
8a3aeba4,actin,PatA,12,cell,122704,pla,mean,364.7802190637632
8a3aeba4,actin,PatA,12,cell,122704,pla,median,334.0
8a3aeba4,actin,PatA,12,cell,122704,rna_type,sum,112570145.0
8a3aeba4,actin,PatA,12,cell,122704,rna_type,mean,917.4121870517669
8a3aeba4,actin,PatA,12,cell,122704,rna_type,median,710.0
8a3aeba4,actin,PatA,12,granule_periphery,9054,granule,sum,13403012.0
8a3aeba4,actin,PatA,12,granule_periphery,9054,granule,mean,1480.3415065164568
8a3aeba4,actin,PatA,12,granule_periphery,9054,granule,median,1258.0
8a3aeba4,actin,PatA,12,granule_periphery,9054,pla,sum,3455076.0
8a3aeba4,actin,PatA,12,granule_periphery,9054,pla,mean,381.60768721007287
8a3aeba4,actin,PatA,12,granule_periphery,9054,pla,median,348.0
8a3aeba4,actin,PatA,12,granule_periphery,9054,rna_type,sum,8796097.0
8a3aeba4,actin,PatA,12,granule_periphery,9054,rna_type,mean,971.5150209852
8a3aeba4,actin,PatA,12,granule_periphery,9054,rna_type,median,769.0
8a3aeba4,actin,PatA,12,pseudo_nucleus,20880,granule,sum,25045684.0
8a3aeba4,actin,PatA,12,pseudo_nucleus,20880,granule,mean,1199.505938697318
8a3aeba4,actin,PatA,12,pseudo_nucleus,20880,granule,median,857.0
8a3aeba4,actin,PatA,12,pseudo_nucleus,20880,pla,sum,7333585.0
8a3aeba4,actin,PatA,12,pseudo_nucleus,20880,pla,mean,351.22533524904213
8a3aeba4,actin,PatA,12,pseudo_nucleus,20880,pla,median,323.0
8a3aeba4,actin,PatA,12,pseudo_nucleus,20880,rna_type,sum,18488560.0
8a3aeba4,actin,PatA,12,pseudo_nucleus,20880,rna_type,mean,885.4674329501916
8a3aeba4,actin,PatA,12,pseudo_nucleus,20880,rna_type,median,687.0
8a3aeba4,actin,PatA,12,cytoplasm,94331,granule,sum,68400171.0
8a3aeba4,actin,PatA,12,cytoplasm,94331,granule,mean,725.1080874791955
8a3aeba4,actin,PatA,12,cytoplasm,94331,granule,median,553.0
8a3aeba4,actin,PatA,12,cytoplasm,94331,pla,sum,34456173.0
8a3aeba4,actin,PatA,12,cytoplasm,94331,pla,mean,365.2688193700904
8a3aeba4,actin,PatA,12,cytoplasm,94331,pla,median,334.0
8a3aeba4,actin,PatA,12,cytoplasm,94331,rna_type,sum,86541225.0
8a3aeba4,actin,PatA,12,cytoplasm,94331,rna_type,mean,917.420837264526
8a3aeba4,actin,PatA,12,cytoplasm,94331,rna_type,median,709.0
8a3aeba4,actin,PatA,12,nucleo_cytoplasm,109945,granule,sum,82072205.0
8a3aeba4,actin,PatA,12,nucleo_cytoplasm,109945,granule,mean,746.4841966437764
8a3aeba4,actin,PatA,12,nucleo_cytoplasm,109945,granule,median,574.0
8a3aeba4,actin,PatA,12,nucleo_cytoplasm,109945,pla,sum,39862828.0
8a3aeba4,actin,PatA,12,nucleo_cytoplasm,109945,pla,mean,362.5706307699304
8a3aeba4,actin,PatA,12,nucleo_cytoplasm,109945,pla,median,332.0
8a3aeba4,actin,PatA,12,nucleo_cytoplasm,109945,rna_type,sum,99987734.0
8a3aeba4,actin,PatA,12,nucleo_cytoplasm,109945,rna_type,mean,909.4341170585293
8a3aeba4,actin,PatA,12,nucleo_cytoplasm,109945,rna_type,median,703.0
79cff3aa,vasa,CHX,17,granule,2479,granule,sum,58060063.0
79cff3aa,vasa,CHX,17,granule,2479,granule,mean,23420.759580476
79cff3aa,vasa,CHX,17,granule,2479,granule,median,20984.0
79cff3aa,vasa,CHX,17,granule,2479,pla,sum,2959007.0
79cff3aa,vasa,CHX,17,granule,2479,pla,mean,1193.6292860024203
79cff3aa,vasa,CHX,17,granule,2479,pla,median,1064.0
79cff3aa,vasa,CHX,17,granule,2479,rna_type,sum,2980120.0
79cff3aa,vasa,CHX,17,granule,2479,rna_type,mean,1202.1460266236386
79cff3aa,vasa,CHX,17,granule,2479,rna_type,median,984.0
79cff3aa,vasa,CHX,17,cell,110000,granule,sum,343177470.0
79cff3aa,vasa,CHX,17,cell,110000,granule,mean,3119.795181818182
79cff3aa,vasa,CHX,17,cell,110000,granule,median,2210.0
79cff3aa,vasa,CHX,17,cell,110000,pla,sum,122163568.0
79cff3aa,vasa,CHX,17,cell,110000,pla,mean,1110.577890909091
79cff3aa,vasa,CHX,17,cell,110000,pla,median,984.0
79cff3aa,vasa,CHX,17,cell,110000,rna_type,sum,113978327.0
79cff3aa,vasa,CHX,17,cell,110000,rna_type,mean,1036.166609090909
79cff3aa,vasa,CHX,17,cell,110000,rna_type,median,847.0
79cff3aa,vasa,CHX,17,granule_periphery,10690,granule,sum,61724945.0
79cff3aa,vasa,CHX,17,granule_periphery,10690,granule,mean,5774.082787652012
79cff3aa,vasa,CHX,17,granule_periphery,10690,granule,median,5161.0
79cff3aa,vasa,CHX,17,granule_periphery,10690,pla,sum,11955638.0
79cff3aa,vasa,CHX,17,granule_periphery,10690,pla,mean,1118.3945743685688
79cff3aa,vasa,CHX,17,granule_periphery,10690,pla,median,983.0
79cff3aa,vasa,CHX,17,granule_periphery,10690,rna_type,sum,11215504.0
79cff3aa,vasa,CHX,17,granule_periphery,10690,rna_type,mean,1049.1584658559402
79cff3aa,vasa,CHX,17,granule_periphery,10690,rna_type,median,872.5
79cff3aa,vasa,CHX,17,pseudo_nucleus,32155,granule,sum,158077890.0
79cff3aa,vasa,CHX,17,pseudo_nucleus,32155,granule,mean,4916.12159850723
79cff3aa,vasa,CHX,17,pseudo_nucleus,32155,granule,median,3354.0
79cff3aa,vasa,CHX,17,pseudo_nucleus,32155,pla,sum,33814479.0
79cff3aa,vasa,CHX,17,pseudo_nucleus,32155,pla,mean,1051.6087389208521
79cff3aa,vasa,CHX,17,pseudo_nucleus,32155,pla,median,925.0
79cff3aa,vasa,CHX,17,pseudo_nucleus,32155,rna_type,sum,30233822.0
79cff3aa,vasa,CHX,17,pseudo_nucleus,32155,rna_type,mean,940.252589021925
79cff3aa,vasa,CHX,17,pseudo_nucleus,32155,rna_type,median,773.0
79cff3aa,vasa,CHX,17,cytoplasm,74020,granule,sum,153573970.0
79cff3aa,vasa,CHX,17,cytoplasm,74020,granule,mean,2074.7631721156445
79cff3aa,vasa,CHX,17,cytoplasm,74020,granule,median,1843.0
79cff3aa,vasa,CHX,17,cytoplasm,74020,pla,sum,83560140.0
79cff3aa,vasa,CHX,17,cytoplasm,74020,pla,mean,1128.885976763037
79cff3aa,vasa,CHX,17,cytoplasm,74020,pla,median,1005.0
79cff3aa,vasa,CHX,17,cytoplasm,74020,rna_type,sum,79159505.0
79cff3aa,vasa,CHX,17,cytoplasm,74020,rna_type,mean,1069.434004323156
79cff3aa,vasa,CHX,17,cytoplasm,74020,rna_type,median,873.0
79cff3aa,vasa,CHX,17,nucleo_cytoplasm,96831,granule,sum,223392462.0
79cff3aa,vasa,CHX,17,nucleo_cytoplasm,96831,granule,mean,2307.034544722248
79cff3aa,vasa,CHX,17,nucleo_cytoplasm,96831,granule,median,2013.0
79cff3aa,vasa,CHX,17,nucleo_cytoplasm,96831,pla,sum,107248923.0
79cff3aa,vasa,CHX,17,nucleo_cytoplasm,96831,pla,mean,1107.5887164234593
79cff3aa,vasa,CHX,17,nucleo_cytoplasm,96831,pla,median,982.0
79cff3aa,vasa,CHX,17,nucleo_cytoplasm,96831,rna_type,sum,99782703.0
79cff3aa,vasa,CHX,17,nucleo_cytoplasm,96831,rna_type,mean,1030.4830374570126
79cff3aa,vasa,CHX,17,nucleo_cytoplasm,96831,rna_type,median,842.0
20c7ece2,vasa,PatA,4,granule,4956,granule,sum,28108872.0
20c7ece2,vasa,PatA,4,granule,4956,granule,mean,5671.6852300242135
20c7ece2,vasa,PatA,4,granule,4956,granule,median,5014.0
20c7ece2,vasa,PatA,4,granule,4956,pla,sum,3827479.0
20c7ece2,vasa,PatA,4,granule,4956,pla,mean,772.291969330105
20c7ece2,vasa,PatA,4,granule,4956,pla,median,650.5
20c7ece2,vasa,PatA,4,granule,4956,rna_type,sum,5232164.0
20c7ece2,vasa,PatA,4,granule,4956,rna_type,mean,1055.723163841808
20c7ece2,vasa,PatA,4,granule,4956,rna_type,median,789.5
20c7ece2,vasa,PatA,4,cell,107316,granule,sum,143644369.0
20c7ece2,vasa,PatA,4,cell,107316,granule,mean,1338.5177326773269
20c7ece2,vasa,PatA,4,cell,107316,granule,median,870.0
20c7ece2,vasa,PatA,4,cell,107316,pla,sum,66831623.0
20c7ece2,vasa,PatA,4,cell,107316,pla,mean,622.7554418726005
20c7ece2,vasa,PatA,4,cell,107316,pla,median,506.0
20c7ece2,vasa,PatA,4,cell,107316,rna_type,sum,63125099.0
20c7ece2,vasa,PatA,4,cell,107316,rna_type,mean,588.2170319430467
20c7ece2,vasa,PatA,4,cell,107316,rna_type,median,404.0
20c7ece2,vasa,PatA,4,granule_periphery,14298,granule,sum,35264264.0
20c7ece2,vasa,PatA,4,granule_periphery,14298,granule,mean,2466.3773954399217
20c7ece2,vasa,PatA,4,granule_periphery,14298,granule,median,2181.0
20c7ece2,vasa,PatA,4,granule_periphery,14298,pla,sum,10086214.0
20c7ece2,vasa,PatA,4,granule_periphery,14298,pla,mean,705.4283116519792
20c7ece2,vasa,PatA,4,granule_periphery,14298,pla,median,586.0
20c7ece2,vasa,PatA,4,granule_periphery,14298,rna_type,sum,12226510.0
20c7ece2,vasa,PatA,4,granule_periphery,14298,rna_type,mean,855.1202965449713
20c7ece2,vasa,PatA,4,granule_periphery,14298,rna_type,median,607.0
20c7ece2,vasa,PatA,4,pseudo_nucleus,26210,granule,sum,58638330.0
20c7ece2,vasa,PatA,4,pseudo_nucleus,26210,granule,mean,2237.2502861503244
20c7ece2,vasa,PatA,4,pseudo_nucleus,26210,granule,median,1738.0
20c7ece2,vasa,PatA,4,pseudo_nucleus,26210,pla,sum,16629393.0
20c7ece2,vasa,PatA,4,pseudo_nucleus,26210,pla,mean,634.4674933231591
20c7ece2,vasa,PatA,4,pseudo_nucleus,26210,pla,median,526.0
20c7ece2,vasa,PatA,4,pseudo_nucleus,26210,rna_type,sum,17810461.0
20c7ece2,vasa,PatA,4,pseudo_nucleus,26210,rna_type,mean,679.5292254864555
20c7ece2,vasa,PatA,4,pseudo_nucleus,26210,rna_type,median,506.0
20c7ece2,vasa,PatA,4,cytoplasm,72514,granule,sum,57430897.0
20c7ece2,vasa,PatA,4,cytoplasm,72514,granule,mean,791.9973660258709
20c7ece2,vasa,PatA,4,cytoplasm,72514,granule,median,612.0
20c7ece2,vasa,PatA,4,cytoplasm,72514,pla,sum,43439821.0
20c7ece2,vasa,PatA,4,cytoplasm,72514,pla,mean,599.0542653832364
20c7ece2,vasa,PatA,4,cytoplasm,72514,pla,median,484.0
20c7ece2,vasa,PatA,4,cytoplasm,72514,rna_type,sum,36612847.0
20c7ece2,vasa,PatA,4,cytoplasm,72514,rna_type,mean,504.9072868687426
20c7ece2,vasa,PatA,4,cytoplasm,72514,rna_type,median,350.0
20c7ece2,vasa,PatA,4,nucleo_cytoplasm,88062,granule,sum,80271233.0
20c7ece2,vasa,PatA,4,nucleo_cytoplasm,88062,granule,mean,911.5308873293816
20c7ece2,vasa,PatA,4,nucleo_cytoplasm,88062,granule,median,703.0
20c7ece2,vasa,PatA,4,nucleo_cytoplasm,88062,pla,sum,52917930.0
20c7ece2,vasa,PatA,4,nucleo_cytoplasm,88062,pla,mean,600.9167404782994
20c7ece2,vasa,PatA,4,nucleo_cytoplasm,88062,pla,median,487.0
20c7ece2,vasa,PatA,4,nucleo_cytoplasm,88062,rna_type,sum,45666425.0
20c7ece2,vasa,PatA,4,nucleo_cytoplasm,88062,rna_type,mean,518.5712906815653
20c7ece2,vasa,PatA,4,nucleo_cytoplasm,88062,rna_type,median,363.0
67f93629,vasa,CHX,15,granule,5552,granule,sum,60533040.0
67f93629,vasa,CHX,15,granule,5552,granule,mean,10902.92507204611
67f93629,vasa,CHX,15,granule,5552,granule,median,9828.5
67f93629,vasa,CHX,15,granule,5552,pla,sum,17478287.0
67f93629,vasa,CHX,15,granule,5552,pla,mean,3148.1064481268013
67f93629,vasa,CHX,15,granule,5552,pla,median,2727.5
67f93629,vasa,CHX,15,granule,5552,rna_type,sum,29447372.0
67f93629,vasa,CHX,15,granule,5552,rna_type,mean,5303.921469740634
67f93629,vasa,CHX,15,granule,5552,rna_type,median,4494.5
67f93629,vasa,CHX,15,cell,118734,granule,sum,212372685.0
67f93629,vasa,CHX,15,cell,118734,granule,mean,1788.6425539441104
67f93629,vasa,CHX,15,cell,118734,granule,median,1080.0
67f93629,vasa,CHX,15,cell,118734,pla,sum,245499612.0
67f93629,vasa,CHX,15,cell,118734,pla,mean,2067.643741472535
67f93629,vasa,CHX,15,cell,118734,pla,median,1765.0
67f93629,vasa,CHX,15,cell,118734,rna_type,sum,366140924.0
67f93629,vasa,CHX,15,cell,118734,rna_type,mean,3083.707480586858
67f93629,vasa,CHX,15,cell,118734,rna_type,median,2444.0
67f93629,vasa,CHX,15,granule_periphery,11791,granule,sum,29434815.0
67f93629,vasa,CHX,15,granule_periphery,11791,granule,mean,2496.3798659994914
67f93629,vasa,CHX,15,granule_periphery,11791,granule,median,2160.0
67f93629,vasa,CHX,15,granule_periphery,11791,pla,sum,30981730.0
67f93629,vasa,CHX,15,granule_periphery,11791,pla,mean,2627.574421168688
67f93629,vasa,CHX,15,granule_periphery,11791,pla,median,2160.0
67f93629,vasa,CHX,15,granule_periphery,11791,rna_type,sum,52912335.0
67f93629,vasa,CHX,15,granule_periphery,11791,rna_type,mean,4487.518870324824
67f93629,vasa,CHX,15,granule_periphery,11791,rna_type,median,3497.0
67f93629,vasa,CHX,15,pseudo_nucleus,26700,granule,sum,59779688.0
67f93629,vasa,CHX,15,pseudo_nucleus,26700,granule,mean,2238.9396254681646
67f93629,vasa,CHX,15,pseudo_nucleus,26700,granule,median,1319.0
67f93629,vasa,CHX,15,pseudo_nucleus,26700,pla,sum,50758522.0
67f93629,vasa,CHX,15,pseudo_nucleus,26700,pla,mean,1901.0682397003745
67f93629,vasa,CHX,15,pseudo_nucleus,26700,pla,median,1654.0
67f93629,vasa,CHX,15,pseudo_nucleus,26700,rna_type,sum,68394518.0
67f93629,vasa,CHX,15,pseudo_nucleus,26700,rna_type,mean,2561.592434456929
67f93629,vasa,CHX,15,pseudo_nucleus,26700,rna_type,median,2055.0
67f93629,vasa,CHX,15,cytoplasm,82398,granule,sum,99620067.0
67f93629,vasa,CHX,15,cytoplasm,82398,granule,mean,1209.0107405519552
67f93629,vasa,CHX,15,cytoplasm,82398,granule,median,917.0
67f93629,vasa,CHX,15,cytoplasm,82398,pla,sum,165316646.0
67f93629,vasa,CHX,15,cytoplasm,82398,pla,mean,2006.31867278332
67f93629,vasa,CHX,15,cytoplasm,82398,pla,median,1735.0
67f93629,vasa,CHX,15,cytoplasm,82398,rna_type,sum,245150971.0
67f93629,vasa,CHX,15,cytoplasm,82398,rna_type,mean,2975.205356926139
67f93629,vasa,CHX,15,cytoplasm,82398,rna_type,median,2439.0
67f93629,vasa,CHX,15,nucleo_cytoplasm,101391,granule,sum,122404830.0
67f93629,vasa,CHX,15,nucleo_cytoplasm,101391,granule,mean,1207.2553776962452
67f93629,vasa,CHX,15,nucleo_cytoplasm,101391,granule,median,936.0
67f93629,vasa,CHX,15,nucleo_cytoplasm,101391,pla,sum,197039595.0
67f93629,vasa,CHX,15,nucleo_cytoplasm,101391,pla,mean,1943.36376009705
67f93629,vasa,CHX,15,nucleo_cytoplasm,101391,pla,median,1688.0
67f93629,vasa,CHX,15,nucleo_cytoplasm,101391,rna_type,sum,283781217.0
67f93629,vasa,CHX,15,nucleo_cytoplasm,101391,rna_type,mean,2798.879752640767
67f93629,vasa,CHX,15,nucleo_cytoplasm,101391,rna_type,median,2273.0
4f722e6c,vasa,DMSO,26,granule,12955,granule,sum,180907737.0
4f722e6c,vasa,DMSO,26,granule,12955,granule,mean,13964.317792358162
4f722e6c,vasa,DMSO,26,granule,12955,granule,median,13680.0
4f722e6c,vasa,DMSO,26,granule,12955,pla,sum,21653739.0
4f722e6c,vasa,DMSO,26,granule,12955,pla,mean,1671.4580470860672
4f722e6c,vasa,DMSO,26,granule,12955,pla,median,1555.0
4f722e6c,vasa,DMSO,26,granule,12955,rna_type,sum,18339959.0
4f722e6c,vasa,DMSO,26,granule,12955,rna_type,mean,1415.666460825936
4f722e6c,vasa,DMSO,26,granule,12955,rna_type,median,1245.0
4f722e6c,vasa,DMSO,26,cell,101548,granule,sum,325414020.0
4f722e6c,vasa,DMSO,26,cell,101548,granule,mean,3204.5340134714615
4f722e6c,vasa,DMSO,26,cell,101548,granule,median,1482.0
4f722e6c,vasa,DMSO,26,cell,101548,pla,sum,155610587.0
4f722e6c,vasa,DMSO,26,cell,101548,pla,mean,1532.3845570567614
4f722e6c,vasa,DMSO,26,cell,101548,pla,median,1411.0
4f722e6c,vasa,DMSO,26,cell,101548,rna_type,sum,115653429.0
4f722e6c,vasa,DMSO,26,cell,101548,rna_type,mean,1138.9040552251151
4f722e6c,vasa,DMSO,26,cell,101548,rna_type,median,972.0
4f722e6c,vasa,DMSO,26,granule_periphery,14147,granule,sum,46942140.0
4f722e6c,vasa,DMSO,26,granule_periphery,14147,granule,mean,3318.169223156853
4f722e6c,vasa,DMSO,26,granule_periphery,14147,granule,median,2987.0
4f722e6c,vasa,DMSO,26,granule_periphery,14147,pla,sum,23363352.0
4f722e6c,vasa,DMSO,26,granule_periphery,14147,pla,mean,1651.4704177564147
4f722e6c,vasa,DMSO,26,granule_periphery,14147,pla,median,1529.0
4f722e6c,vasa,DMSO,26,granule_periphery,14147,rna_type,sum,17608846.0
4f722e6c,vasa,DMSO,26,granule_periphery,14147,rna_type,mean,1244.7053085459816
4f722e6c,vasa,DMSO,26,granule_periphery,14147,rna_type,median,1073.0
4f722e6c,vasa,DMSO,26,pseudo_nucleus,20558,granule,sum,100742993.0
4f722e6c,vasa,DMSO,26,pseudo_nucleus,20558,granule,mean,4900.42771670396
4f722e6c,vasa,DMSO,26,pseudo_nucleus,20558,granule,median,2940.0
4f722e6c,vasa,DMSO,26,pseudo_nucleus,20558,pla,sum,32151437.0
4f722e6c,vasa,DMSO,26,pseudo_nucleus,20558,pla,mean,1563.937980348283
4f722e6c,vasa,DMSO,26,pseudo_nucleus,20558,pla,median,1457.0
4f722e6c,vasa,DMSO,26,pseudo_nucleus,20558,rna_type,sum,23315919.0
4f722e6c,vasa,DMSO,26,pseudo_nucleus,20558,rna_type,mean,1134.153079093297
4f722e6c,vasa,DMSO,26,pseudo_nucleus,20558,rna_type,median,973.0
4f722e6c,vasa,DMSO,26,cytoplasm,65487,granule,sum,77841144.0
4f722e6c,vasa,DMSO,26,cytoplasm,65487,granule,mean,1188.6503275459252
4f722e6c,vasa,DMSO,26,cytoplasm,65487,granule,median,986.0
4f722e6c,vasa,DMSO,26,cytoplasm,65487,pla,sum,97328889.0
4f722e6c,vasa,DMSO,26,cytoplasm,65487,pla,mean,1486.2322140272115
4f722e6c,vasa,DMSO,26,cytoplasm,65487,pla,median,1362.0
4f722e6c,vasa,DMSO,26,cytoplasm,65487,rna_type,sum,70429755.0
4f722e6c,vasa,DMSO,26,cytoplasm,65487,rna_type,mean,1075.4768885427643
4f722e6c,vasa,DMSO,26,cytoplasm,65487,rna_type,median,914.0
4f722e6c,vasa,DMSO,26,nucleo_cytoplasm,74446,granule,sum,97564143.0
4f722e6c,vasa,DMSO,26,nucleo_cytoplasm,74446,granule,mean,1310.535730596674
4f722e6c,vasa,DMSO,26,nucleo_cytoplasm,74446,granule,median,1078.0
4f722e6c,vasa,DMSO,26,nucleo_cytoplasm,74446,pla,sum,110593496.0
4f722e6c,vasa,DMSO,26,nucleo_cytoplasm,74446,pla,mean,1485.5532332160224
4f722e6c,vasa,DMSO,26,nucleo_cytoplasm,74446,pla,median,1365.0
4f722e6c,vasa,DMSO,26,nucleo_cytoplasm,74446,rna_type,sum,79704624.0
4f722e6c,vasa,DMSO,26,nucleo_cytoplasm,74446,rna_type,mean,1070.6367568438868
4f722e6c,vasa,DMSO,26,nucleo_cytoplasm,74446,rna_type,median,910.0
1701d256,vasa,PatA,17,granule,6293,granule,sum,46392004.0
1701d256,vasa,PatA,17,granule,6293,granule,mean,7372.001271253774
1701d256,vasa,PatA,17,granule,6293,granule,median,6776.0
1701d256,vasa,PatA,17,granule,6293,pla,sum,6813671.0
1701d256,vasa,PatA,17,granule,6293,pla,mean,1082.7381217225488
1701d256,vasa,PatA,17,granule,6293,pla,median,905.0
1701d256,vasa,PatA,17,granule,6293,rna_type,sum,11257851.0
1701d256,vasa,PatA,17,granule,6293,rna_type,mean,1788.948196408708
1701d256,vasa,PatA,17,granule,6293,rna_type,median,1320.0
1701d256,vasa,PatA,17,cell,104502,granule,sum,182244808.0
1701d256,vasa,PatA,17,cell,104502,granule,mean,1743.9360777784157
1701d256,vasa,PatA,17,cell,104502,granule,median,1136.0
1701d256,vasa,PatA,17,cell,104502,pla,sum,82268557.0
1701d256,vasa,PatA,17,cell,104502,pla,mean,787.2438517923102
1701d256,vasa,PatA,17,cell,104502,pla,median,658.0
1701d256,vasa,PatA,17,cell,104502,rna_type,sum,92902846.0
1701d256,vasa,PatA,17,cell,104502,rna_type,mean,889.0054353026736
1701d256,vasa,PatA,17,cell,104502,rna_type,median,640.0
1701d256,vasa,PatA,17,granule_periphery,14796,granule,sum,41426315.0
1701d256,vasa,PatA,17,granule_periphery,14796,granule,mean,2799.8320492024873
1701d256,vasa,PatA,17,granule_periphery,14796,granule,median,2504.5
1701d256,vasa,PatA,17,granule_periphery,14796,pla,sum,13317939.0
1701d256,vasa,PatA,17,granule_periphery,14796,pla,mean,900.1040145985402
1701d256,vasa,PatA,17,granule_periphery,14796,pla,median,739.0
1701d256,vasa,PatA,17,granule_periphery,14796,rna_type,sum,18233703.0
1701d256,vasa,PatA,17,granule_periphery,14796,rna_type,mean,1232.3400243309002
1701d256,vasa,PatA,17,granule_periphery,14796,rna_type,median,874.0
1701d256,vasa,PatA,17,pseudo_nucleus,24751,granule,sum,68301158.0
1701d256,vasa,PatA,17,pseudo_nucleus,24751,granule,mean,2759.531251262575
1701d256,vasa,PatA,17,pseudo_nucleus,24751,granule,median,2019.0
1701d256,vasa,PatA,17,pseudo_nucleus,24751,pla,sum,19222540.0
1701d256,vasa,PatA,17,pseudo_nucleus,24751,pla,mean,776.6369035594521
1701d256,vasa,PatA,17,pseudo_nucleus,24751,pla,median,658.0
1701d256,vasa,PatA,17,pseudo_nucleus,24751,rna_type,sum,22732556.0
1701d256,vasa,PatA,17,pseudo_nucleus,24751,rna_type,mean,918.4500020201205
1701d256,vasa,PatA,17,pseudo_nucleus,24751,rna_type,median,719.0
1701d256,vasa,PatA,17,cytoplasm,69825,granule,sum,71714938.0
1701d256,vasa,PatA,17,cytoplasm,69825,granule,mean,1027.0667812388112
1701d256,vasa,PatA,17,cytoplasm,69825,granule,median,826.0
1701d256,vasa,PatA,17,cytoplasm,69825,pla,sum,52188497.0
1701d256,vasa,PatA,17,cytoplasm,69825,pla,mean,747.4185034013606
1701d256,vasa,PatA,17,cytoplasm,69825,pla,median,632.0
1701d256,vasa,PatA,17,cytoplasm,69825,rna_type,sum,52804954.0
1701d256,vasa,PatA,17,cytoplasm,69825,rna_type,mean,756.2471034729681
1701d256,vasa,PatA,17,cytoplasm,69825,rna_type,median,568.0
1701d256,vasa,PatA,17,nucleo_cytoplasm,83413,granule,sum,94426489.0
1701d256,vasa,PatA,17,nucleo_cytoplasm,83413,granule,mean,1132.0356419263185
1701d256,vasa,PatA,17,nucleo_cytoplasm,83413,granule,median,914.0
1701d256,vasa,PatA,17,nucleo_cytoplasm,83413,pla,sum,62136947.0
1701d256,vasa,PatA,17,nucleo_cytoplasm,83413,pla,mean,744.9312097634661
1701d256,vasa,PatA,17,nucleo_cytoplasm,83413,pla,median,630.0
1701d256,vasa,PatA,17,nucleo_cytoplasm,83413,rna_type,sum,63411292.0
1701d256,vasa,PatA,17,nucleo_cytoplasm,83413,rna_type,mean,760.2087444403151
1701d256,vasa,PatA,17,nucleo_cytoplasm,83413,rna_type,median,580.0
c1c3a6d8,actin,DMSO,14,granule,11374,granule,sum,115491428.0
c1c3a6d8,actin,DMSO,14,granule,11374,granule,mean,10153.985229470723
c1c3a6d8,actin,DMSO,14,granule,11374,granule,median,10376.0
c1c3a6d8,actin,DMSO,14,granule,11374,pla,sum,24854039.0
c1c3a6d8,actin,DMSO,14,granule,11374,pla,mean,2185.1625637418674
c1c3a6d8,actin,DMSO,14,granule,11374,pla,median,2050.0
c1c3a6d8,actin,DMSO,14,granule,11374,rna_type,sum,25587030.0
c1c3a6d8,actin,DMSO,14,granule,11374,rna_type,mean,2249.6069984174433
c1c3a6d8,actin,DMSO,14,granule,11374,rna_type,median,2005.0
c1c3a6d8,actin,DMSO,14,cell,134037,granule,sum,221736316.0
c1c3a6d8,actin,DMSO,14,cell,134037,granule,mean,1654.2918447891254
c1c3a6d8,actin,DMSO,14,cell,134037,granule,median,730.0
c1c3a6d8,actin,DMSO,14,cell,134037,pla,sum,250680273.0
c1c3a6d8,actin,DMSO,14,cell,134037,pla,mean,1870.2318986548491
c1c3a6d8,actin,DMSO,14,cell,134037,pla,median,1730.0
c1c3a6d8,actin,DMSO,14,cell,134037,rna_type,sum,211640655.0
c1c3a6d8,actin,DMSO,14,cell,134037,rna_type,mean,1578.9718883591845
c1c3a6d8,actin,DMSO,14,cell,134037,rna_type,median,1353.0
c1c3a6d8,actin,DMSO,14,granule_periphery,11550,granule,sum,19878625.0
c1c3a6d8,actin,DMSO,14,granule_periphery,11550,granule,mean,1721.0930735930735
c1c3a6d8,actin,DMSO,14,granule_periphery,11550,granule,median,1432.0
c1c3a6d8,actin,DMSO,14,granule_periphery,11550,pla,sum,23219963.0
c1c3a6d8,actin,DMSO,14,granule_periphery,11550,pla,mean,2010.3864069264068
c1c3a6d8,actin,DMSO,14,granule_periphery,11550,pla,median,1882.5
c1c3a6d8,actin,DMSO,14,granule_periphery,11550,rna_type,sum,19439481.0
c1c3a6d8,actin,DMSO,14,granule_periphery,11550,rna_type,mean,1683.071948051948
c1c3a6d8,actin,DMSO,14,granule_periphery,11550,rna_type,median,1465.0
c1c3a6d8,actin,DMSO,14,pseudo_nucleus,24714,granule,sum,56507633.0
c1c3a6d8,actin,DMSO,14,pseudo_nucleus,24714,granule,mean,2286.462450432953
c1c3a6d8,actin,DMSO,14,pseudo_nucleus,24714,granule,median,1129.0
c1c3a6d8,actin,DMSO,14,pseudo_nucleus,24714,pla,sum,47738830.0
c1c3a6d8,actin,DMSO,14,pseudo_nucleus,24714,pla,mean,1931.6512907663673
c1c3a6d8,actin,DMSO,14,pseudo_nucleus,24714,pla,median,1801.0
c1c3a6d8,actin,DMSO,14,pseudo_nucleus,24714,rna_type,sum,41245110.0
c1c3a6d8,actin,DMSO,14,pseudo_nucleus,24714,rna_type,mean,1668.8965768390385
c1c3a6d8,actin,DMSO,14,pseudo_nucleus,24714,rna_type,median,1448.0
c1c3a6d8,actin,DMSO,14,cytoplasm,96005,granule,sum,71072781.0
c1c3a6d8,actin,DMSO,14,cytoplasm,96005,granule,mean,740.3029113067028
c1c3a6d8,actin,DMSO,14,cytoplasm,96005,granule,median,562.0
c1c3a6d8,actin,DMSO,14,cytoplasm,96005,pla,sum,174351725.0
c1c3a6d8,actin,DMSO,14,cytoplasm,96005,pla,mean,1816.0692151450446
c1c3a6d8,actin,DMSO,14,cytoplasm,96005,pla,median,1676.0
c1c3a6d8,actin,DMSO,14,cytoplasm,96005,rna_type,sum,142993544.0
c1c3a6d8,actin,DMSO,14,cytoplasm,96005,rna_type,mean,1489.4385084110202
c1c3a6d8,actin,DMSO,14,cytoplasm,96005,rna_type,median,1275.0
c1c3a6d8,actin,DMSO,14,nucleo_cytoplasm,111113,granule,sum,86366263.0
c1c3a6d8,actin,DMSO,14,nucleo_cytoplasm,111113,granule,mean,777.2831531863958
c1c3a6d8,actin,DMSO,14,nucleo_cytoplasm,111113,granule,median,595.0
c1c3a6d8,actin,DMSO,14,nucleo_cytoplasm,111113,pla,sum,202606271.0
c1c3a6d8,actin,DMSO,14,nucleo_cytoplasm,111113,pla,mean,1823.4254407675069
c1c3a6d8,actin,DMSO,14,nucleo_cytoplasm,111113,pla,median,1685.0
c1c3a6d8,actin,DMSO,14,nucleo_cytoplasm,111113,rna_type,sum,166614144.0
c1c3a6d8,actin,DMSO,14,nucleo_cytoplasm,111113,rna_type,mean,1499.501804469324
c1c3a6d8,actin,DMSO,14,nucleo_cytoplasm,111113,rna_type,median,1286.0
1bdc1954,vasa,DMSO,16,granule,5249,granule,sum,73850001.0
1bdc1954,vasa,DMSO,16,granule,5249,granule,mean,14069.346732710992
1bdc1954,vasa,DMSO,16,granule,5249,granule,median,12337.0
1bdc1954,vasa,DMSO,16,granule,5249,pla,sum,7744602.0
1bdc1954,vasa,DMSO,16,granule,5249,pla,mean,1475.4433225376263
1bdc1954,vasa,DMSO,16,granule,5249,pla,median,1252.0
1bdc1954,vasa,DMSO,16,granule,5249,rna_type,sum,14628695.0
1bdc1954,vasa,DMSO,16,granule,5249,rna_type,mean,2786.948942655744
1bdc1954,vasa,DMSO,16,granule,5249,rna_type,median,2263.0
1bdc1954,vasa,DMSO,16,cell,165997,granule,sum,411517171.0
1bdc1954,vasa,DMSO,16,cell,165997,granule,mean,2479.0639047693635
1bdc1954,vasa,DMSO,16,cell,165997,granule,median,1769.0
1bdc1954,vasa,DMSO,16,cell,165997,pla,sum,194775734.0
1bdc1954,vasa,DMSO,16,cell,165997,pla,mean,1173.36900064459
1bdc1954,vasa,DMSO,16,cell,165997,pla,median,1017.0
1bdc1954,vasa,DMSO,16,cell,165997,rna_type,sum,310518162.0
1bdc1954,vasa,DMSO,16,cell,165997,rna_type,mean,1870.6251438279005
1bdc1954,vasa,DMSO,16,cell,165997,rna_type,median,1544.0
1bdc1954,vasa,DMSO,16,granule_periphery,15576,granule,sum,70821359.0
1bdc1954,vasa,DMSO,16,granule_periphery,15576,granule,mean,4546.825821777093
1bdc1954,vasa,DMSO,16,granule_periphery,15576,granule,median,4210.0
1bdc1954,vasa,DMSO,16,granule_periphery,15576,pla,sum,18743354.0
1bdc1954,vasa,DMSO,16,granule_periphery,15576,pla,mean,1203.348356445814
1bdc1954,vasa,DMSO,16,granule_periphery,15576,pla,median,1048.0
1bdc1954,vasa,DMSO,16,granule_periphery,15576,rna_type,sum,30734095.0
1bdc1954,vasa,DMSO,16,granule_periphery,15576,rna_type,mean,1973.1699409347714
1bdc1954,vasa,DMSO,16,granule_periphery,15576,rna_type,median,1706.0
1bdc1954,vasa,DMSO,16,pseudo_nucleus,51057,granule,sum,199017154.0
1bdc1954,vasa,DMSO,16,pseudo_nucleus,51057,granule,mean,3897.940615390642
1bdc1954,vasa,DMSO,16,pseudo_nucleus,51057,granule,median,2758.0
1bdc1954,vasa,DMSO,16,pseudo_nucleus,51057,pla,sum,58390477.0
1bdc1954,vasa,DMSO,16,pseudo_nucleus,51057,pla,mean,1143.6331355152086
1bdc1954,vasa,DMSO,16,pseudo_nucleus,51057,pla,median,994.0
1bdc1954,vasa,DMSO,16,pseudo_nucleus,51057,rna_type,sum,93189531.0
1bdc1954,vasa,DMSO,16,pseudo_nucleus,51057,rna_type,mean,1825.2057700217404
1bdc1954,vasa,DMSO,16,pseudo_nucleus,51057,rna_type,median,1509.0
1bdc1954,vasa,DMSO,16,cytoplasm,108962,granule,sum,178934126.0
1bdc1954,vasa,DMSO,16,cytoplasm,108962,granule,mean,1642.1699858666325
1bdc1954,vasa,DMSO,16,cytoplasm,108962,granule,median,1433.0
1bdc1954,vasa,DMSO,16,cytoplasm,108962,pla,sum,128535015.0
1bdc1954,vasa,DMSO,16,cytoplasm,108962,pla,mean,1179.6315688038032
1bdc1954,vasa,DMSO,16,cytoplasm,108962,pla,median,1023.0
1bdc1954,vasa,DMSO,16,cytoplasm,108962,rna_type,sum,204121608.0
1bdc1954,vasa,DMSO,16,cytoplasm,108962,rna_type,mean,1873.3283897138451
1bdc1954,vasa,DMSO,16,cytoplasm,108962,rna_type,median,1542.0
1bdc1954,vasa,DMSO,16,nucleo_cytoplasm,145375,granule,sum,267297942.0
1bdc1954,vasa,DMSO,16,nucleo_cytoplasm,145375,granule,mean,1838.678878761823
1bdc1954,vasa,DMSO,16,nucleo_cytoplasm,145375,granule,median,1583.0
1bdc1954,vasa,DMSO,16,nucleo_cytoplasm,145375,pla,sum,168520170.0
1bdc1954,vasa,DMSO,16,nucleo_cytoplasm,145375,pla,mean,1159.2101117798795
1bdc1954,vasa,DMSO,16,nucleo_cytoplasm,145375,pla,median,1007.0
1bdc1954,vasa,DMSO,16,nucleo_cytoplasm,145375,rna_type,sum,265398257.0
1bdc1954,vasa,DMSO,16,nucleo_cytoplasm,145375,rna_type,mean,1825.6113981083406
1bdc1954,vasa,DMSO,16,nucleo_cytoplasm,145375,rna_type,median,1509.0
5a07eda7,vasa,PatA,27,granule,4550,granule,sum,37158487.0
5a07eda7,vasa,PatA,27,granule,4550,granule,mean,8166.70043956044
5a07eda7,vasa,PatA,27,granule,4550,granule,median,7550.0
5a07eda7,vasa,PatA,27,granule,4550,pla,sum,4042197.0
5a07eda7,vasa,PatA,27,granule,4550,pla,mean,888.3949450549451
5a07eda7,vasa,PatA,27,granule,4550,pla,median,756.0
5a07eda7,vasa,PatA,27,granule,4550,rna_type,sum,3699188.0
5a07eda7,vasa,PatA,27,granule,4550,rna_type,mean,813.0083516483517
5a07eda7,vasa,PatA,27,granule,4550,rna_type,median,655.0
5a07eda7,vasa,PatA,27,cell,140106,granule,sum,195776634.0
5a07eda7,vasa,PatA,27,cell,140106,granule,mean,1397.3465376215152
5a07eda7,vasa,PatA,27,cell,140106,granule,median,892.0
5a07eda7,vasa,PatA,27,cell,140106,pla,sum,104887246.0
5a07eda7,vasa,PatA,27,cell,140106,pla,mean,748.6277960972407
5a07eda7,vasa,PatA,27,cell,140106,pla,median,632.0
5a07eda7,vasa,PatA,27,cell,140106,rna_type,sum,84662623.0
5a07eda7,vasa,PatA,27,cell,140106,rna_type,mean,604.275498551097
5a07eda7,vasa,PatA,27,cell,140106,rna_type,median,452.0
5a07eda7,vasa,PatA,27,granule_periphery,13827,granule,sum,40713522.0
5a07eda7,vasa,PatA,27,granule_periphery,13827,granule,mean,2944.494250379692
5a07eda7,vasa,PatA,27,granule_periphery,13827,granule,median,2612.0
5a07eda7,vasa,PatA,27,granule_periphery,13827,pla,sum,11309784.0
5a07eda7,vasa,PatA,27,granule_periphery,13827,pla,mean,817.9492297678455
5a07eda7,vasa,PatA,27,granule_periphery,13827,pla,median,702.0
5a07eda7,vasa,PatA,27,granule_periphery,13827,rna_type,sum,10374122.0
5a07eda7,vasa,PatA,27,granule_periphery,13827,rna_type,mean,750.2800318217979
5a07eda7,vasa,PatA,27,granule_periphery,13827,rna_type,median,590.0
5a07eda7,vasa,PatA,27,pseudo_nucleus,25879,granule,sum,67583938.0
5a07eda7,vasa,PatA,27,pseudo_nucleus,25879,granule,mean,2611.535917152904
5a07eda7,vasa,PatA,27,pseudo_nucleus,25879,granule,median,1809.0
5a07eda7,vasa,PatA,27,pseudo_nucleus,25879,pla,sum,18992087.0
5a07eda7,vasa,PatA,27,pseudo_nucleus,25879,pla,mean,733.8802503960741
5a07eda7,vasa,PatA,27,pseudo_nucleus,25879,pla,median,625.0
5a07eda7,vasa,PatA,27,pseudo_nucleus,25879,rna_type,sum,15983883.0
5a07eda7,vasa,PatA,27,pseudo_nucleus,25879,rna_type,mean,617.6391282507052
5a07eda7,vasa,PatA,27,pseudo_nucleus,25879,rna_type,median,479.0
5a07eda7,vasa,PatA,27,cytoplasm,105582,granule,sum,93568681.0
5a07eda7,vasa,PatA,27,cytoplasm,105582,granule,mean,886.2181148301794
5a07eda7,vasa,PatA,27,cytoplasm,105582,granule,median,701.0
5a07eda7,vasa,PatA,27,cytoplasm,105582,pla,sum,78110247.0
5a07eda7,vasa,PatA,27,cytoplasm,105582,pla,mean,739.8064726942092
5a07eda7,vasa,PatA,27,cytoplasm,105582,pla,median,624.0
5a07eda7,vasa,PatA,27,cytoplasm,105582,rna_type,sum,61282682.0
5a07eda7,vasa,PatA,27,cytoplasm,105582,rna_type,mean,580.4273645128904
5a07eda7,vasa,PatA,27,cytoplasm,105582,rna_type,median,428.0
5a07eda7,vasa,PatA,27,nucleo_cytoplasm,121729,granule,sum,117904625.0
5a07eda7,vasa,PatA,27,nucleo_cytoplasm,121729,granule,mean,968.5828767179555
5a07eda7,vasa,PatA,27,nucleo_cytoplasm,121729,granule,median,767.0
5a07eda7,vasa,PatA,27,nucleo_cytoplasm,121729,pla,sum,89535265.0
5a07eda7,vasa,PatA,27,nucleo_cytoplasm,121729,pla,mean,735.5294547724865
5a07eda7,vasa,PatA,27,nucleo_cytoplasm,121729,pla,median,621.0
5a07eda7,vasa,PatA,27,nucleo_cytoplasm,121729,rna_type,sum,70589313.0
5a07eda7,vasa,PatA,27,nucleo_cytoplasm,121729,rna_type,mean,579.8890404094341
5a07eda7,vasa,PatA,27,nucleo_cytoplasm,121729,rna_type,median,430.0
80008f2c,actin,DMSO,25,granule,7348,granule,sum,158653082.0
80008f2c,actin,DMSO,25,granule,7348,granule,mean,21591.328524768644
80008f2c,actin,DMSO,25,granule,7348,granule,median,20238.0
80008f2c,actin,DMSO,25,granule,7348,pla,sum,14064470.0
80008f2c,actin,DMSO,25,granule,7348,pla,mean,1914.0541643984757
80008f2c,actin,DMSO,25,granule,7348,pla,median,1789.0
80008f2c,actin,DMSO,25,granule,7348,rna_type,sum,9914368.0
80008f2c,actin,DMSO,25,granule,7348,rna_type,mean,1349.260751224823
80008f2c,actin,DMSO,25,granule,7348,rna_type,median,1159.0
80008f2c,actin,DMSO,25,cell,152896,granule,sum,446944248.0
80008f2c,actin,DMSO,25,cell,152896,granule,mean,2923.191241105065
80008f2c,actin,DMSO,25,cell,152896,granule,median,1444.0
80008f2c,actin,DMSO,25,cell,152896,pla,sum,260581310.0
80008f2c,actin,DMSO,25,cell,152896,pla,mean,1704.3042983465884
80008f2c,actin,DMSO,25,cell,152896,pla,median,1566.0
80008f2c,actin,DMSO,25,cell,152896,rna_type,sum,169023680.0
80008f2c,actin,DMSO,25,cell,152896,rna_type,mean,1105.4813729593973
80008f2c,actin,DMSO,25,cell,152896,rna_type,median,906.0
80008f2c,actin,DMSO,25,granule_periphery,12873,granule,sum,73577800.0
80008f2c,actin,DMSO,25,granule_periphery,12873,granule,mean,5715.668453351977
80008f2c,actin,DMSO,25,granule_periphery,12873,granule,median,5145.0
80008f2c,actin,DMSO,25,granule_periphery,12873,pla,sum,23662723.0
80008f2c,actin,DMSO,25,granule_periphery,12873,pla,mean,1838.1669385535617
80008f2c,actin,DMSO,25,granule_periphery,12873,pla,median,1705.0
80008f2c,actin,DMSO,25,granule_periphery,12873,rna_type,sum,15439245.0
80008f2c,actin,DMSO,25,granule_periphery,12873,rna_type,mean,1199.3509671405268
80008f2c,actin,DMSO,25,granule_periphery,12873,rna_type,median,999.0
80008f2c,actin,DMSO,25,pseudo_nucleus,34697,granule,sum,224601656.0
80008f2c,actin,DMSO,25,pseudo_nucleus,34697,granule,mean,6473.229846960832
80008f2c,actin,DMSO,25,pseudo_nucleus,34697,granule,median,3689.0
80008f2c,actin,DMSO,25,pseudo_nucleus,34697,pla,sum,63738844.0
80008f2c,actin,DMSO,25,pseudo_nucleus,34697,pla,mean,1837.013113525665
80008f2c,actin,DMSO,25,pseudo_nucleus,34697,pla,median,1697.0
80008f2c,actin,DMSO,25,pseudo_nucleus,34697,rna_type,sum,40001727.0
80008f2c,actin,DMSO,25,pseudo_nucleus,34697,rna_type,mean,1152.887194858345
80008f2c,actin,DMSO,25,pseudo_nucleus,34697,rna_type,median,954.0
80008f2c,actin,DMSO,25,cytoplasm,110590,granule,sum,145965188.0
80008f2c,actin,DMSO,25,cytoplasm,110590,granule,mean,1319.876914730084
80008f2c,actin,DMSO,25,cytoplasm,110590,granule,median,1061.0
80008f2c,actin,DMSO,25,cytoplasm,110590,pla,sum,182526010.0
80008f2c,actin,DMSO,25,cytoplasm,110590,pla,mean,1650.47481689122
80008f2c,actin,DMSO,25,cytoplasm,110590,pla,median,1513.0
80008f2c,actin,DMSO,25,cytoplasm,110590,rna_type,sum,119375198.0
80008f2c,actin,DMSO,25,cytoplasm,110590,rna_type,mean,1079.439352563523
80008f2c,actin,DMSO,25,cytoplasm,110590,rna_type,median,880.0
80008f2c,actin,DMSO,25,nucleo_cytoplasm,132675,granule,sum,214713366.0
80008f2c,actin,DMSO,25,nucleo_cytoplasm,132675,granule,mean,1618.3408027133974
80008f2c,actin,DMSO,25,nucleo_cytoplasm,132675,granule,median,1243.0
80008f2c,actin,DMSO,25,nucleo_cytoplasm,132675,pla,sum,222854117.0
80008f2c,actin,DMSO,25,nucleo_cytoplasm,132675,pla,mean,1679.6993932541925
80008f2c,actin,DMSO,25,nucleo_cytoplasm,132675,pla,median,1542.0
80008f2c,actin,DMSO,25,nucleo_cytoplasm,132675,rna_type,sum,143670067.0
80008f2c,actin,DMSO,25,nucleo_cytoplasm,132675,rna_type,mean,1082.872183908046
80008f2c,actin,DMSO,25,nucleo_cytoplasm,132675,rna_type,median,885.0
c5572f23,vasa,DMSO,30,granule,7093,granule,sum,92982938.0
c5572f23,vasa,DMSO,30,granule,7093,granule,mean,13109.112928239108
c5572f23,vasa,DMSO,30,granule,7093,granule,median,11356.0
c5572f23,vasa,DMSO,30,granule,7093,pla,sum,17694319.0
c5572f23,vasa,DMSO,30,granule,7093,pla,mean,2494.6170872691387
c5572f23,vasa,DMSO,30,granule,7093,pla,median,2226.0
c5572f23,vasa,DMSO,30,granule,7093,rna_type,sum,33751945.0
c5572f23,vasa,DMSO,30,granule,7093,rna_type,mean,4758.48653602143
c5572f23,vasa,DMSO,30,granule,7093,rna_type,median,3835.0
c5572f23,vasa,DMSO,30,cell,106120,granule,sum,289697549.0
c5572f23,vasa,DMSO,30,cell,106120,granule,mean,2729.9052864681494
c5572f23,vasa,DMSO,30,cell,106120,granule,median,1606.0
c5572f23,vasa,DMSO,30,cell,106120,pla,sum,218884266.0
c5572f23,vasa,DMSO,30,cell,106120,pla,mean,2062.610874481719
c5572f23,vasa,DMSO,30,cell,106120,pla,median,1865.0
c5572f23,vasa,DMSO,30,cell,106120,rna_type,sum,357583714.0
c5572f23,vasa,DMSO,30,cell,106120,rna_type,mean,3369.616603844704
c5572f23,vasa,DMSO,30,cell,106120,rna_type,median,2691.0
c5572f23,vasa,DMSO,30,granule_periphery,15432,granule,sum,66272723.0
c5572f23,vasa,DMSO,30,granule_periphery,15432,granule,mean,4294.499935199586
c5572f23,vasa,DMSO,30,granule_periphery,15432,granule,median,3927.0
c5572f23,vasa,DMSO,30,granule_periphery,15432,pla,sum,33927774.0
c5572f23,vasa,DMSO,30,granule_periphery,15432,pla,mean,2198.533825816485
c5572f23,vasa,DMSO,30,granule_periphery,15432,pla,median,2008.5
c5572f23,vasa,DMSO,30,granule_periphery,15432,rna_type,sum,58990218.0
c5572f23,vasa,DMSO,30,granule_periphery,15432,rna_type,mean,3822.590590979782
c5572f23,vasa,DMSO,30,granule_periphery,15432,rna_type,median,3196.0
c5572f23,vasa,DMSO,30,pseudo_nucleus,31210,granule,sum,141086316.0
c5572f23,vasa,DMSO,30,pseudo_nucleus,31210,granule,mean,4520.548413969881
c5572f23,vasa,DMSO,30,pseudo_nucleus,31210,granule,median,3182.0
c5572f23,vasa,DMSO,30,pseudo_nucleus,31210,pla,sum,58057169.0
c5572f23,vasa,DMSO,30,pseudo_nucleus,31210,pla,mean,1860.2104774110862
c5572f23,vasa,DMSO,30,pseudo_nucleus,31210,pla,median,1709.0
c5572f23,vasa,DMSO,30,pseudo_nucleus,31210,rna_type,sum,80696111.0
c5572f23,vasa,DMSO,30,pseudo_nucleus,31210,rna_type,mean,2585.585100929189
c5572f23,vasa,DMSO,30,pseudo_nucleus,31210,rna_type,median,2178.5
c5572f23,vasa,DMSO,30,cytoplasm,64764,granule,sum,80108958.0
c5572f23,vasa,DMSO,30,cytoplasm,64764,granule,mean,1236.9365388178617
c5572f23,vasa,DMSO,30,cytoplasm,64764,granule,median,1009.0
c5572f23,vasa,DMSO,30,cytoplasm,64764,pla,sum,134812829.0
c5572f23,vasa,DMSO,30,cytoplasm,64764,pla,mean,2081.6013371626213
c5572f23,vasa,DMSO,30,cytoplasm,64764,pla,median,1883.5
c5572f23,vasa,DMSO,30,cytoplasm,64764,rna_type,sum,225853957.0
c5572f23,vasa,DMSO,30,cytoplasm,64764,rna_type,mean,3487.337980977086
c5572f23,vasa,DMSO,30,cytoplasm,64764,rna_type,median,2807.0
c5572f23,vasa,DMSO,30,nucleo_cytoplasm,83924,granule,sum,131472391.0
c5572f23,vasa,DMSO,30,nucleo_cytoplasm,83924,granule,mean,1566.564880129641
c5572f23,vasa,DMSO,30,nucleo_cytoplasm,83924,granule,median,1247.0
c5572f23,vasa,DMSO,30,nucleo_cytoplasm,83924,pla,sum,167842045.0
c5572f23,vasa,DMSO,30,nucleo_cytoplasm,83924,pla,mean,1999.9290429436157
c5572f23,vasa,DMSO,30,nucleo_cytoplasm,83924,pla,median,1812.0
c5572f23,vasa,DMSO,30,nucleo_cytoplasm,83924,rna_type,sum,265631188.0
c5572f23,vasa,DMSO,30,nucleo_cytoplasm,83924,rna_type,mean,3165.1397454840094
c5572f23,vasa,DMSO,30,nucleo_cytoplasm,83924,rna_type,median,2525.0
b48cb880,vasa,DMSO,10,granule,13821,granule,sum,194824115.0
b48cb880,vasa,DMSO,10,granule,13821,granule,mean,14096.238694739888
b48cb880,vasa,DMSO,10,granule,13821,granule,median,13781.0
b48cb880,vasa,DMSO,10,granule,13821,pla,sum,36303663.0
b48cb880,vasa,DMSO,10,granule,13821,pla,mean,2626.7030605600175
b48cb880,vasa,DMSO,10,granule,13821,pla,median,2337.0
b48cb880,vasa,DMSO,10,granule,13821,rna_type,sum,88895220.0
b48cb880,vasa,DMSO,10,granule,13821,rna_type,mean,6431.894942478836
b48cb880,vasa,DMSO,10,granule,13821,rna_type,median,5933.0
b48cb880,vasa,DMSO,10,cell,130377,granule,sum,342287183.0
b48cb880,vasa,DMSO,10,cell,130377,granule,mean,2625.3647729277404
b48cb880,vasa,DMSO,10,cell,130377,granule,median,989.0
b48cb880,vasa,DMSO,10,cell,130377,pla,sum,153279220.0
b48cb880,vasa,DMSO,10,cell,130377,pla,mean,1175.6615047132545
b48cb880,vasa,DMSO,10,cell,130377,pla,median,884.0
b48cb880,vasa,DMSO,10,cell,130377,rna_type,sum,261899094.0
b48cb880,vasa,DMSO,10,cell,130377,rna_type,mean,2008.7829448445661
b48cb880,vasa,DMSO,10,cell,130377,rna_type,median,1120.0
b48cb880,vasa,DMSO,10,granule_periphery,12960,granule,sum,45547690.0
b48cb880,vasa,DMSO,10,granule_periphery,12960,granule,mean,3514.48225308642
b48cb880,vasa,DMSO,10,granule_periphery,12960,granule,median,3004.0
b48cb880,vasa,DMSO,10,granule_periphery,12960,pla,sum,22763383.0
b48cb880,vasa,DMSO,10,granule_periphery,12960,pla,mean,1756.43387345679
b48cb880,vasa,DMSO,10,granule_periphery,12960,pla,median,1305.5
b48cb880,vasa,DMSO,10,granule_periphery,12960,rna_type,sum,50544444.0
b48cb880,vasa,DMSO,10,granule_periphery,12960,rna_type,mean,3900.034259259259
b48cb880,vasa,DMSO,10,granule_periphery,12960,rna_type,median,2373.0
b48cb880,vasa,DMSO,10,pseudo_nucleus,27206,granule,sum,106928090.0
b48cb880,vasa,DMSO,10,pseudo_nucleus,27206,granule,mean,3930.3127986473573
b48cb880,vasa,DMSO,10,pseudo_nucleus,27206,granule,median,1932.5
b48cb880,vasa,DMSO,10,pseudo_nucleus,27206,pla,sum,33248304.0
b48cb880,vasa,DMSO,10,pseudo_nucleus,27206,pla,mean,1222.0945379695656
b48cb880,vasa,DMSO,10,pseudo_nucleus,27206,pla,median,945.0
b48cb880,vasa,DMSO,10,pseudo_nucleus,27206,rna_type,sum,62451965.0
b48cb880,vasa,DMSO,10,pseudo_nucleus,27206,rna_type,mean,2295.5217599059033
b48cb880,vasa,DMSO,10,pseudo_nucleus,27206,rna_type,median,1382.0
b48cb880,vasa,DMSO,10,cytoplasm,87152,granule,sum,76754117.0
b48cb880,vasa,DMSO,10,cytoplasm,87152,granule,mean,880.6925486506334
b48cb880,vasa,DMSO,10,cytoplasm,87152,granule,median,646.0
b48cb880,vasa,DMSO,10,cytoplasm,87152,pla,sum,79290659.0
b48cb880,vasa,DMSO,10,cytoplasm,87152,pla,mean,909.7973540480999
b48cb880,vasa,DMSO,10,cytoplasm,87152,pla,median,761.0
b48cb880,vasa,DMSO,10,cytoplasm,87152,rna_type,sum,101472191.0
b48cb880,vasa,DMSO,10,cytoplasm,87152,rna_type,mean,1164.3128212777676
b48cb880,vasa,DMSO,10,cytoplasm,87152,rna_type,median,888.0
b48cb880,vasa,DMSO,10,nucleo_cytoplasm,103596,granule,sum,101915378.0
b48cb880,vasa,DMSO,10,nucleo_cytoplasm,103596,granule,mean,983.7771535580524
b48cb880,vasa,DMSO,10,nucleo_cytoplasm,103596,granule,median,730.0
b48cb880,vasa,DMSO,10,nucleo_cytoplasm,103596,pla,sum,94212174.0
b48cb880,vasa,DMSO,10,nucleo_cytoplasm,103596,pla,mean,909.4190316228426
b48cb880,vasa,DMSO,10,nucleo_cytoplasm,103596,pla,median,763.0
b48cb880,vasa,DMSO,10,nucleo_cytoplasm,103596,rna_type,sum,122459430.0
b48cb880,vasa,DMSO,10,nucleo_cytoplasm,103596,rna_type,mean,1182.0864705200972
b48cb880,vasa,DMSO,10,nucleo_cytoplasm,103596,rna_type,median,916.0
d5fe782a,vasa,PatA,28,granule,9694,granule,sum,95542377.0
d5fe782a,vasa,PatA,28,granule,9694,granule,mean,9855.825974829791
d5fe782a,vasa,PatA,28,granule,9694,granule,median,9283.5
d5fe782a,vasa,PatA,28,granule,9694,pla,sum,14852695.0
d5fe782a,vasa,PatA,28,granule,9694,pla,mean,1532.1533938518671
d5fe782a,vasa,PatA,28,granule,9694,pla,median,1348.0
d5fe782a,vasa,PatA,28,granule,9694,rna_type,sum,27768822.0
d5fe782a,vasa,PatA,28,granule,9694,rna_type,mean,2864.5370332164225
d5fe782a,vasa,PatA,28,granule,9694,rna_type,median,2268.0
d5fe782a,vasa,PatA,28,cell,128458,granule,sum,275831303.0
d5fe782a,vasa,PatA,28,cell,128458,granule,mean,2147.248929611235
d5fe782a,vasa,PatA,28,cell,128458,granule,median,1272.0
d5fe782a,vasa,PatA,28,cell,128458,pla,sum,126588486.0
d5fe782a,vasa,PatA,28,cell,128458,pla,mean,985.4464961310312
d5fe782a,vasa,PatA,28,cell,128458,pla,median,830.0
d5fe782a,vasa,PatA,28,cell,128458,rna_type,sum,127215678.0
d5fe782a,vasa,PatA,28,cell,128458,rna_type,mean,990.3289635522895
d5fe782a,vasa,PatA,28,cell,128458,rna_type,median,571.0
d5fe782a,vasa,PatA,28,granule_periphery,12562,granule,sum,42015697.0
d5fe782a,vasa,PatA,28,granule_periphery,12562,granule,mean,3344.666215570769
d5fe782a,vasa,PatA,28,granule_periphery,12562,granule,median,3012.0
d5fe782a,vasa,PatA,28,granule_periphery,12562,pla,sum,16411711.0
d5fe782a,vasa,PatA,28,granule_periphery,12562,pla,mean,1306.4568540041394
d5fe782a,vasa,PatA,28,granule_periphery,12562,pla,median,1033.0
d5fe782a,vasa,PatA,28,granule_periphery,12562,rna_type,sum,24233084.0
d5fe782a,vasa,PatA,28,granule_periphery,12562,rna_type,mean,1929.0784906861966
d5fe782a,vasa,PatA,28,granule_periphery,12562,rna_type,median,886.0
d5fe782a,vasa,PatA,28,pseudo_nucleus,33093,granule,sum,106057771.0
d5fe782a,vasa,PatA,28,pseudo_nucleus,33093,granule,mean,3204.840026591726
d5fe782a,vasa,PatA,28,pseudo_nucleus,33093,granule,median,2208.0
d5fe782a,vasa,PatA,28,pseudo_nucleus,33093,pla,sum,32118450.0
d5fe782a,vasa,PatA,28,pseudo_nucleus,33093,pla,mean,970.5511739642825
d5fe782a,vasa,PatA,28,pseudo_nucleus,33093,pla,median,844.0
d5fe782a,vasa,PatA,28,pseudo_nucleus,33093,rna_type,sum,30685245.0
d5fe782a,vasa,PatA,28,pseudo_nucleus,33093,rna_type,mean,927.2427703743995
d5fe782a,vasa,PatA,28,pseudo_nucleus,33093,rna_type,median,635.0
d5fe782a,vasa,PatA,28,cytoplasm,84086,granule,sum,95330495.0
d5fe782a,vasa,PatA,28,cytoplasm,84086,granule,mean,1133.7261256332802
d5fe782a,vasa,PatA,28,cytoplasm,84086,granule,median,924.5
d5fe782a,vasa,PatA,28,cytoplasm,84086,pla,sum,75717392.0
d5fe782a,vasa,PatA,28,cytoplasm,84086,pla,mean,900.4756083057822
d5fe782a,vasa,PatA,28,cytoplasm,84086,pla,median,778.0
d5fe782a,vasa,PatA,28,cytoplasm,84086,rna_type,sum,60138130.0
d5fe782a,vasa,PatA,28,cytoplasm,84086,rna_type,mean,715.1978926337322
d5fe782a,vasa,PatA,28,cytoplasm,84086,rna_type,median,489.0
d5fe782a,vasa,PatA,28,nucleo_cytoplasm,106305,granule,sum,138377422.0
d5fe782a,vasa,PatA,28,nucleo_cytoplasm,106305,granule,mean,1301.7019143031841
d5fe782a,vasa,PatA,28,nucleo_cytoplasm,106305,granule,median,1057.0
d5fe782a,vasa,PatA,28,nucleo_cytoplasm,106305,pla,sum,95407761.0
d5fe782a,vasa,PatA,28,nucleo_cytoplasm,106305,pla,mean,897.4908141667843
d5fe782a,vasa,PatA,28,nucleo_cytoplasm,106305,pla,median,780.0
d5fe782a,vasa,PatA,28,nucleo_cytoplasm,106305,rna_type,sum,75263042.0
d5fe782a,vasa,PatA,28,nucleo_cytoplasm,106305,rna_type,mean,707.9915526080617
d5fe782a,vasa,PatA,28,nucleo_cytoplasm,106305,rna_type,median,499.0
4314a5f8,vasa,PatA,3,granule,4474,granule,sum,23357830.0
4314a5f8,vasa,PatA,3,granule,4474,granule,mean,5220.793473401877
4314a5f8,vasa,PatA,3,granule,4474,granule,median,4894.0
4314a5f8,vasa,PatA,3,granule,4474,pla,sum,8521453.0
4314a5f8,vasa,PatA,3,granule,4474,pla,mean,1904.6609298167189
4314a5f8,vasa,PatA,3,granule,4474,pla,median,1671.5
4314a5f8,vasa,PatA,3,granule,4474,rna_type,sum,16521969.0
4314a5f8,vasa,PatA,3,granule,4474,rna_type,mean,3692.885337505588
4314a5f8,vasa,PatA,3,granule,4474,rna_type,median,3092.5
4314a5f8,vasa,PatA,3,cell,150049,granule,sum,129612134.0
4314a5f8,vasa,PatA,3,cell,150049,granule,mean,863.7987190850989
4314a5f8,vasa,PatA,3,cell,150049,granule,median,524.0
4314a5f8,vasa,PatA,3,cell,150049,pla,sum,146899374.0
4314a5f8,vasa,PatA,3,cell,150049,pla,mean,979.0093502789089
4314a5f8,vasa,PatA,3,cell,150049,pla,median,814.0
4314a5f8,vasa,PatA,3,cell,150049,rna_type,sum,148163252.0
4314a5f8,vasa,PatA,3,cell,150049,rna_type,mean,987.4324520656586
4314a5f8,vasa,PatA,3,cell,150049,rna_type,median,609.0
4314a5f8,vasa,PatA,3,granule_periphery,11147,granule,sum,18938412.0
4314a5f8,vasa,PatA,3,granule_periphery,11147,granule,mean,1698.9694088095453
4314a5f8,vasa,PatA,3,granule_periphery,11147,granule,median,1415.0
4314a5f8,vasa,PatA,3,granule_periphery,11147,pla,sum,15209405.0
4314a5f8,vasa,PatA,3,granule_periphery,11147,pla,mean,1364.439311025388
4314a5f8,vasa,PatA,3,granule_periphery,11147,pla,median,1045.0
4314a5f8,vasa,PatA,3,granule_periphery,11147,rna_type,sum,22689066.0
4314a5f8,vasa,PatA,3,granule_periphery,11147,rna_type,mean,2035.4414640710504
4314a5f8,vasa,PatA,3,granule_periphery,11147,rna_type,median,1005.0
4314a5f8,vasa,PatA,3,pseudo_nucleus,33141,granule,sum,42779195.0
4314a5f8,vasa,PatA,3,pseudo_nucleus,33141,granule,mean,1290.823903925651
4314a5f8,vasa,PatA,3,pseudo_nucleus,33141,granule,median,891.0
4314a5f8,vasa,PatA,3,pseudo_nucleus,33141,pla,sum,35428216.0
4314a5f8,vasa,PatA,3,pseudo_nucleus,33141,pla,mean,1069.014694788932
4314a5f8,vasa,PatA,3,pseudo_nucleus,33141,pla,median,927.0
4314a5f8,vasa,PatA,3,pseudo_nucleus,33141,rna_type,sum,35688493.0
4314a5f8,vasa,PatA,3,pseudo_nucleus,33141,rna_type,mean,1076.868320207598
4314a5f8,vasa,PatA,3,pseudo_nucleus,33141,rna_type,median,804.0
4314a5f8,vasa,PatA,3,cytoplasm,107930,granule,sum,62872777.0
4314a5f8,vasa,PatA,3,cytoplasm,107930,granule,mean,582.5329102195868
4314a5f8,vasa,PatA,3,cytoplasm,107930,granule,median,371.0
4314a5f8,vasa,PatA,3,cytoplasm,107930,pla,sum,96359678.0
4314a5f8,vasa,PatA,3,cytoplasm,107930,pla,mean,892.7979060502178
4314a5f8,vasa,PatA,3,cytoplasm,107930,pla,median,758.0
4314a5f8,vasa,PatA,3,cytoplasm,107930,rna_type,sum,84338239.0
4314a5f8,vasa,PatA,3,cytoplasm,107930,rna_type,mean,781.416093764477
4314a5f8,vasa,PatA,3,cytoplasm,107930,rna_type,median,533.0
4314a5f8,vasa,PatA,3,nucleo_cytoplasm,134428,granule,sum,87315892.0
4314a5f8,vasa,PatA,3,nucleo_cytoplasm,134428,granule,mean,649.5364953729878
4314a5f8,vasa,PatA,3,nucleo_cytoplasm,134428,granule,median,450.0
4314a5f8,vasa,PatA,3,nucleo_cytoplasm,134428,pla,sum,123168516.0
4314a5f8,vasa,PatA,3,nucleo_cytoplasm,134428,pla,mean,916.2415270628143
4314a5f8,vasa,PatA,3,nucleo_cytoplasm,134428,pla,median,784.0
4314a5f8,vasa,PatA,3,nucleo_cytoplasm,134428,rna_type,sum,108952217.0
4314a5f8,vasa,PatA,3,nucleo_cytoplasm,134428,rna_type,mean,810.4875249204035
4314a5f8,vasa,PatA,3,nucleo_cytoplasm,134428,rna_type,median,572.0
cfd0a565,vasa,PatA,2,granule,9054,granule,sum,54503577.0
cfd0a565,vasa,PatA,2,granule,9054,granule,mean,6019.833996023857
cfd0a565,vasa,PatA,2,granule,9054,granule,median,5883.5
cfd0a565,vasa,PatA,2,granule,9054,pla,sum,10632982.0
cfd0a565,vasa,PatA,2,granule,9054,pla,mean,1174.396068036227
cfd0a565,vasa,PatA,2,granule,9054,pla,median,1009.0
cfd0a565,vasa,PatA,2,granule,9054,rna_type,sum,14786984.0
cfd0a565,vasa,PatA,2,granule,9054,rna_type,mean,1633.199028053899
cfd0a565,vasa,PatA,2,granule,9054,rna_type,median,1374.0
cfd0a565,vasa,PatA,2,cell,101319,granule,sum,123708175.0
cfd0a565,vasa,PatA,2,cell,101319,granule,mean,1220.977062545031
cfd0a565,vasa,PatA,2,cell,101319,granule,median,576.0
cfd0a565,vasa,PatA,2,cell,101319,pla,sum,90737903.0
cfd0a565,vasa,PatA,2,cell,101319,pla,mean,895.5665077626112
cfd0a565,vasa,PatA,2,cell,101319,pla,median,731.0
cfd0a565,vasa,PatA,2,cell,101319,rna_type,sum,96439479.0
cfd0a565,vasa,PatA,2,cell,101319,rna_type,mean,951.8400201344269
cfd0a565,vasa,PatA,2,cell,101319,rna_type,median,602.0
cfd0a565,vasa,PatA,2,granule_periphery,10362,granule,sum,18027838.0
cfd0a565,vasa,PatA,2,granule_periphery,10362,granule,mean,1739.8029337965643
cfd0a565,vasa,PatA,2,granule_periphery,10362,granule,median,1405.0
cfd0a565,vasa,PatA,2,granule_periphery,10362,pla,sum,12486173.0
cfd0a565,vasa,PatA,2,granule_periphery,10362,pla,mean,1204.9964292607606
cfd0a565,vasa,PatA,2,granule_periphery,10362,pla,median,932.0
cfd0a565,vasa,PatA,2,granule_periphery,10362,rna_type,sum,16469893.0
cfd0a565,vasa,PatA,2,granule_periphery,10362,rna_type,mean,1589.4511677282378
cfd0a565,vasa,PatA,2,granule_periphery,10362,rna_type,median,904.5
cfd0a565,vasa,PatA,2,pseudo_nucleus,14333,granule,sum,26693091.0
cfd0a565,vasa,PatA,2,pseudo_nucleus,14333,granule,mean,1862.351984929882
cfd0a565,vasa,PatA,2,pseudo_nucleus,14333,granule,median,1084.0
cfd0a565,vasa,PatA,2,pseudo_nucleus,14333,pla,sum,12721343.0
cfd0a565,vasa,PatA,2,pseudo_nucleus,14333,pla,mean,887.5561989813716
cfd0a565,vasa,PatA,2,pseudo_nucleus,14333,pla,median,761.0
cfd0a565,vasa,PatA,2,pseudo_nucleus,14333,rna_type,sum,14023062.0
cfd0a565,vasa,PatA,2,pseudo_nucleus,14333,rna_type,mean,978.3759157189702
cfd0a565,vasa,PatA,2,pseudo_nucleus,14333,rna_type,median,730.0
cfd0a565,vasa,PatA,2,cytoplasm,74544,granule,sum,44219051.0
cfd0a565,vasa,PatA,2,cytoplasm,74544,granule,mean,593.193965979824
cfd0a565,vasa,PatA,2,cytoplasm,74544,granule,median,379.0
cfd0a565,vasa,PatA,2,cytoplasm,74544,pla,sum,61349353.0
cfd0a565,vasa,PatA,2,cytoplasm,74544,pla,mean,822.9951840523718
cfd0a565,vasa,PatA,2,cytoplasm,74544,pla,median,680.0
cfd0a565,vasa,PatA,2,cytoplasm,74544,rna_type,sum,58168063.0
cfd0a565,vasa,PatA,2,cytoplasm,74544,rna_type,mean,780.3185098733634
cfd0a565,vasa,PatA,2,cytoplasm,74544,rna_type,median,508.0
cfd0a565,vasa,PatA,2,nucleo_cytoplasm,81903,granule,sum,51176760.0
cfd0a565,vasa,PatA,2,nucleo_cytoplasm,81903,granule,mean,624.8459763378631
cfd0a565,vasa,PatA,2,nucleo_cytoplasm,81903,granule,median,413.0
cfd0a565,vasa,PatA,2,nucleo_cytoplasm,81903,pla,sum,67618748.0
cfd0a565,vasa,PatA,2,nucleo_cytoplasm,81903,pla,mean,825.5954971124379
cfd0a565,vasa,PatA,2,nucleo_cytoplasm,81903,pla,median,685.0
cfd0a565,vasa,PatA,2,nucleo_cytoplasm,81903,rna_type,sum,65182602.0
cfd0a565,vasa,PatA,2,nucleo_cytoplasm,81903,rna_type,mean,795.8512142412366
cfd0a565,vasa,PatA,2,nucleo_cytoplasm,81903,rna_type,median,521.0
e804216c,actin,CHX,11,granule,10834,granule,sum,130207587.0
e804216c,actin,CHX,11,granule,10834,granule,mean,12018.422281705742
e804216c,actin,CHX,11,granule,10834,granule,median,11899.0
e804216c,actin,CHX,11,granule,10834,pla,sum,114340531.0
e804216c,actin,CHX,11,granule,10834,pla,mean,10553.861085471663
e804216c,actin,CHX,11,granule,10834,pla,median,10200.0
e804216c,actin,CHX,11,granule,10834,rna_type,sum,22602462.0
e804216c,actin,CHX,11,granule,10834,rna_type,mean,2086.2527229093594
e804216c,actin,CHX,11,granule,10834,rna_type,median,1867.0
e804216c,actin,CHX,11,cell,135527,granule,sum,277697959.0
e804216c,actin,CHX,11,cell,135527,granule,mean,2049.023139300656
e804216c,actin,CHX,11,cell,135527,granule,median,996.0
e804216c,actin,CHX,11,cell,135527,pla,sum,1086551874.0
e804216c,actin,CHX,11,cell,135527,pla,mean,8017.235488131516
e804216c,actin,CHX,11,cell,135527,pla,median,7007.0
e804216c,actin,CHX,11,cell,135527,rna_type,sum,208654193.0
e804216c,actin,CHX,11,cell,135527,rna_type,mean,1539.5765640794823
e804216c,actin,CHX,11,cell,135527,rna_type,median,1325.0
e804216c,actin,CHX,11,granule_periphery,12392,granule,sum,35655329.0
e804216c,actin,CHX,11,granule_periphery,12392,granule,mean,2877.286071659135
e804216c,actin,CHX,11,granule_periphery,12392,granule,median,2547.5
e804216c,actin,CHX,11,granule_periphery,12392,pla,sum,132856700.0
e804216c,actin,CHX,11,granule_periphery,12392,pla,mean,10721.166881859264
e804216c,actin,CHX,11,granule_periphery,12392,pla,median,9976.0
e804216c,actin,CHX,11,granule_periphery,12392,rna_type,sum,22232777.0
e804216c,actin,CHX,11,granule_periphery,12392,rna_type,mean,1794.1233860555196
e804216c,actin,CHX,11,granule_periphery,12392,rna_type,median,1586.0
e804216c,actin,CHX,11,pseudo_nucleus,24480,granule,sum,84929850.0
e804216c,actin,CHX,11,pseudo_nucleus,24480,granule,mean,3469.356617647059
e804216c,actin,CHX,11,pseudo_nucleus,24480,granule,median,1732.0
e804216c,actin,CHX,11,pseudo_nucleus,24480,pla,sum,342851465.0
e804216c,actin,CHX,11,pseudo_nucleus,24480,pla,mean,14005.370302287582
e804216c,actin,CHX,11,pseudo_nucleus,24480,pla,median,13673.0
e804216c,actin,CHX,11,pseudo_nucleus,24480,rna_type,sum,46996194.0
e804216c,actin,CHX,11,pseudo_nucleus,24480,rna_type,mean,1919.7791666666667
e804216c,actin,CHX,11,pseudo_nucleus,24480,rna_type,median,1721.0
e804216c,actin,CHX,11,cytoplasm,97125,granule,sum,90812561.0
e804216c,actin,CHX,11,cytoplasm,97125,granule,mean,935.007063063063
e804216c,actin,CHX,11,cytoplasm,97125,granule,median,759.0
e804216c,actin,CHX,11,cytoplasm,97125,pla,sum,613833179.0
e804216c,actin,CHX,11,cytoplasm,97125,pla,mean,6320.032731016731
e804216c,actin,CHX,11,cytoplasm,97125,pla,median,6087.0
e804216c,actin,CHX,11,cytoplasm,97125,rna_type,sum,134993634.0
e804216c,actin,CHX,11,cytoplasm,97125,rna_type,mean,1389.8958455598456
e804216c,actin,CHX,11,cytoplasm,97125,rna_type,median,1190.0
e804216c,actin,CHX,11,nucleo_cytoplasm,112301,granule,sum,111835043.0
e804216c,actin,CHX,11,nucleo_cytoplasm,112301,granule,mean,995.8508205625951
e804216c,actin,CHX,11,nucleo_cytoplasm,112301,granule,median,812.0
e804216c,actin,CHX,11,nucleo_cytoplasm,112301,pla,sum,839354643.0
e804216c,actin,CHX,11,nucleo_cytoplasm,112301,pla,mean,7474.15110283969
e804216c,actin,CHX,11,nucleo_cytoplasm,112301,pla,median,6517.0
e804216c,actin,CHX,11,nucleo_cytoplasm,112301,rna_type,sum,163818954.0
e804216c,actin,CHX,11,nucleo_cytoplasm,112301,rna_type,mean,1458.7488446229331
e804216c,actin,CHX,11,nucleo_cytoplasm,112301,rna_type,median,1255.0
0aa11c0c,vasa,PatA,14,granule,3951,granule,sum,107111233.0
0aa11c0c,vasa,PatA,14,granule,3951,granule,mean,27109.904581118702
0aa11c0c,vasa,PatA,14,granule,3951,granule,median,23719.0
0aa11c0c,vasa,PatA,14,granule,3951,pla,sum,8157774.0
0aa11c0c,vasa,PatA,14,granule,3951,pla,mean,2064.7365223993925
0aa11c0c,vasa,PatA,14,granule,3951,pla,median,1885.0
0aa11c0c,vasa,PatA,14,granule,3951,rna_type,sum,10276960.0
0aa11c0c,vasa,PatA,14,granule,3951,rna_type,mean,2601.103518096684
0aa11c0c,vasa,PatA,14,granule,3951,rna_type,median,1768.0
0aa11c0c,vasa,PatA,14,cell,134107,granule,sum,485531051.0
0aa11c0c,vasa,PatA,14,cell,134107,granule,mean,3620.475075872251
0aa11c0c,vasa,PatA,14,cell,134107,granule,median,2276.0
0aa11c0c,vasa,PatA,14,cell,134107,pla,sum,223175456.0
0aa11c0c,vasa,PatA,14,cell,134107,pla,mean,1664.1596337253088
0aa11c0c,vasa,PatA,14,cell,134107,pla,median,1505.0
0aa11c0c,vasa,PatA,14,cell,134107,rna_type,sum,144221152.0
0aa11c0c,vasa,PatA,14,cell,134107,rna_type,mean,1075.4185240144063
0aa11c0c,vasa,PatA,14,cell,134107,rna_type,median,767.0
0aa11c0c,vasa,PatA,14,granule_periphery,15889,granule,sum,109065193.0
0aa11c0c,vasa,PatA,14,granule_periphery,15889,granule,mean,6864.194914720876
0aa11c0c,vasa,PatA,14,granule_periphery,15889,granule,median,5928.0
0aa11c0c,vasa,PatA,14,granule_periphery,15889,pla,sum,30583815.0
0aa11c0c,vasa,PatA,14,granule_periphery,15889,pla,mean,1924.8420290767197
0aa11c0c,vasa,PatA,14,granule_periphery,15889,pla,median,1717.0
0aa11c0c,vasa,PatA,14,granule_periphery,15889,rna_type,sum,25652843.0
0aa11c0c,vasa,PatA,14,granule_periphery,15889,rna_type,mean,1614.503304172698
0aa11c0c,vasa,PatA,14,granule_periphery,15889,rna_type,median,1117.0
0aa11c0c,vasa,PatA,14,pseudo_nucleus,57892,granule,sum,308823206.0
0aa11c0c,vasa,PatA,14,pseudo_nucleus,57892,granule,mean,5334.471187728875
0aa11c0c,vasa,PatA,14,pseudo_nucleus,57892,granule,median,3155.0
0aa11c0c,vasa,PatA,14,pseudo_nucleus,57892,pla,sum,96461089.0
0aa11c0c,vasa,PatA,14,pseudo_nucleus,57892,pla,mean,1666.2248497201685
0aa11c0c,vasa,PatA,14,pseudo_nucleus,57892,pla,median,1491.0
0aa11c0c,vasa,PatA,14,pseudo_nucleus,57892,rna_type,sum,69364222.0
0aa11c0c,vasa,PatA,14,pseudo_nucleus,57892,rna_type,mean,1198.1659296621294
0aa11c0c,vasa,PatA,14,pseudo_nucleus,57892,rna_type,median,828.0
0aa11c0c,vasa,PatA,14,cytoplasm,72492,granule,sum,146731889.0
0aa11c0c,vasa,PatA,14,cytoplasm,72492,granule,mean,2024.1114743695857
0aa11c0c,vasa,PatA,14,cytoplasm,72492,granule,median,1771.0
0aa11c0c,vasa,PatA,14,cytoplasm,72492,pla,sum,118571825.0
0aa11c0c,vasa,PatA,14,cytoplasm,72492,pla,mean,1635.6539342272251
0aa11c0c,vasa,PatA,14,cytoplasm,72492,pla,median,1497.0
0aa11c0c,vasa,PatA,14,cytoplasm,72492,rna_type,sum,66728709.0
0aa11c0c,vasa,PatA,14,cytoplasm,72492,rna_type,mean,920.4975583512663
0aa11c0c,vasa,PatA,14,cytoplasm,72492,rna_type,median,697.0
0aa11c0c,vasa,PatA,14,nucleo_cytoplasm,114267,granule,sum,269354625.0
0aa11c0c,vasa,PatA,14,nucleo_cytoplasm,114267,granule,mean,2357.238966630786
0aa11c0c,vasa,PatA,14,nucleo_cytoplasm,114267,granule,median,2005.0
0aa11c0c,vasa,PatA,14,nucleo_cytoplasm,114267,pla,sum,184433867.0
0aa11c0c,vasa,PatA,14,nucleo_cytoplasm,114267,pla,mean,1614.0606386795837
0aa11c0c,vasa,PatA,14,nucleo_cytoplasm,114267,pla,median,1471.0
0aa11c0c,vasa,PatA,14,nucleo_cytoplasm,114267,rna_type,sum,108291349.0
0aa11c0c,vasa,PatA,14,nucleo_cytoplasm,114267,rna_type,mean,947.7044903602965
0aa11c0c,vasa,PatA,14,nucleo_cytoplasm,114267,rna_type,median,712.0
009c5e56,actin,DMSO,23,granule,8794,granule,sum,212747562.0
009c5e56,actin,DMSO,23,granule,8794,granule,mean,24192.35410507164
009c5e56,actin,DMSO,23,granule,8794,granule,median,24793.0
009c5e56,actin,DMSO,23,granule,8794,pla,sum,14428145.0
009c5e56,actin,DMSO,23,granule,8794,pla,mean,1640.6805776665908
009c5e56,actin,DMSO,23,granule,8794,pla,median,1497.0
009c5e56,actin,DMSO,23,granule,8794,rna_type,sum,17793806.0
009c5e56,actin,DMSO,23,granule,8794,rna_type,mean,2023.4030020468501
009c5e56,actin,DMSO,23,granule,8794,rna_type,median,1777.5
009c5e56,actin,DMSO,23,cell,117140,granule,sum,445485757.0
009c5e56,actin,DMSO,23,cell,117140,granule,mean,3803.0199504865973
009c5e56,actin,DMSO,23,cell,117140,granule,median,1766.0
009c5e56,actin,DMSO,23,cell,117140,pla,sum,174399479.0
009c5e56,actin,DMSO,23,cell,117140,pla,mean,1488.8123527403106
009c5e56,actin,DMSO,23,cell,117140,pla,median,1351.0
009c5e56,actin,DMSO,23,cell,117140,rna_type,sum,180572689.0
009c5e56,actin,DMSO,23,cell,117140,rna_type,mean,1541.5117722383472
009c5e56,actin,DMSO,23,cell,117140,rna_type,median,1327.0
009c5e56,actin,DMSO,23,granule_periphery,13459,granule,sum,69981060.0
009c5e56,actin,DMSO,23,granule_periphery,13459,granule,mean,5199.573519577978
009c5e56,actin,DMSO,23,granule_periphery,13459,granule,median,4668.0
009c5e56,actin,DMSO,23,granule_periphery,13459,pla,sum,20702210.0
009c5e56,actin,DMSO,23,granule_periphery,13459,pla,mean,1538.1685117765064
009c5e56,actin,DMSO,23,granule_periphery,13459,pla,median,1396.0
009c5e56,actin,DMSO,23,granule_periphery,13459,rna_type,sum,21571677.0
009c5e56,actin,DMSO,23,granule_periphery,13459,rna_type,mean,1602.7696708522178
009c5e56,actin,DMSO,23,granule_periphery,13459,rna_type,median,1401.0
009c5e56,actin,DMSO,23,pseudo_nucleus,30322,granule,sum,138837115.0
009c5e56,actin,DMSO,23,pseudo_nucleus,30322,granule,mean,4578.7584921838925
009c5e56,actin,DMSO,23,pseudo_nucleus,30322,granule,median,2650.0
009c5e56,actin,DMSO,23,pseudo_nucleus,30322,pla,sum,44468045.0
009c5e56,actin,DMSO,23,pseudo_nucleus,30322,pla,mean,1466.5274388232965
009c5e56,actin,DMSO,23,pseudo_nucleus,30322,pla,median,1329.5
009c5e56,actin,DMSO,23,pseudo_nucleus,30322,rna_type,sum,43527559.0
009c5e56,actin,DMSO,23,pseudo_nucleus,30322,rna_type,mean,1435.510817228415
009c5e56,actin,DMSO,23,pseudo_nucleus,30322,rna_type,median,1235.0
009c5e56,actin,DMSO,23,cytoplasm,72821,granule,sum,110441813.0
009c5e56,actin,DMSO,23,cytoplasm,72821,granule,mean,1516.620384229824
009c5e56,actin,DMSO,23,cytoplasm,72821,granule,median,1276.0
009c5e56,actin,DMSO,23,cytoplasm,72821,pla,sum,107654968.0
009c5e56,actin,DMSO,23,cytoplasm,72821,pla,mean,1478.3505856827014
009c5e56,actin,DMSO,23,cytoplasm,72821,pla,median,1343.0
009c5e56,actin,DMSO,23,cytoplasm,72821,rna_type,sum,111007040.0
009c5e56,actin,DMSO,23,cytoplasm,72821,rna_type,mean,1524.3822523722552
009c5e56,actin,DMSO,23,cytoplasm,72821,rna_type,median,1314.0
009c5e56,actin,DMSO,23,nucleo_cytoplasm,94887,granule,sum,162757135.0
009c5e56,actin,DMSO,23,nucleo_cytoplasm,94887,granule,mean,1715.2732724187717
009c5e56,actin,DMSO,23,nucleo_cytoplasm,94887,granule,median,1440.0
009c5e56,actin,DMSO,23,nucleo_cytoplasm,94887,pla,sum,139269124.0
009c5e56,actin,DMSO,23,nucleo_cytoplasm,94887,pla,mean,1467.7366130239127
009c5e56,actin,DMSO,23,nucleo_cytoplasm,94887,pla,median,1332.0
009c5e56,actin,DMSO,23,nucleo_cytoplasm,94887,rna_type,sum,141207206.0
009c5e56,actin,DMSO,23,nucleo_cytoplasm,94887,rna_type,mean,1488.161771370156
009c5e56,actin,DMSO,23,nucleo_cytoplasm,94887,rna_type,median,1280.0
8380f26f,actin,PatA,8,granule,7101,granule,sum,87206654.0
8380f26f,actin,PatA,8,granule,7101,granule,mean,12280.897620053514
8380f26f,actin,PatA,8,granule,7101,granule,median,11018.0
8380f26f,actin,PatA,8,granule,7101,pla,sum,36919364.0
8380f26f,actin,PatA,8,granule,7101,pla,mean,5199.178143923391
8380f26f,actin,PatA,8,granule,7101,pla,median,5135.0
8380f26f,actin,PatA,8,granule,7101,rna_type,sum,14204557.0
8380f26f,actin,PatA,8,granule,7101,rna_type,mean,2000.360090128151
8380f26f,actin,PatA,8,granule,7101,rna_type,median,1798.0
8380f26f,actin,PatA,8,cell,114878,granule,sum,259044895.0
8380f26f,actin,PatA,8,cell,114878,granule,mean,2254.956519089817
8380f26f,actin,PatA,8,cell,114878,granule,median,1259.0
8380f26f,actin,PatA,8,cell,114878,pla,sum,588488257.0
8380f26f,actin,PatA,8,cell,114878,pla,mean,5122.723733003709
8380f26f,actin,PatA,8,cell,114878,pla,median,5016.0
8380f26f,actin,PatA,8,cell,114878,rna_type,sum,207989944.0
8380f26f,actin,PatA,8,cell,114878,rna_type,mean,1810.5289437490208
8380f26f,actin,PatA,8,cell,114878,rna_type,median,1605.0
8380f26f,actin,PatA,8,granule_periphery,13557,granule,sum,54066667.0
8380f26f,actin,PatA,8,granule_periphery,13557,granule,mean,3988.0996533156303
8380f26f,actin,PatA,8,granule_periphery,13557,granule,median,3677.0
8380f26f,actin,PatA,8,granule_periphery,13557,pla,sum,68202438.0
8380f26f,actin,PatA,8,granule_periphery,13557,pla,mean,5030.791325514494
8380f26f,actin,PatA,8,granule_periphery,13557,pla,median,4925.0
8380f26f,actin,PatA,8,granule_periphery,13557,rna_type,sum,25372618.0
8380f26f,actin,PatA,8,granule_periphery,13557,rna_type,mean,1871.5510806225566
8380f26f,actin,PatA,8,granule_periphery,13557,rna_type,median,1667.0
8380f26f,actin,PatA,8,pseudo_nucleus,19949,granule,sum,92093543.0
8380f26f,actin,PatA,8,pseudo_nucleus,19949,granule,mean,4616.449095192742
8380f26f,actin,PatA,8,pseudo_nucleus,19949,granule,median,3344.0
8380f26f,actin,PatA,8,pseudo_nucleus,19949,pla,sum,105448610.0
8380f26f,actin,PatA,8,pseudo_nucleus,19949,pla,mean,5285.909569401975
8380f26f,actin,PatA,8,pseudo_nucleus,19949,pla,median,5185.0
8380f26f,actin,PatA,8,pseudo_nucleus,19949,rna_type,sum,35942446.0
8380f26f,actin,PatA,8,pseudo_nucleus,19949,rna_type,mean,1801.7166775276955
8380f26f,actin,PatA,8,pseudo_nucleus,19949,rna_type,median,1613.0
8380f26f,actin,PatA,8,cytoplasm,84992,granule,sum,95241139.0
8380f26f,actin,PatA,8,cytoplasm,84992,granule,mean,1120.5894554781626
8380f26f,actin,PatA,8,cytoplasm,84992,granule,median,934.0
8380f26f,actin,PatA,8,cytoplasm,84992,pla,sum,433824045.0
8380f26f,actin,PatA,8,cytoplasm,84992,pla,mean,5104.292698136295
8380f26f,actin,PatA,8,cytoplasm,84992,pla,median,4990.0
8380f26f,actin,PatA,8,cytoplasm,84992,rna_type,sum,152209127.0
8380f26f,actin,PatA,8,cytoplasm,84992,rna_type,mean,1790.864163685994
8380f26f,actin,PatA,8,cytoplasm,84992,rna_type,median,1584.0
8380f26f,actin,PatA,8,nucleo_cytoplasm,94220,granule,sum,117771574.0
8380f26f,actin,PatA,8,nucleo_cytoplasm,94220,granule,mean,1249.9636382933559
8380f26f,actin,PatA,8,nucleo_cytoplasm,94220,granule,median,1018.0
8380f26f,actin,PatA,8,nucleo_cytoplasm,94220,pla,sum,483366455.0
8380f26f,actin,PatA,8,nucleo_cytoplasm,94220,pla,mean,5130.189503290172
8380f26f,actin,PatA,8,nucleo_cytoplasm,94220,pla,median,5020.0
8380f26f,actin,PatA,8,nucleo_cytoplasm,94220,rna_type,sum,168412769.0
8380f26f,actin,PatA,8,nucleo_cytoplasm,94220,rna_type,mean,1787.4418276374442
8380f26f,actin,PatA,8,nucleo_cytoplasm,94220,rna_type,median,1582.0
aa2c53e6,actin,CHX,20,granule,2426,granule,sum,11943958.0
aa2c53e6,actin,CHX,20,granule,2426,granule,mean,4923.313272877164
aa2c53e6,actin,CHX,20,granule,2426,granule,median,4592.5
aa2c53e6,actin,CHX,20,granule,2426,pla,sum,3529030.0
aa2c53e6,actin,CHX,20,granule,2426,pla,mean,1454.6702390766693
aa2c53e6,actin,CHX,20,granule,2426,pla,median,1331.5
aa2c53e6,actin,CHX,20,granule,2426,rna_type,sum,2587931.0
aa2c53e6,actin,CHX,20,granule,2426,rna_type,mean,1066.7481450948062
aa2c53e6,actin,CHX,20,granule,2426,rna_type,median,855.0
aa2c53e6,actin,CHX,20,cell,129791,granule,sum,219354099.0
aa2c53e6,actin,CHX,20,cell,129791,granule,mean,1690.0563136118838
aa2c53e6,actin,CHX,20,cell,129791,granule,median,1452.0
aa2c53e6,actin,CHX,20,cell,129791,pla,sum,176189790.0
aa2c53e6,actin,CHX,20,cell,129791,pla,mean,1357.488500743503
aa2c53e6,actin,CHX,20,cell,129791,pla,median,1204.0
aa2c53e6,actin,CHX,20,cell,129791,rna_type,sum,121509852.0
aa2c53e6,actin,CHX,20,cell,129791,rna_type,mean,936.1962847963264
aa2c53e6,actin,CHX,20,cell,129791,rna_type,median,715.0
aa2c53e6,actin,CHX,20,granule_periphery,9637,granule,sum,25145155.0
aa2c53e6,actin,CHX,20,granule_periphery,9637,granule,mean,2609.230569679361
aa2c53e6,actin,CHX,20,granule_periphery,9637,granule,median,2404.0
aa2c53e6,actin,CHX,20,granule_periphery,9637,pla,sum,13372179.0
aa2c53e6,actin,CHX,20,granule_periphery,9637,pla,mean,1387.5873197053024
aa2c53e6,actin,CHX,20,granule_periphery,9637,pla,median,1238.0
aa2c53e6,actin,CHX,20,granule_periphery,9637,rna_type,sum,9358194.0
aa2c53e6,actin,CHX,20,granule_periphery,9637,rna_type,mean,971.0692124105012
aa2c53e6,actin,CHX,20,granule_periphery,9637,rna_type,median,769.0
aa2c53e6,actin,CHX,20,pseudo_nucleus,18394,granule,sum,43904764.0
aa2c53e6,actin,CHX,20,pseudo_nucleus,18394,granule,mean,2386.9068174404697
aa2c53e6,actin,CHX,20,pseudo_nucleus,18394,granule,median,2047.0
aa2c53e6,actin,CHX,20,pseudo_nucleus,18394,pla,sum,25439974.0
aa2c53e6,actin,CHX,20,pseudo_nucleus,18394,pla,mean,1383.058279873872
aa2c53e6,actin,CHX,20,pseudo_nucleus,18394,pla,median,1239.0
aa2c53e6,actin,CHX,20,pseudo_nucleus,18394,rna_type,sum,16561727.0
aa2c53e6,actin,CHX,20,pseudo_nucleus,18394,rna_type,mean,900.387463303251
aa2c53e6,actin,CHX,20,pseudo_nucleus,18394,rna_type,median,703.0
aa2c53e6,actin,CHX,20,cytoplasm,105801,granule,sum,159883972.0
aa2c53e6,actin,CHX,20,cytoplasm,105801,granule,mean,1511.1763782951011
aa2c53e6,actin,CHX,20,cytoplasm,105801,granule,median,1336.0
aa2c53e6,actin,CHX,20,cytoplasm,105801,pla,sum,142834721.0
aa2c53e6,actin,CHX,20,cytoplasm,105801,pla,mean,1350.0318617026305
aa2c53e6,actin,CHX,20,cytoplasm,105801,pla,median,1194.0
aa2c53e6,actin,CHX,20,cytoplasm,105801,rna_type,sum,99139613.0
aa2c53e6,actin,CHX,20,cytoplasm,105801,rna_type,mean,937.0385251557169
aa2c53e6,actin,CHX,20,cytoplasm,105801,rna_type,median,712.0
aa2c53e6,actin,CHX,20,nucleo_cytoplasm,117728,granule,sum,182264986.0
aa2c53e6,actin,CHX,20,nucleo_cytoplasm,117728,granule,mean,1548.1872281870073
aa2c53e6,actin,CHX,20,nucleo_cytoplasm,117728,granule,median,1371.0
aa2c53e6,actin,CHX,20,nucleo_cytoplasm,117728,pla,sum,159288581.0
aa2c53e6,actin,CHX,20,nucleo_cytoplasm,117728,pla,mean,1353.0220593231857
aa2c53e6,actin,CHX,20,nucleo_cytoplasm,117728,pla,median,1199.0
aa2c53e6,actin,CHX,20,nucleo_cytoplasm,117728,rna_type,sum,109563727.0
aa2c53e6,actin,CHX,20,nucleo_cytoplasm,117728,rna_type,mean,930.6513913427561
aa2c53e6,actin,CHX,20,nucleo_cytoplasm,117728,rna_type,median,708.0
c96f8477,vasa,CHX,12,granule,6471,granule,sum,47082613.0
c96f8477,vasa,CHX,12,granule,6471,granule,mean,7275.940812857363
c96f8477,vasa,CHX,12,granule,6471,granule,median,6539.0
c96f8477,vasa,CHX,12,granule,6471,pla,sum,16649551.0
c96f8477,vasa,CHX,12,granule,6471,pla,mean,2572.948694174007
c96f8477,vasa,CHX,12,granule,6471,pla,median,1392.0
c96f8477,vasa,CHX,12,granule,6471,rna_type,sum,41563287.0
c96f8477,vasa,CHX,12,granule,6471,rna_type,mean,6423.008344923505
c96f8477,vasa,CHX,12,granule,6471,rna_type,median,1734.0
c96f8477,vasa,CHX,12,cell,100062,granule,sum,196083029.0
c96f8477,vasa,CHX,12,cell,100062,granule,mean,1959.6153284963323
c96f8477,vasa,CHX,12,cell,100062,granule,median,1395.0
c96f8477,vasa,CHX,12,cell,100062,pla,sum,133362643.0
c96f8477,vasa,CHX,12,cell,100062,pla,mean,1332.8000939417561
c96f8477,vasa,CHX,12,cell,100062,pla,median,1062.0
c96f8477,vasa,CHX,12,cell,100062,rna_type,sum,196336499.0
c96f8477,vasa,CHX,12,cell,100062,rna_type,mean,1962.1484579560672
c96f8477,vasa,CHX,12,cell,100062,rna_type,median,1048.0
c96f8477,vasa,CHX,12,granule_periphery,15903,granule,sum,43978015.0
c96f8477,vasa,CHX,12,granule_periphery,15903,granule,mean,2765.391121172106
c96f8477,vasa,CHX,12,granule_periphery,15903,granule,median,2532.0
c96f8477,vasa,CHX,12,granule_periphery,15903,pla,sum,25798370.0
c96f8477,vasa,CHX,12,granule_periphery,15903,pla,mean,1622.232912029177
c96f8477,vasa,CHX,12,granule_periphery,15903,pla,median,1176.0
c96f8477,vasa,CHX,12,granule_periphery,15903,rna_type,sum,47766636.0
c96f8477,vasa,CHX,12,granule_periphery,15903,rna_type,mean,3003.6242218449347
c96f8477,vasa,CHX,12,granule_periphery,15903,rna_type,median,1168.0
c96f8477,vasa,CHX,12,pseudo_nucleus,31864,granule,sum,92604082.0
c96f8477,vasa,CHX,12,pseudo_nucleus,31864,granule,mean,2906.229035902586
c96f8477,vasa,CHX,12,pseudo_nucleus,31864,granule,median,2265.0
c96f8477,vasa,CHX,12,pseudo_nucleus,31864,pla,sum,50491630.0
c96f8477,vasa,CHX,12,pseudo_nucleus,31864,pla,mean,1584.597978910369
c96f8477,vasa,CHX,12,pseudo_nucleus,31864,pla,median,1089.0
c96f8477,vasa,CHX,12,pseudo_nucleus,31864,rna_type,sum,90123882.0
c96f8477,vasa,CHX,12,pseudo_nucleus,31864,rna_type,mean,2828.391978408235
c96f8477,vasa,CHX,12,pseudo_nucleus,31864,rna_type,median,1017.0
c96f8477,vasa,CHX,12,cytoplasm,59899,granule,sum,70943408.0
c96f8477,vasa,CHX,12,cytoplasm,59899,granule,mean,1184.383846141004
c96f8477,vasa,CHX,12,cytoplasm,59899,granule,median,1003.0
c96f8477,vasa,CHX,12,cytoplasm,59899,pla,sum,69802017.0
c96f8477,vasa,CHX,12,cytoplasm,59899,pla,mean,1165.328586453864
c96f8477,vasa,CHX,12,cytoplasm,59899,pla,median,1023.0
c96f8477,vasa,CHX,12,cytoplasm,59899,rna_type,sum,84151029.0
c96f8477,vasa,CHX,12,cytoplasm,59899,rna_type,mean,1404.8820347585101
c96f8477,vasa,CHX,12,cytoplasm,59899,rna_type,median,1025.0
c96f8477,vasa,CHX,12,nucleo_cytoplasm,77719,granule,sum,105053710.0
c96f8477,vasa,CHX,12,nucleo_cytoplasm,77719,granule,mean,1351.712065260747
c96f8477,vasa,CHX,12,nucleo_cytoplasm,77719,granule,median,1139.0
c96f8477,vasa,CHX,12,nucleo_cytoplasm,77719,pla,sum,90972370.0
c96f8477,vasa,CHX,12,nucleo_cytoplasm,77719,pla,mean,1170.5293428891262
c96f8477,vasa,CHX,12,nucleo_cytoplasm,77719,pla,median,1022.0
c96f8477,vasa,CHX,12,nucleo_cytoplasm,77719,rna_type,sum,107127422.0
c96f8477,vasa,CHX,12,nucleo_cytoplasm,77719,rna_type,mean,1378.3942407905404
c96f8477,vasa,CHX,12,nucleo_cytoplasm,77719,rna_type,median,996.0
137d9404,vasa,DMSO,4,granule,13307,granule,sum,267077256.0
137d9404,vasa,DMSO,4,granule,13307,granule,mean,20070.43330577891
137d9404,vasa,DMSO,4,granule,13307,granule,median,20393.0
137d9404,vasa,DMSO,4,granule,13307,pla,sum,34561988.0
137d9404,vasa,DMSO,4,granule,13307,pla,mean,2597.2787254828286
137d9404,vasa,DMSO,4,granule,13307,pla,median,2324.0
137d9404,vasa,DMSO,4,granule,13307,rna_type,sum,70389016.0
137d9404,vasa,DMSO,4,granule,13307,rna_type,mean,5289.623205831517
137d9404,vasa,DMSO,4,granule,13307,rna_type,median,4709.0
137d9404,vasa,DMSO,4,cell,117423,granule,sum,461211611.0
137d9404,vasa,DMSO,4,cell,117423,granule,mean,3927.7791488890593
137d9404,vasa,DMSO,4,cell,117423,granule,median,1500.0
137d9404,vasa,DMSO,4,cell,117423,pla,sum,225434685.0
137d9404,vasa,DMSO,4,cell,117423,pla,mean,1919.85117907054
137d9404,vasa,DMSO,4,cell,117423,pla,median,1696.0
137d9404,vasa,DMSO,4,cell,117423,rna_type,sum,364633607.0
137d9404,vasa,DMSO,4,cell,117423,rna_type,mean,3105.299702783952
137d9404,vasa,DMSO,4,cell,117423,rna_type,median,2555.0
137d9404,vasa,DMSO,4,granule_periphery,11218,granule,sum,58217077.0
137d9404,vasa,DMSO,4,granule_periphery,11218,granule,mean,5189.612854341237
137d9404,vasa,DMSO,4,granule_periphery,11218,granule,median,4681.0
137d9404,vasa,DMSO,4,granule_periphery,11218,pla,sum,24840312.0
137d9404,vasa,DMSO,4,granule_periphery,11218,pla,mean,2214.3262613656625
137d9404,vasa,DMSO,4,granule_periphery,11218,pla,median,1956.0
137d9404,vasa,DMSO,4,granule_periphery,11218,rna_type,sum,44869311.0
137d9404,vasa,DMSO,4,granule_periphery,11218,rna_type,mean,3999.7602959529327
137d9404,vasa,DMSO,4,granule_periphery,11218,rna_type,median,3439.0
137d9404,vasa,DMSO,4,pseudo_nucleus,21490,granule,sum,109095403.0
137d9404,vasa,DMSO,4,pseudo_nucleus,21490,granule,mean,5076.565984178687
137d9404,vasa,DMSO,4,pseudo_nucleus,21490,granule,median,2938.0
137d9404,vasa,DMSO,4,pseudo_nucleus,21490,pla,sum,32302564.0
137d9404,vasa,DMSO,4,pseudo_nucleus,21490,pla,mean,1503.1439739413681
137d9404,vasa,DMSO,4,pseudo_nucleus,21490,pla,median,1339.0
137d9404,vasa,DMSO,4,pseudo_nucleus,21490,rna_type,sum,44018819.0
137d9404,vasa,DMSO,4,pseudo_nucleus,21490,rna_type,mean,2048.339646347138
137d9404,vasa,DMSO,4,pseudo_nucleus,21490,rna_type,median,1744.0
137d9404,vasa,DMSO,4,cytoplasm,78114,granule,sum,98168561.0
137d9404,vasa,DMSO,4,cytoplasm,78114,granule,mean,1256.7345290216863
137d9404,vasa,DMSO,4,cytoplasm,78114,granule,median,967.0
137d9404,vasa,DMSO,4,cytoplasm,78114,pla,sum,146087992.0
137d9404,vasa,DMSO,4,cytoplasm,78114,pla,mean,1870.189620298538
137d9404,vasa,DMSO,4,cytoplasm,78114,pla,median,1675.0
137d9404,vasa,DMSO,4,cytoplasm,78114,rna_type,sum,224608946.0
137d9404,vasa,DMSO,4,cytoplasm,78114,rna_type,mean,2875.3993650305965
137d9404,vasa,DMSO,4,cytoplasm,78114,rna_type,median,2447.0
137d9404,vasa,DMSO,4,nucleo_cytoplasm,92898,granule,sum,135917278.0
137d9404,vasa,DMSO,4,nucleo_cytoplasm,92898,granule,mean,1463.0807767659153
137d9404,vasa,DMSO,4,nucleo_cytoplasm,92898,granule,median,1116.0
137d9404,vasa,DMSO,4,nucleo_cytoplasm,92898,pla,sum,166032385.0
137d9404,vasa,DMSO,4,nucleo_cytoplasm,92898,pla,mean,1787.2546771728132
137d9404,vasa,DMSO,4,nucleo_cytoplasm,92898,pla,median,1591.0
137d9404,vasa,DMSO,4,nucleo_cytoplasm,92898,rna_type,sum,249375280.0
137d9404,vasa,DMSO,4,nucleo_cytoplasm,92898,rna_type,mean,2684.3988029882235
137d9404,vasa,DMSO,4,nucleo_cytoplasm,92898,rna_type,median,2248.0
77cb6642,actin,PatA,5,granule,8470,granule,sum,106462910.0
77cb6642,actin,PatA,5,granule,8470,granule,mean,12569.410861865408
77cb6642,actin,PatA,5,granule,8470,granule,median,11552.5
77cb6642,actin,PatA,5,granule,8470,pla,sum,16281435.0
77cb6642,actin,PatA,5,granule,8470,pla,mean,1922.2473435655254
77cb6642,actin,PatA,5,granule,8470,pla,median,1781.0
77cb6642,actin,PatA,5,granule,8470,rna_type,sum,10561391.0
77cb6642,actin,PatA,5,granule,8470,rna_type,mean,1246.9174734356552
77cb6642,actin,PatA,5,granule,8470,rna_type,median,1024.5
77cb6642,actin,PatA,5,cell,103178,granule,sum,260302992.0
77cb6642,actin,PatA,5,cell,103178,granule,mean,2522.8536315881292
77cb6642,actin,PatA,5,cell,103178,granule,median,1336.0
77cb6642,actin,PatA,5,cell,103178,pla,sum,178071961.0
77cb6642,actin,PatA,5,cell,103178,pla,mean,1725.8714163872144
77cb6642,actin,PatA,5,cell,103178,pla,median,1590.0
77cb6642,actin,PatA,5,cell,103178,rna_type,sum,102978138.0
77cb6642,actin,PatA,5,cell,103178,rna_type,mean,998.0629397739829
77cb6642,actin,PatA,5,cell,103178,rna_type,median,790.0
77cb6642,actin,PatA,5,granule_periphery,12539,granule,sum,46672994.0
77cb6642,actin,PatA,5,granule_periphery,12539,granule,mean,3722.2261743360714
77cb6642,actin,PatA,5,granule_periphery,12539,granule,median,3322.0
77cb6642,actin,PatA,5,granule_periphery,12539,pla,sum,23175062.0
77cb6642,actin,PatA,5,granule_periphery,12539,pla,mean,1848.2384560172263
77cb6642,actin,PatA,5,granule_periphery,12539,pla,median,1708.0
77cb6642,actin,PatA,5,granule_periphery,12539,rna_type,sum,14099450.0
77cb6642,actin,PatA,5,granule_periphery,12539,rna_type,mean,1124.4477231039157
77cb6642,actin,PatA,5,granule_periphery,12539,rna_type,median,920.0
77cb6642,actin,PatA,5,pseudo_nucleus,14348,granule,sum,76728462.0
77cb6642,actin,PatA,5,pseudo_nucleus,14348,granule,mean,5347.676470588235
77cb6642,actin,PatA,5,pseudo_nucleus,14348,granule,median,3582.5
77cb6642,actin,PatA,5,pseudo_nucleus,14348,pla,sum,25846400.0
77cb6642,actin,PatA,5,pseudo_nucleus,14348,pla,mean,1801.3939224979092
77cb6642,actin,PatA,5,pseudo_nucleus,14348,pla,median,1670.0
77cb6642,actin,PatA,5,pseudo_nucleus,14348,rna_type,sum,15589161.0
77cb6642,actin,PatA,5,pseudo_nucleus,14348,rna_type,mean,1086.5041120713688
77cb6642,actin,PatA,5,pseudo_nucleus,14348,rna_type,median,869.0
77cb6642,actin,PatA,5,cytoplasm,78171,granule,sum,98137020.0
77cb6642,actin,PatA,5,cytoplasm,78171,granule,mean,1255.4146678435736
77cb6642,actin,PatA,5,cytoplasm,78171,granule,median,1011.0
77cb6642,actin,PatA,5,cytoplasm,78171,pla,sum,131906456.0
77cb6642,actin,PatA,5,cytoplasm,78171,pla,mean,1687.409090327615
77cb6642,actin,PatA,5,cytoplasm,78171,pla,median,1552.0
77cb6642,actin,PatA,5,cytoplasm,78171,rna_type,sum,74413450.0
77cb6642,actin,PatA,5,cytoplasm,78171,rna_type,mean,951.9316626370393
77cb6642,actin,PatA,5,cytoplasm,78171,rna_type,median,748.0
77cb6642,actin,PatA,5,nucleo_cytoplasm,82169,granule,sum,107167088.0
77cb6642,actin,PatA,5,nucleo_cytoplasm,82169,granule,mean,1304.2277257846633
77cb6642,actin,PatA,5,nucleo_cytoplasm,82169,granule,median,1049.0
77cb6642,actin,PatA,5,nucleo_cytoplasm,82169,pla,sum,138615464.0
77cb6642,actin,PatA,5,nucleo_cytoplasm,82169,pla,mean,1686.9557132251823
77cb6642,actin,PatA,5,nucleo_cytoplasm,82169,pla,median,1553.0
77cb6642,actin,PatA,5,nucleo_cytoplasm,82169,rna_type,sum,78317297.0
77cb6642,actin,PatA,5,nucleo_cytoplasm,82169,rna_type,mean,953.1246212075114
77cb6642,actin,PatA,5,nucleo_cytoplasm,82169,rna_type,median,749.0
bb86919c,actin,DMSO,27,granule,9132,granule,sum,161237270.0
bb86919c,actin,DMSO,27,granule,9132,granule,mean,17656.293254489705
bb86919c,actin,DMSO,27,granule,9132,granule,median,18025.0
bb86919c,actin,DMSO,27,granule,9132,pla,sum,10610433.0
bb86919c,actin,DMSO,27,granule,9132,pla,mean,1161.8958607095926
bb86919c,actin,DMSO,27,granule,9132,pla,median,1029.0
bb86919c,actin,DMSO,27,granule,9132,rna_type,sum,11023295.0
bb86919c,actin,DMSO,27,granule,9132,rna_type,mean,1207.106329391152
bb86919c,actin,DMSO,27,granule,9132,rna_type,median,1002.0
bb86919c,actin,DMSO,27,cell,149921,granule,sum,346796630.0
bb86919c,actin,DMSO,27,cell,149921,granule,mean,2313.1958164633375
bb86919c,actin,DMSO,27,cell,149921,granule,median,987.0
bb86919c,actin,DMSO,27,cell,149921,pla,sum,140597891.0
bb86919c,actin,DMSO,27,cell,149921,pla,mean,937.8131882791604
bb86919c,actin,DMSO,27,cell,149921,pla,median,799.0
bb86919c,actin,DMSO,27,cell,149921,rna_type,sum,138762970.0
bb86919c,actin,DMSO,27,cell,149921,rna_type,mean,925.5739356060859
bb86919c,actin,DMSO,27,cell,149921,rna_type,median,709.0
bb86919c,actin,DMSO,27,granule_periphery,9342,granule,sum,39518720.0
bb86919c,actin,DMSO,27,granule_periphery,9342,granule,mean,4230.220509526868
bb86919c,actin,DMSO,27,granule_periphery,9342,granule,median,3829.0
bb86919c,actin,DMSO,27,granule_periphery,9342,pla,sum,10150481.0
bb86919c,actin,DMSO,27,granule_periphery,9342,pla,mean,1086.5426032969385
bb86919c,actin,DMSO,27,granule_periphery,9342,pla,median,953.0
bb86919c,actin,DMSO,27,granule_periphery,9342,rna_type,sum,9923488.0
bb86919c,actin,DMSO,27,granule_periphery,9342,rna_type,mean,1062.2444872618282
bb86919c,actin,DMSO,27,granule_periphery,9342,rna_type,median,847.0
bb86919c,actin,DMSO,27,pseudo_nucleus,16063,granule,sum,80042047.0
bb86919c,actin,DMSO,27,pseudo_nucleus,16063,granule,mean,4983.00734607483
bb86919c,actin,DMSO,27,pseudo_nucleus,16063,granule,median,3012.0
bb86919c,actin,DMSO,27,pseudo_nucleus,16063,pla,sum,16973201.0
bb86919c,actin,DMSO,27,pseudo_nucleus,16063,pla,mean,1056.6644462429185
bb86919c,actin,DMSO,27,pseudo_nucleus,16063,pla,median,927.0
bb86919c,actin,DMSO,27,pseudo_nucleus,16063,rna_type,sum,15992405.0
bb86919c,actin,DMSO,27,pseudo_nucleus,16063,rna_type,mean,995.6051173504327
bb86919c,actin,DMSO,27,pseudo_nucleus,16063,rna_type,median,790.0
bb86919c,actin,DMSO,27,cytoplasm,121571,granule,sum,121129416.0
bb86919c,actin,DMSO,27,cytoplasm,121571,granule,mean,996.3676863725724
bb86919c,actin,DMSO,27,cytoplasm,121571,granule,median,766.0
bb86919c,actin,DMSO,27,cytoplasm,121571,pla,sum,109674567.0
bb86919c,actin,DMSO,27,cytoplasm,121571,pla,mean,902.1441544447277
bb86919c,actin,DMSO,27,cytoplasm,121571,pla,median,763.0
bb86919c,actin,DMSO,27,cytoplasm,121571,rna_type,sum,108621085.0
bb86919c,actin,DMSO,27,cytoplasm,121571,rna_type,mean,893.4785845308503
bb86919c,actin,DMSO,27,cytoplasm,121571,rna_type,median,677.0
bb86919c,actin,DMSO,27,nucleo_cytoplasm,131447,granule,sum,146040640.0
bb86919c,actin,DMSO,27,nucleo_cytoplasm,131447,granule,mean,1111.0229978622563
bb86919c,actin,DMSO,27,nucleo_cytoplasm,131447,granule,median,833.0
bb86919c,actin,DMSO,27,nucleo_cytoplasm,131447,pla,sum,119836977.0
bb86919c,actin,DMSO,27,nucleo_cytoplasm,131447,pla,mean,911.6752531438526
bb86919c,actin,DMSO,27,nucleo_cytoplasm,131447,pla,median,774.0
bb86919c,actin,DMSO,27,nucleo_cytoplasm,131447,rna_type,sum,117816187.0
bb86919c,actin,DMSO,27,nucleo_cytoplasm,131447,rna_type,mean,896.3018326778093
bb86919c,actin,DMSO,27,nucleo_cytoplasm,131447,rna_type,median,680.0
95a0f0d0,vasa,CHX,29,granule,4447,granule,sum,55234383.0
95a0f0d0,vasa,CHX,29,granule,4447,granule,mean,12420.594333258376
95a0f0d0,vasa,CHX,29,granule,4447,granule,median,11621.0
95a0f0d0,vasa,CHX,29,granule,4447,pla,sum,6418739.0
95a0f0d0,vasa,CHX,29,granule,4447,pla,mean,1443.3863278614797
95a0f0d0,vasa,CHX,29,granule,4447,pla,median,1291.0
95a0f0d0,vasa,CHX,29,granule,4447,rna_type,sum,3996736.0
95a0f0d0,vasa,CHX,29,granule,4447,rna_type,mean,898.7488194288284
95a0f0d0,vasa,CHX,29,granule,4447,rna_type,median,736.0
95a0f0d0,vasa,CHX,29,cell,145501,granule,sum,291074791.0
95a0f0d0,vasa,CHX,29,cell,145501,granule,mean,2000.5002783486025
95a0f0d0,vasa,CHX,29,cell,145501,granule,median,1332.0
95a0f0d0,vasa,CHX,29,cell,145501,pla,sum,185206285.0
95a0f0d0,vasa,CHX,29,cell,145501,pla,mean,1272.8866811911946
95a0f0d0,vasa,CHX,29,cell,145501,pla,median,1139.0
95a0f0d0,vasa,CHX,29,cell,145501,rna_type,sum,132196766.0
95a0f0d0,vasa,CHX,29,cell,145501,rna_type,mean,908.5625940715184
95a0f0d0,vasa,CHX,29,cell,145501,rna_type,median,708.0
95a0f0d0,vasa,CHX,29,granule_periphery,12843,granule,sum,52094914.0
95a0f0d0,vasa,CHX,29,granule_periphery,12843,granule,mean,4056.288561862493
95a0f0d0,vasa,CHX,29,granule_periphery,12843,granule,median,3707.0
95a0f0d0,vasa,CHX,29,granule_periphery,12843,pla,sum,16727623.0
95a0f0d0,vasa,CHX,29,granule_periphery,12843,pla,mean,1302.4700615121078
95a0f0d0,vasa,CHX,29,granule_periphery,12843,pla,median,1172.0
95a0f0d0,vasa,CHX,29,granule_periphery,12843,rna_type,sum,11659433.0
95a0f0d0,vasa,CHX,29,granule_periphery,12843,rna_type,mean,907.8434166472008
95a0f0d0,vasa,CHX,29,granule_periphery,12843,rna_type,median,727.0
95a0f0d0,vasa,CHX,29,pseudo_nucleus,30350,granule,sum,107753111.0
95a0f0d0,vasa,CHX,29,pseudo_nucleus,30350,granule,mean,3550.3496210873145
95a0f0d0,vasa,CHX,29,pseudo_nucleus,30350,granule,median,2608.0
95a0f0d0,vasa,CHX,29,pseudo_nucleus,30350,pla,sum,35179926.0
95a0f0d0,vasa,CHX,29,pseudo_nucleus,30350,pla,mean,1159.1408896210874
95a0f0d0,vasa,CHX,29,pseudo_nucleus,30350,pla,median,1047.0
95a0f0d0,vasa,CHX,29,pseudo_nucleus,30350,rna_type,sum,21458135.0
95a0f0d0,vasa,CHX,29,pseudo_nucleus,30350,rna_type,mean,707.0225700164744
95a0f0d0,vasa,CHX,29,pseudo_nucleus,30350,rna_type,median,560.0
95a0f0d0,vasa,CHX,29,cytoplasm,106140,granule,sum,130206102.0
95a0f0d0,vasa,CHX,29,cytoplasm,106140,granule,mean,1226.7392312040702
95a0f0d0,vasa,CHX,29,cytoplasm,106140,granule,median,1021.5
95a0f0d0,vasa,CHX,29,cytoplasm,106140,pla,sum,137423221.0
95a0f0d0,vasa,CHX,29,cytoplasm,106140,pla,mean,1294.7354531750518
95a0f0d0,vasa,CHX,29,cytoplasm,106140,pla,median,1159.0
95a0f0d0,vasa,CHX,29,cytoplasm,106140,rna_type,sum,101971715.0
95a0f0d0,vasa,CHX,29,cytoplasm,106140,rna_type,mean,960.7284247220651
95a0f0d0,vasa,CHX,29,cytoplasm,106140,rna_type,median,752.0
95a0f0d0,vasa,CHX,29,nucleo_cytoplasm,128211,granule,sum,183745494.0
95a0f0d0,vasa,CHX,29,nucleo_cytoplasm,128211,granule,mean,1433.1492149659546
95a0f0d0,vasa,CHX,29,nucleo_cytoplasm,128211,granule,median,1176.0
95a0f0d0,vasa,CHX,29,nucleo_cytoplasm,128211,pla,sum,162059923.0
95a0f0d0,vasa,CHX,29,nucleo_cytoplasm,128211,pla,mean,1264.0095077645444
95a0f0d0,vasa,CHX,29,nucleo_cytoplasm,128211,pla,median,1131.0
95a0f0d0,vasa,CHX,29,nucleo_cytoplasm,128211,rna_type,sum,116540597.0
95a0f0d0,vasa,CHX,29,nucleo_cytoplasm,128211,rna_type,mean,908.97502554383
95a0f0d0,vasa,CHX,29,nucleo_cytoplasm,128211,rna_type,median,705.0
af9bc6b5,vasa,DMSO,3,granule,6706,granule,sum,90425356.0
af9bc6b5,vasa,DMSO,3,granule,6706,granule,mean,13484.246346555323
af9bc6b5,vasa,DMSO,3,granule,6706,granule,median,12117.5
af9bc6b5,vasa,DMSO,3,granule,6706,pla,sum,17203550.0
af9bc6b5,vasa,DMSO,3,granule,6706,pla,mean,2565.396659707724
af9bc6b5,vasa,DMSO,3,granule,6706,pla,median,2310.0
af9bc6b5,vasa,DMSO,3,granule,6706,rna_type,sum,28764577.0
af9bc6b5,vasa,DMSO,3,granule,6706,rna_type,mean,4289.379212645392
af9bc6b5,vasa,DMSO,3,granule,6706,rna_type,median,3700.0
af9bc6b5,vasa,DMSO,3,cell,101553,granule,sum,288261970.0
af9bc6b5,vasa,DMSO,3,cell,101553,granule,mean,2838.5372170196842
af9bc6b5,vasa,DMSO,3,cell,101553,granule,median,1690.0
af9bc6b5,vasa,DMSO,3,cell,101553,pla,sum,218305354.0
af9bc6b5,vasa,DMSO,3,cell,101553,pla,mean,2149.669177670773
af9bc6b5,vasa,DMSO,3,cell,101553,pla,median,1922.0
af9bc6b5,vasa,DMSO,3,cell,101553,rna_type,sum,323305485.0
af9bc6b5,vasa,DMSO,3,cell,101553,rna_type,mean,3183.6133349088655
af9bc6b5,vasa,DMSO,3,cell,101553,rna_type,median,2626.0
af9bc6b5,vasa,DMSO,3,granule_periphery,13215,granule,sum,61639246.0
af9bc6b5,vasa,DMSO,3,granule_periphery,13215,granule,mean,4664.339462731744
af9bc6b5,vasa,DMSO,3,granule_periphery,13215,granule,median,4321.0
af9bc6b5,vasa,DMSO,3,granule_periphery,13215,pla,sum,28929429.0
af9bc6b5,vasa,DMSO,3,granule_periphery,13215,pla,mean,2189.1357548240635
af9bc6b5,vasa,DMSO,3,granule_periphery,13215,pla,median,1987.0
af9bc6b5,vasa,DMSO,3,granule_periphery,13215,rna_type,sum,42656005.0
af9bc6b5,vasa,DMSO,3,granule_periphery,13215,rna_type,mean,3227.8475217555806
af9bc6b5,vasa,DMSO,3,granule_periphery,13215,rna_type,median,2812.0
af9bc6b5,vasa,DMSO,3,pseudo_nucleus,28201,granule,sum,127575567.0
af9bc6b5,vasa,DMSO,3,pseudo_nucleus,28201,granule,mean,4523.795858302897
af9bc6b5,vasa,DMSO,3,pseudo_nucleus,28201,granule,median,3412.0
af9bc6b5,vasa,DMSO,3,pseudo_nucleus,28201,pla,sum,52304094.0
af9bc6b5,vasa,DMSO,3,pseudo_nucleus,28201,pla,mean,1854.6893372575441
af9bc6b5,vasa,DMSO,3,pseudo_nucleus,28201,pla,median,1688.0
af9bc6b5,vasa,DMSO,3,pseudo_nucleus,28201,rna_type,sum,66576602.0
af9bc6b5,vasa,DMSO,3,pseudo_nucleus,28201,rna_type,mean,2360.788695436332
af9bc6b5,vasa,DMSO,3,pseudo_nucleus,28201,rna_type,median,2055.0
af9bc6b5,vasa,DMSO,3,cytoplasm,63436,granule,sum,83745989.0
af9bc6b5,vasa,DMSO,3,cytoplasm,63436,granule,mean,1320.1650324736743
af9bc6b5,vasa,DMSO,3,cytoplasm,63436,granule,median,1065.0
af9bc6b5,vasa,DMSO,3,cytoplasm,63436,pla,sum,140927377.0
af9bc6b5,vasa,DMSO,3,cytoplasm,63436,pla,mean,2221.567832145785
af9bc6b5,vasa,DMSO,3,cytoplasm,63436,pla,median,1989.0
af9bc6b5,vasa,DMSO,3,cytoplasm,63436,rna_type,sum,215627685.0
af9bc6b5,vasa,DMSO,3,cytoplasm,63436,rna_type,mean,3399.1374771423166
af9bc6b5,vasa,DMSO,3,cytoplasm,63436,rna_type,median,2809.0
af9bc6b5,vasa,DMSO,3,nucleo_cytoplasm,81632,granule,sum,136197368.0
af9bc6b5,vasa,DMSO,3,nucleo_cytoplasm,81632,granule,mean,1668.4311054488435
af9bc6b5,vasa,DMSO,3,nucleo_cytoplasm,81632,granule,median,1328.0
af9bc6b5,vasa,DMSO,3,nucleo_cytoplasm,81632,pla,sum,172172375.0
af9bc6b5,vasa,DMSO,3,nucleo_cytoplasm,81632,pla,mean,2109.128466777734
af9bc6b5,vasa,DMSO,3,nucleo_cytoplasm,81632,pla,median,1884.0
af9bc6b5,vasa,DMSO,3,nucleo_cytoplasm,81632,rna_type,sum,251884903.0
af9bc6b5,vasa,DMSO,3,nucleo_cytoplasm,81632,rna_type,mean,3085.614746667973
af9bc6b5,vasa,DMSO,3,nucleo_cytoplasm,81632,rna_type,median,2519.0
53190a3f,actin,DMSO,18,granule,5626,granule,sum,74904475.0
53190a3f,actin,DMSO,18,granule,5626,granule,mean,13313.984180590118
53190a3f,actin,DMSO,18,granule,5626,granule,median,11744.5
53190a3f,actin,DMSO,18,granule,5626,pla,sum,7107457.0
53190a3f,actin,DMSO,18,granule,5626,pla,mean,1263.3233202986137
53190a3f,actin,DMSO,18,granule,5626,pla,median,1126.5
53190a3f,actin,DMSO,18,granule,5626,rna_type,sum,11755443.0
53190a3f,actin,DMSO,18,granule,5626,rna_type,mean,2089.4850693210096
53190a3f,actin,DMSO,18,granule,5626,rna_type,median,1835.5
53190a3f,actin,DMSO,18,cell,138746,granule,sum,283178786.0
53190a3f,actin,DMSO,18,cell,138746,granule,mean,2040.9870266530206
53190a3f,actin,DMSO,18,cell,138746,granule,median,1281.0
53190a3f,actin,DMSO,18,cell,138746,pla,sum,162636094.0
53190a3f,actin,DMSO,18,cell,138746,pla,mean,1172.1858215732345
53190a3f,actin,DMSO,18,cell,138746,pla,median,1031.0
53190a3f,actin,DMSO,18,cell,138746,rna_type,sum,220998156.0
53190a3f,actin,DMSO,18,cell,138746,rna_type,mean,1592.8254219941475
53190a3f,actin,DMSO,18,cell,138746,rna_type,median,1366.0
53190a3f,actin,DMSO,18,granule_periphery,11587,granule,sum,42209686.0
53190a3f,actin,DMSO,18,granule_periphery,11587,granule,mean,3642.8485371537067
53190a3f,actin,DMSO,18,granule_periphery,11587,granule,median,3268.0
53190a3f,actin,DMSO,18,granule_periphery,11587,pla,sum,13467626.0
53190a3f,actin,DMSO,18,granule_periphery,11587,pla,mean,1162.3048243721412
53190a3f,actin,DMSO,18,granule_periphery,11587,pla,median,1025.0
53190a3f,actin,DMSO,18,granule_periphery,11587,rna_type,sum,20370997.0
53190a3f,actin,DMSO,18,granule_periphery,11587,rna_type,mean,1758.0907051005438
53190a3f,actin,DMSO,18,granule_periphery,11587,rna_type,median,1535.0
53190a3f,actin,DMSO,18,pseudo_nucleus,27952,granule,sum,109818500.0
53190a3f,actin,DMSO,18,pseudo_nucleus,27952,granule,mean,3928.8244132799086
53190a3f,actin,DMSO,18,pseudo_nucleus,27952,granule,median,2484.0
53190a3f,actin,DMSO,18,pseudo_nucleus,27952,pla,sum,31740879.0
53190a3f,actin,DMSO,18,pseudo_nucleus,27952,pla,mean,1135.549477676016
53190a3f,actin,DMSO,18,pseudo_nucleus,27952,pla,median,1001.0
53190a3f,actin,DMSO,18,pseudo_nucleus,27952,rna_type,sum,44994404.0
53190a3f,actin,DMSO,18,pseudo_nucleus,27952,rna_type,mean,1609.7024899828277
53190a3f,actin,DMSO,18,pseudo_nucleus,27952,rna_type,median,1380.5
53190a3f,actin,DMSO,18,cytoplasm,103056,granule,sum,126312611.0
53190a3f,actin,DMSO,18,cytoplasm,103056,granule,mean,1225.6696456295606
53190a3f,actin,DMSO,18,cytoplasm,103056,granule,median,1029.0
53190a3f,actin,DMSO,18,cytoplasm,103056,pla,sum,121332573.0
53190a3f,actin,DMSO,18,cytoplasm,103056,pla,mean,1177.346035165347
53190a3f,actin,DMSO,18,cytoplasm,103056,pla,median,1036.0
53190a3f,actin,DMSO,18,cytoplasm,103056,rna_type,sum,160983945.0
53190a3f,actin,DMSO,18,cytoplasm,103056,rna_type,mean,1562.1016243595716
53190a3f,actin,DMSO,18,cytoplasm,103056,rna_type,median,1339.0
53190a3f,actin,DMSO,18,nucleo_cytoplasm,121533,granule,sum,166064625.0
53190a3f,actin,DMSO,18,nucleo_cytoplasm,121533,granule,mean,1366.4159117276788
53190a3f,actin,DMSO,18,nucleo_cytoplasm,121533,granule,median,1131.0
53190a3f,actin,DMSO,18,nucleo_cytoplasm,121533,pla,sum,142061011.0
53190a3f,actin,DMSO,18,nucleo_cytoplasm,121533,pla,mean,1168.9089465412687
53190a3f,actin,DMSO,18,nucleo_cytoplasm,121533,pla,median,1027.0
53190a3f,actin,DMSO,18,nucleo_cytoplasm,121533,rna_type,sum,188871716.0
53190a3f,actin,DMSO,18,nucleo_cytoplasm,121533,rna_type,mean,1554.0776250071997
53190a3f,actin,DMSO,18,nucleo_cytoplasm,121533,rna_type,median,1333.0
d2dfb501,actin,DMSO,5,granule,15858,granule,sum,291848834.0
d2dfb501,actin,DMSO,5,granule,15858,granule,mean,18403.88661874133
d2dfb501,actin,DMSO,5,granule,15858,granule,median,19022.0
d2dfb501,actin,DMSO,5,granule,15858,pla,sum,12691945.0
d2dfb501,actin,DMSO,5,granule,15858,pla,mean,800.3496657838315
d2dfb501,actin,DMSO,5,granule,15858,pla,median,665.0
d2dfb501,actin,DMSO,5,granule,15858,rna_type,sum,6633309.0
d2dfb501,actin,DMSO,5,granule,15858,rna_type,mean,418.2941732879304
d2dfb501,actin,DMSO,5,granule,15858,rna_type,median,381.0
d2dfb501,actin,DMSO,5,cell,104741,granule,sum,474020998.0
d2dfb501,actin,DMSO,5,cell,104741,granule,mean,4525.648962679371
d2dfb501,actin,DMSO,5,cell,104741,granule,median,1820.0
d2dfb501,actin,DMSO,5,cell,104741,pla,sum,72685738.0
d2dfb501,actin,DMSO,5,cell,104741,pla,mean,693.9568841236955
d2dfb501,actin,DMSO,5,cell,104741,pla,median,560.0
d2dfb501,actin,DMSO,5,cell,104741,rna_type,sum,32079608.0
d2dfb501,actin,DMSO,5,cell,104741,rna_type,mean,306.27555589501725
d2dfb501,actin,DMSO,5,cell,104741,rna_type,median,269.0
d2dfb501,actin,DMSO,5,granule_periphery,14343,granule,sum,65370986.0
d2dfb501,actin,DMSO,5,granule_periphery,14343,granule,mean,4557.692672383741
d2dfb501,actin,DMSO,5,granule_periphery,14343,granule,median,3973.0
d2dfb501,actin,DMSO,5,granule_periphery,14343,pla,sum,10336049.0
d2dfb501,actin,DMSO,5,granule_periphery,14343,pla,mean,720.633688907481
d2dfb501,actin,DMSO,5,granule_periphery,14343,pla,median,582.0
d2dfb501,actin,DMSO,5,granule_periphery,14343,rna_type,sum,4378477.0
d2dfb501,actin,DMSO,5,granule_periphery,14343,rna_type,mean,305.269260266332
d2dfb501,actin,DMSO,5,granule_periphery,14343,rna_type,median,270.0
d2dfb501,actin,DMSO,5,pseudo_nucleus,31552,granule,sum,125496130.0
d2dfb501,actin,DMSO,5,pseudo_nucleus,31552,granule,mean,3977.4381972616634
d2dfb501,actin,DMSO,5,pseudo_nucleus,31552,granule,median,2467.0
d2dfb501,actin,DMSO,5,pseudo_nucleus,31552,pla,sum,21274672.0
d2dfb501,actin,DMSO,5,pseudo_nucleus,31552,pla,mean,674.2733265720082
d2dfb501,actin,DMSO,5,pseudo_nucleus,31552,pla,median,537.0
d2dfb501,actin,DMSO,5,pseudo_nucleus,31552,rna_type,sum,9044165.0
d2dfb501,actin,DMSO,5,pseudo_nucleus,31552,rna_type,mean,286.6431604969574
d2dfb501,actin,DMSO,5,pseudo_nucleus,31552,rna_type,median,252.0
d2dfb501,actin,DMSO,5,cytoplasm,53228,granule,sum,70635579.0
d2dfb501,actin,DMSO,5,cytoplasm,53228,granule,mean,1327.0380063124671
d2dfb501,actin,DMSO,5,cytoplasm,53228,granule,median,1083.0
d2dfb501,actin,DMSO,5,cytoplasm,53228,pla,sum,35616480.0
d2dfb501,actin,DMSO,5,cytoplasm,53228,pla,mean,669.1305328022845
d2dfb501,actin,DMSO,5,cytoplasm,53228,pla,median,538.5
d2dfb501,actin,DMSO,5,cytoplasm,53228,rna_type,sum,15200169.0
d2dfb501,actin,DMSO,5,cytoplasm,53228,rna_type,mean,285.56716389869996
d2dfb501,actin,DMSO,5,cytoplasm,53228,rna_type,median,253.0
d2dfb501,actin,DMSO,5,nucleo_cytoplasm,74540,granule,sum,116801178.0
d2dfb501,actin,DMSO,5,nucleo_cytoplasm,74540,granule,mean,1566.9597263214382
d2dfb501,actin,DMSO,5,nucleo_cytoplasm,74540,granule,median,1276.0
d2dfb501,actin,DMSO,5,nucleo_cytoplasm,74540,pla,sum,49657744.0
d2dfb501,actin,DMSO,5,nucleo_cytoplasm,74540,pla,mean,666.1892138449155
d2dfb501,actin,DMSO,5,nucleo_cytoplasm,74540,pla,median,535.0
d2dfb501,actin,DMSO,5,nucleo_cytoplasm,74540,rna_type,sum,21067822.0
d2dfb501,actin,DMSO,5,nucleo_cytoplasm,74540,rna_type,mean,282.6378052052589
d2dfb501,actin,DMSO,5,nucleo_cytoplasm,74540,rna_type,median,250.0
ed17213e,actin,PatA,11,granule,6244,granule,sum,29244583.0
ed17213e,actin,PatA,11,granule,6244,granule,mean,4683.629564381807
ed17213e,actin,PatA,11,granule,6244,granule,median,4015.0
ed17213e,actin,PatA,11,granule,6244,pla,sum,2502144.0
ed17213e,actin,PatA,11,granule,6244,pla,mean,400.72773862908394
ed17213e,actin,PatA,11,granule,6244,pla,median,365.0
ed17213e,actin,PatA,11,granule,6244,rna_type,sum,7242384.0
ed17213e,actin,PatA,11,granule,6244,rna_type,mean,1159.8949391415758
ed17213e,actin,PatA,11,granule,6244,rna_type,median,918.0
ed17213e,actin,PatA,11,cell,151906,granule,sum,174079055.0
ed17213e,actin,PatA,11,cell,151906,granule,mean,1145.9656300606955
ed17213e,actin,PatA,11,cell,151906,granule,median,824.0
ed17213e,actin,PatA,11,cell,151906,pla,sum,57957397.0
ed17213e,actin,PatA,11,cell,151906,pla,mean,381.53461351098707
ed17213e,actin,PatA,11,cell,151906,pla,median,348.0
ed17213e,actin,PatA,11,cell,151906,rna_type,sum,146971297.0
ed17213e,actin,PatA,11,cell,151906,rna_type,mean,967.5147591273551
ed17213e,actin,PatA,11,cell,151906,rna_type,median,755.0
ed17213e,actin,PatA,11,granule_periphery,19219,granule,sum,31153455.0
ed17213e,actin,PatA,11,granule_periphery,19219,granule,mean,1620.9716946771425
ed17213e,actin,PatA,11,granule_periphery,19219,granule,median,1383.0
ed17213e,actin,PatA,11,granule_periphery,19219,pla,sum,7290907.0
ed17213e,actin,PatA,11,granule_periphery,19219,pla,mean,379.35933191112963
ed17213e,actin,PatA,11,granule_periphery,19219,pla,median,345.0
ed17213e,actin,PatA,11,granule_periphery,19219,rna_type,sum,19212562.0
ed17213e,actin,PatA,11,granule_periphery,19219,rna_type,mean,999.6650189916229
ed17213e,actin,PatA,11,granule_periphery,19219,rna_type,median,797.0
ed17213e,actin,PatA,11,pseudo_nucleus,55084,granule,sum,70454278.0
ed17213e,actin,PatA,11,pseudo_nucleus,55084,granule,mean,1279.0334398373393
ed17213e,actin,PatA,11,pseudo_nucleus,55084,granule,median,961.0
ed17213e,actin,PatA,11,pseudo_nucleus,55084,pla,sum,19709342.0
ed17213e,actin,PatA,11,pseudo_nucleus,55084,pla,mean,357.8052065935662
ed17213e,actin,PatA,11,pseudo_nucleus,55084,pla,median,327.0
ed17213e,actin,PatA,11,pseudo_nucleus,55084,rna_type,sum,49945991.0
ed17213e,actin,PatA,11,pseudo_nucleus,55084,rna_type,mean,906.7241122649045
ed17213e,actin,PatA,11,pseudo_nucleus,55084,rna_type,median,699.0
ed17213e,actin,PatA,11,cytoplasm,87046,granule,sum,75473575.0
ed17213e,actin,PatA,11,cytoplasm,87046,granule,mean,867.0539140224708
ed17213e,actin,PatA,11,cytoplasm,87046,granule,median,689.0
ed17213e,actin,PatA,11,cytoplasm,87046,pla,sum,34242540.0
ed17213e,actin,PatA,11,cytoplasm,87046,pla,mean,393.3844174344599
ed17213e,actin,PatA,11,cytoplasm,87046,pla,median,359.0
ed17213e,actin,PatA,11,cytoplasm,87046,rna_type,sum,85824317.0
ed17213e,actin,PatA,11,cytoplasm,87046,rna_type,mean,985.9650874250397
ed17213e,actin,PatA,11,cytoplasm,87046,rna_type,median,771.0
ed17213e,actin,PatA,11,nucleo_cytoplasm,126443,granule,sum,113681017.0
ed17213e,actin,PatA,11,nucleo_cytoplasm,126443,granule,mean,899.069280229036
ed17213e,actin,PatA,11,nucleo_cytoplasm,126443,granule,median,721.0
ed17213e,actin,PatA,11,nucleo_cytoplasm,126443,pla,sum,48164346.0
ed17213e,actin,PatA,11,nucleo_cytoplasm,126443,pla,mean,380.91745687780264
ed17213e,actin,PatA,11,nucleo_cytoplasm,126443,pla,median,347.0
ed17213e,actin,PatA,11,nucleo_cytoplasm,126443,rna_type,sum,120516351.0
ed17213e,actin,PatA,11,nucleo_cytoplasm,126443,rna_type,mean,953.1278995278504
ed17213e,actin,PatA,11,nucleo_cytoplasm,126443,rna_type,median,740.0
c1faf4dc,vasa,DMSO,1,granule,6322,granule,sum,127302839.0
c1faf4dc,vasa,DMSO,1,granule,6322,granule,mean,20136.481967731732
c1faf4dc,vasa,DMSO,1,granule,6322,granule,median,18145.0
c1faf4dc,vasa,DMSO,1,granule,6322,pla,sum,15900914.0
c1faf4dc,vasa,DMSO,1,granule,6322,pla,mean,2515.1714647263525
c1faf4dc,vasa,DMSO,1,granule,6322,pla,median,2245.0
c1faf4dc,vasa,DMSO,1,granule,6322,rna_type,sum,24486984.0
c1faf4dc,vasa,DMSO,1,granule,6322,rna_type,mean,3873.2970578930717
c1faf4dc,vasa,DMSO,1,granule,6322,rna_type,median,3411.0
c1faf4dc,vasa,DMSO,1,cell,96354,granule,sum,340615922.0
c1faf4dc,vasa,DMSO,1,cell,96354,granule,mean,3535.0470348921685
c1faf4dc,vasa,DMSO,1,cell,96354,granule,median,1970.0
c1faf4dc,vasa,DMSO,1,cell,96354,pla,sum,253016363.0
c1faf4dc,vasa,DMSO,1,cell,96354,pla,mean,2625.904093239513
c1faf4dc,vasa,DMSO,1,cell,96354,pla,median,2317.0
c1faf4dc,vasa,DMSO,1,cell,96354,rna_type,sum,409579583.0
c1faf4dc,vasa,DMSO,1,cell,96354,rna_type,mean,4250.7792411316605
c1faf4dc,vasa,DMSO,1,cell,96354,rna_type,median,3380.0
c1faf4dc,vasa,DMSO,1,granule_periphery,12188,granule,sum,66132107.0
c1faf4dc,vasa,DMSO,1,granule_periphery,12188,granule,mean,5426.001558910404
c1faf4dc,vasa,DMSO,1,granule_periphery,12188,granule,median,4833.0
c1faf4dc,vasa,DMSO,1,granule_periphery,12188,pla,sum,29395135.0
c1faf4dc,vasa,DMSO,1,granule_periphery,12188,pla,mean,2411.8095667870034
c1faf4dc,vasa,DMSO,1,granule_periphery,12188,pla,median,2137.5
c1faf4dc,vasa,DMSO,1,granule_periphery,12188,rna_type,sum,45826167.0
c1faf4dc,vasa,DMSO,1,granule_periphery,12188,rna_type,mean,3759.9414998359043
c1faf4dc,vasa,DMSO,1,granule_periphery,12188,rna_type,median,3092.0
c1faf4dc,vasa,DMSO,1,pseudo_nucleus,24250,granule,sum,175671911.0
c1faf4dc,vasa,DMSO,1,pseudo_nucleus,24250,granule,mean,7244.202515463918
c1faf4dc,vasa,DMSO,1,pseudo_nucleus,24250,granule,median,3789.0
c1faf4dc,vasa,DMSO,1,pseudo_nucleus,24250,pla,sum,57030920.0
c1faf4dc,vasa,DMSO,1,pseudo_nucleus,24250,pla,mean,2351.7905154639175
c1faf4dc,vasa,DMSO,1,pseudo_nucleus,24250,pla,median,2141.0
c1faf4dc,vasa,DMSO,1,pseudo_nucleus,24250,rna_type,sum,84704876.0
c1faf4dc,vasa,DMSO,1,pseudo_nucleus,24250,rna_type,mean,3492.9845773195875
c1faf4dc,vasa,DMSO,1,pseudo_nucleus,24250,rna_type,median,3058.5
c1faf4dc,vasa,DMSO,1,cytoplasm,66565,granule,sum,120829535.0
c1faf4dc,vasa,DMSO,1,cytoplasm,66565,granule,mean,1815.2112221137234
c1faf4dc,vasa,DMSO,1,cytoplasm,66565,granule,median,1557.0
c1faf4dc,vasa,DMSO,1,cytoplasm,66565,pla,sum,180016657.0
c1faf4dc,vasa,DMSO,1,cytoplasm,66565,pla,mean,2704.3740253887177
c1faf4dc,vasa,DMSO,1,cytoplasm,66565,pla,median,2376.0
c1faf4dc,vasa,DMSO,1,cytoplasm,66565,rna_type,sum,299638663.0
c1faf4dc,vasa,DMSO,1,cytoplasm,66565,rna_type,mean,4501.444648088334
c1faf4dc,vasa,DMSO,1,cytoplasm,66565,rna_type,median,3526.0
c1faf4dc,vasa,DMSO,1,nucleo_cytoplasm,77844,granule,sum,147180976.0
c1faf4dc,vasa,DMSO,1,nucleo_cytoplasm,77844,granule,mean,1890.717023791172
c1faf4dc,vasa,DMSO,1,nucleo_cytoplasm,77844,granule,median,1621.0
c1faf4dc,vasa,DMSO,1,nucleo_cytoplasm,77844,pla,sum,207720314.0
c1faf4dc,vasa,DMSO,1,nucleo_cytoplasm,77844,pla,mean,2668.417784286522
c1faf4dc,vasa,DMSO,1,nucleo_cytoplasm,77844,pla,median,2354.5
c1faf4dc,vasa,DMSO,1,nucleo_cytoplasm,77844,rna_type,sum,339266432.0
c1faf4dc,vasa,DMSO,1,nucleo_cytoplasm,77844,rna_type,mean,4358.286213452546
c1faf4dc,vasa,DMSO,1,nucleo_cytoplasm,77844,rna_type,median,3434.0
d424bd99,vasa,PatA,21,granule,8268,granule,sum,137612595.0
d424bd99,vasa,PatA,21,granule,8268,granule,mean,16644.0003628447
d424bd99,vasa,PatA,21,granule,8268,granule,median,16502.0
d424bd99,vasa,PatA,21,granule,8268,pla,sum,9874610.0
d424bd99,vasa,PatA,21,granule,8268,pla,mean,1194.3166424770197
d424bd99,vasa,PatA,21,granule,8268,pla,median,1060.0
d424bd99,vasa,PatA,21,granule,8268,rna_type,sum,12840121.0
d424bd99,vasa,PatA,21,granule,8268,rna_type,mean,1552.989961296565
d424bd99,vasa,PatA,21,granule,8268,rna_type,median,1259.0
d424bd99,vasa,PatA,21,cell,137313,granule,sum,332890941.0
d424bd99,vasa,PatA,21,cell,137313,granule,mean,2424.3221035153265
d424bd99,vasa,PatA,21,cell,137313,granule,median,1123.0
d424bd99,vasa,PatA,21,cell,137313,pla,sum,117485551.0
d424bd99,vasa,PatA,21,cell,137313,pla,mean,855.6039923386714
d424bd99,vasa,PatA,21,cell,137313,pla,median,727.0
d424bd99,vasa,PatA,21,cell,137313,rna_type,sum,93695158.0
d424bd99,vasa,PatA,21,cell,137313,rna_type,mean,682.3473232687364
d424bd99,vasa,PatA,21,cell,137313,rna_type,median,446.0
d424bd99,vasa,PatA,21,granule_periphery,12221,granule,sum,52708945.0
d424bd99,vasa,PatA,21,granule_periphery,12221,granule,mean,4312.981343588905
d424bd99,vasa,PatA,21,granule_periphery,12221,granule,median,3522.0
d424bd99,vasa,PatA,21,granule_periphery,12221,pla,sum,13094107.0
d424bd99,vasa,PatA,21,granule_periphery,12221,pla,mean,1071.4431715898863
d424bd99,vasa,PatA,21,granule_periphery,12221,pla,median,888.0
d424bd99,vasa,PatA,21,granule_periphery,12221,rna_type,sum,15467842.0
d424bd99,vasa,PatA,21,granule_periphery,12221,rna_type,mean,1265.677276818591
d424bd99,vasa,PatA,21,granule_periphery,12221,rna_type,median,788.0
d424bd99,vasa,PatA,21,pseudo_nucleus,33094,granule,sum,122174358.0
d424bd99,vasa,PatA,21,pseudo_nucleus,33094,granule,mean,3691.7374146370944
d424bd99,vasa,PatA,21,pseudo_nucleus,33094,granule,median,1987.0
d424bd99,vasa,PatA,21,pseudo_nucleus,33094,pla,sum,27586246.0
d424bd99,vasa,PatA,21,pseudo_nucleus,33094,pla,mean,833.5724300477428
d424bd99,vasa,PatA,21,pseudo_nucleus,33094,pla,median,710.0
d424bd99,vasa,PatA,21,pseudo_nucleus,33094,rna_type,sum,23786015.0
d424bd99,vasa,PatA,21,pseudo_nucleus,33094,rna_type,mean,718.7410104550673
d424bd99,vasa,PatA,21,pseudo_nucleus,33094,rna_type,median,509.0
d424bd99,vasa,PatA,21,cytoplasm,91771,granule,sum,93637123.0
d424bd99,vasa,PatA,21,cytoplasm,91771,granule,mean,1020.3345610269039
d424bd99,vasa,PatA,21,cytoplasm,91771,granule,median,802.0
d424bd99,vasa,PatA,21,cytoplasm,91771,pla,sum,74951958.0
d424bd99,vasa,PatA,21,cytoplasm,91771,pla,mean,816.7281385187042
d424bd99,vasa,PatA,21,cytoplasm,91771,pla,median,702.0
d424bd99,vasa,PatA,21,cytoplasm,91771,rna_type,sum,50454138.0
d424bd99,vasa,PatA,21,cytoplasm,91771,rna_type,mean,549.7830251386604
d424bd99,vasa,PatA,21,cytoplasm,91771,rna_type,median,383.0
d424bd99,vasa,PatA,21,nucleo_cytoplasm,116824,granule,sum,142569401.0
d424bd99,vasa,PatA,21,nucleo_cytoplasm,116824,granule,mean,1220.377670684106
d424bd99,vasa,PatA,21,nucleo_cytoplasm,116824,granule,median,941.0
d424bd99,vasa,PatA,21,nucleo_cytoplasm,116824,pla,sum,94516834.0
d424bd99,vasa,PatA,21,nucleo_cytoplasm,116824,pla,mean,809.0532253646511
d424bd99,vasa,PatA,21,nucleo_cytoplasm,116824,pla,median,695.0
d424bd99,vasa,PatA,21,nucleo_cytoplasm,116824,rna_type,sum,65387195.0
d424bd99,vasa,PatA,21,nucleo_cytoplasm,116824,rna_type,mean,559.706866739711
d424bd99,vasa,PatA,21,nucleo_cytoplasm,116824,rna_type,median,395.0
b7afe432,actin,CHX,3,granule,6304,granule,sum,62755062.0
b7afe432,actin,CHX,3,granule,6304,granule,mean,9954.800444162436
b7afe432,actin,CHX,3,granule,6304,granule,median,9973.5
b7afe432,actin,CHX,3,granule,6304,pla,sum,13277670.0
b7afe432,actin,CHX,3,granule,6304,pla,mean,2106.229378172589
b7afe432,actin,CHX,3,granule,6304,pla,median,1952.0
b7afe432,actin,CHX,3,granule,6304,rna_type,sum,18600260.0
b7afe432,actin,CHX,3,granule,6304,rna_type,mean,2950.54885786802
b7afe432,actin,CHX,3,granule,6304,rna_type,median,2663.0
b7afe432,actin,CHX,3,cell,84940,granule,sum,125342562.0
b7afe432,actin,CHX,3,cell,84940,granule,mean,1475.6600188368259
b7afe432,actin,CHX,3,cell,84940,granule,median,671.0
b7afe432,actin,CHX,3,cell,84940,pla,sum,168290900.0
b7afe432,actin,CHX,3,cell,84940,pla,mean,1981.2914998822698
b7afe432,actin,CHX,3,cell,84940,pla,median,1814.0
b7afe432,actin,CHX,3,cell,84940,rna_type,sum,142952291.0
b7afe432,actin,CHX,3,cell,84940,rna_type,mean,1682.9796444549092
b7afe432,actin,CHX,3,cell,84940,rna_type,median,1416.5
b7afe432,actin,CHX,3,granule_periphery,5157,granule,sum,8446419.0
b7afe432,actin,CHX,3,granule_periphery,5157,granule,mean,1637.8551483420592
b7afe432,actin,CHX,3,granule_periphery,5157,granule,median,1345.0
b7afe432,actin,CHX,3,granule_periphery,5157,pla,sum,10323901.0
b7afe432,actin,CHX,3,granule_periphery,5157,pla,mean,2001.919914679077
b7afe432,actin,CHX,3,granule_periphery,5157,pla,median,1839.0
b7afe432,actin,CHX,3,granule_periphery,5157,rna_type,sum,9544469.0
b7afe432,actin,CHX,3,granule_periphery,5157,rna_type,mean,1850.779329067287
b7afe432,actin,CHX,3,granule_periphery,5157,rna_type,median,1603.0
b7afe432,actin,CHX,3,pseudo_nucleus,5624,granule,sum,15339850.0
b7afe432,actin,CHX,3,pseudo_nucleus,5624,granule,mean,2727.569345661451
b7afe432,actin,CHX,3,pseudo_nucleus,5624,granule,median,1144.5
b7afe432,actin,CHX,3,pseudo_nucleus,5624,pla,sum,11341973.0
b7afe432,actin,CHX,3,pseudo_nucleus,5624,pla,mean,2016.709281650071
b7afe432,actin,CHX,3,pseudo_nucleus,5624,pla,median,1843.0
b7afe432,actin,CHX,3,pseudo_nucleus,5624,rna_type,sum,10685245.0
b7afe432,actin,CHX,3,pseudo_nucleus,5624,rna_type,mean,1899.9368776671408
b7afe432,actin,CHX,3,pseudo_nucleus,5624,rna_type,median,1648.5
b7afe432,actin,CHX,3,cytoplasm,70371,granule,sum,51269228.0
b7afe432,actin,CHX,3,cytoplasm,70371,granule,mean,728.5561950235182
b7afe432,actin,CHX,3,cytoplasm,70371,granule,median,564.0
b7afe432,actin,CHX,3,cytoplasm,70371,pla,sum,138509791.0
b7afe432,actin,CHX,3,cytoplasm,70371,pla,mean,1968.279419078882
b7afe432,actin,CHX,3,cytoplasm,70371,pla,median,1799.0
b7afe432,actin,CHX,3,cytoplasm,70371,rna_type,sum,109798947.0
b7afe432,actin,CHX,3,cytoplasm,70371,rna_type,mean,1560.286865328047
b7afe432,actin,CHX,3,cytoplasm,70371,rna_type,median,1329.0
b7afe432,actin,CHX,3,nucleo_cytoplasm,73479,granule,sum,54141081.0
b7afe432,actin,CHX,3,nucleo_cytoplasm,73479,granule,mean,736.8238680439309
b7afe432,actin,CHX,3,nucleo_cytoplasm,73479,granule,median,572.0
b7afe432,actin,CHX,3,nucleo_cytoplasm,73479,pla,sum,144689329.0
b7afe432,actin,CHX,3,nucleo_cytoplasm,73479,pla,mean,1969.1249064358524
b7afe432,actin,CHX,3,nucleo_cytoplasm,73479,pla,median,1800.0
b7afe432,actin,CHX,3,nucleo_cytoplasm,73479,rna_type,sum,114807562.0
b7afe432,actin,CHX,3,nucleo_cytoplasm,73479,rna_type,mean,1562.4540617047048
b7afe432,actin,CHX,3,nucleo_cytoplasm,73479,rna_type,median,1330.0
7a16cfe2,vasa,PatA,7,granule,10556,granule,sum,174776712.0
7a16cfe2,vasa,PatA,7,granule,10556,granule,mean,16557.096627510422
7a16cfe2,vasa,PatA,7,granule,10556,granule,median,16122.5
7a16cfe2,vasa,PatA,7,granule,10556,pla,sum,11772367.0
7a16cfe2,vasa,PatA,7,granule,10556,pla,mean,1115.229916635089
7a16cfe2,vasa,PatA,7,granule,10556,pla,median,990.0
7a16cfe2,vasa,PatA,7,granule,10556,rna_type,sum,12677066.0
7a16cfe2,vasa,PatA,7,granule,10556,rna_type,mean,1200.934634331186
7a16cfe2,vasa,PatA,7,granule,10556,rna_type,median,1017.0
7a16cfe2,vasa,PatA,7,cell,134378,granule,sum,372650581.0
7a16cfe2,vasa,PatA,7,cell,134378,granule,mean,2773.151713822203
7a16cfe2,vasa,PatA,7,cell,134378,granule,median,1267.0
7a16cfe2,vasa,PatA,7,cell,134378,pla,sum,126114934.0
7a16cfe2,vasa,PatA,7,cell,134378,pla,mean,938.5087886409978
7a16cfe2,vasa,PatA,7,cell,134378,pla,median,818.0
7a16cfe2,vasa,PatA,7,cell,134378,rna_type,sum,100564243.0
7a16cfe2,vasa,PatA,7,cell,134378,rna_type,mean,748.3683564273914
7a16cfe2,vasa,PatA,7,cell,134378,rna_type,median,571.0
7a16cfe2,vasa,PatA,7,granule_periphery,11805,granule,sum,52901930.0
7a16cfe2,vasa,PatA,7,granule_periphery,11805,granule,mean,4481.315544260907
7a16cfe2,vasa,PatA,7,granule_periphery,11805,granule,median,4077.0
7a16cfe2,vasa,PatA,7,granule_periphery,11805,pla,sum,12319494.0
7a16cfe2,vasa,PatA,7,granule_periphery,11805,pla,mean,1043.5827191867852
7a16cfe2,vasa,PatA,7,granule_periphery,11805,pla,median,907.0
7a16cfe2,vasa,PatA,7,granule_periphery,11805,rna_type,sum,11469203.0
7a16cfe2,vasa,PatA,7,granule_periphery,11805,rna_type,mean,971.5546802202457
7a16cfe2,vasa,PatA,7,granule_periphery,11805,rna_type,median,758.0
7a16cfe2,vasa,PatA,7,pseudo_nucleus,23325,granule,sum,120558196.0
7a16cfe2,vasa,PatA,7,pseudo_nucleus,23325,granule,mean,5168.625766345123
7a16cfe2,vasa,PatA,7,pseudo_nucleus,23325,granule,median,2810.0
7a16cfe2,vasa,PatA,7,pseudo_nucleus,23325,pla,sum,21695965.0
7a16cfe2,vasa,PatA,7,pseudo_nucleus,23325,pla,mean,930.1592711682744
7a16cfe2,vasa,PatA,7,pseudo_nucleus,23325,pla,median,827.0
7a16cfe2,vasa,PatA,7,pseudo_nucleus,23325,rna_type,sum,18912535.0
7a16cfe2,vasa,PatA,7,pseudo_nucleus,23325,rna_type,mean,810.82679528403
7a16cfe2,vasa,PatA,7,pseudo_nucleus,23325,rna_type,median,672.0
7a16cfe2,vasa,PatA,7,cytoplasm,96755,granule,sum,109286813.0
7a16cfe2,vasa,PatA,7,cytoplasm,96755,granule,mean,1129.5210893493877
7a16cfe2,vasa,PatA,7,cytoplasm,96755,granule,median,910.0
7a16cfe2,vasa,PatA,7,cytoplasm,96755,pla,sum,88238693.0
7a16cfe2,vasa,PatA,7,cytoplasm,96755,pla,mean,911.9807038395949
7a16cfe2,vasa,PatA,7,cytoplasm,96755,pla,median,792.0
7a16cfe2,vasa,PatA,7,cytoplasm,96755,rna_type,sum,64926405.0
7a16cfe2,vasa,PatA,7,cytoplasm,96755,rna_type,mean,671.0392744561004
7a16cfe2,vasa,PatA,7,cytoplasm,96755,rna_type,median,506.0
7a16cfe2,vasa,PatA,7,nucleo_cytoplasm,112017,granule,sum,144971939.0
7a16cfe2,vasa,PatA,7,nucleo_cytoplasm,112017,granule,mean,1294.1958720551345
7a16cfe2,vasa,PatA,7,nucleo_cytoplasm,112017,granule,median,1029.0
7a16cfe2,vasa,PatA,7,nucleo_cytoplasm,112017,pla,sum,102023073.0
7a16cfe2,vasa,PatA,7,nucleo_cytoplasm,112017,pla,mean,910.7820509386968
7a16cfe2,vasa,PatA,7,nucleo_cytoplasm,112017,pla,median,793.0
7a16cfe2,vasa,PatA,7,nucleo_cytoplasm,112017,rna_type,sum,76417974.0
7a16cfe2,vasa,PatA,7,nucleo_cytoplasm,112017,rna_type,mean,682.1997911031361
7a16cfe2,vasa,PatA,7,nucleo_cytoplasm,112017,rna_type,median,520.0
809e0873,vasa,DMSO,23,granule,11156,granule,sum,272727568.0
809e0873,vasa,DMSO,23,granule,11156,granule,mean,24446.716385801363
809e0873,vasa,DMSO,23,granule,11156,granule,median,25085.0
809e0873,vasa,DMSO,23,granule,11156,pla,sum,21882477.0
809e0873,vasa,DMSO,23,granule,11156,pla,mean,1961.4984761563285
809e0873,vasa,DMSO,23,granule,11156,pla,median,1787.0
809e0873,vasa,DMSO,23,granule,11156,rna_type,sum,24426445.0
809e0873,vasa,DMSO,23,granule,11156,rna_type,mean,2189.534331301542
809e0873,vasa,DMSO,23,granule,11156,rna_type,median,1934.5
809e0873,vasa,DMSO,23,cell,121494,granule,sum,492388213.0
809e0873,vasa,DMSO,23,cell,121494,granule,mean,4052.778021959932
809e0873,vasa,DMSO,23,cell,121494,granule,median,1685.0
809e0873,vasa,DMSO,23,cell,121494,pla,sum,201938525.0
809e0873,vasa,DMSO,23,cell,121494,pla,mean,1662.1275536240473
809e0873,vasa,DMSO,23,cell,121494,pla,median,1505.0
809e0873,vasa,DMSO,23,cell,121494,rna_type,sum,191506710.0
809e0873,vasa,DMSO,23,cell,121494,rna_type,mean,1576.2647538150031
809e0873,vasa,DMSO,23,cell,121494,rna_type,median,1334.0
809e0873,vasa,DMSO,23,granule_periphery,9813,granule,sum,53224831.0
809e0873,vasa,DMSO,23,granule_periphery,9813,granule,mean,5423.910221135229
809e0873,vasa,DMSO,23,granule_periphery,9813,granule,median,4794.0
809e0873,vasa,DMSO,23,granule_periphery,9813,pla,sum,18167032.0
809e0873,vasa,DMSO,23,granule_periphery,9813,pla,mean,1851.3229389585244
809e0873,vasa,DMSO,23,granule_periphery,9813,pla,median,1679.0
809e0873,vasa,DMSO,23,granule_periphery,9813,rna_type,sum,17797480.0
809e0873,vasa,DMSO,23,granule_periphery,9813,rna_type,mean,1813.6635075919698
809e0873,vasa,DMSO,23,granule_periphery,9813,rna_type,median,1578.0
809e0873,vasa,DMSO,23,pseudo_nucleus,9217,granule,sum,100142968.0
809e0873,vasa,DMSO,23,pseudo_nucleus,9217,granule,mean,10865.028534230227
809e0873,vasa,DMSO,23,pseudo_nucleus,9217,granule,median,5560.0
809e0873,vasa,DMSO,23,pseudo_nucleus,9217,pla,sum,16499461.0
809e0873,vasa,DMSO,23,pseudo_nucleus,9217,pla,mean,1790.1118585222957
809e0873,vasa,DMSO,23,pseudo_nucleus,9217,pla,median,1636.0
809e0873,vasa,DMSO,23,pseudo_nucleus,9217,rna_type,sum,15932932.0
809e0873,vasa,DMSO,23,pseudo_nucleus,9217,rna_type,mean,1728.6461972442225
809e0873,vasa,DMSO,23,pseudo_nucleus,9217,rna_type,median,1455.0
809e0873,vasa,DMSO,23,cytoplasm,98445,granule,sum,160012816.0
809e0873,vasa,DMSO,23,cytoplasm,98445,granule,mean,1625.4031794402965
809e0873,vasa,DMSO,23,cytoplasm,98445,granule,median,1378.0
809e0873,vasa,DMSO,23,cytoplasm,98445,pla,sum,158518365.0
809e0873,vasa,DMSO,23,cytoplasm,98445,pla,mean,1610.222611610544
809e0873,vasa,DMSO,23,cytoplasm,98445,pla,median,1458.0
809e0873,vasa,DMSO,23,cytoplasm,98445,rna_type,sum,146681147.0
809e0873,vasa,DMSO,23,cytoplasm,98445,rna_type,mean,1489.980669409315
809e0873,vasa,DMSO,23,cytoplasm,98445,rna_type,median,1258.0
809e0873,vasa,DMSO,23,nucleo_cytoplasm,100525,granule,sum,166435814.0
809e0873,vasa,DMSO,23,nucleo_cytoplasm,100525,granule,mean,1655.665894056205
809e0873,vasa,DMSO,23,nucleo_cytoplasm,100525,granule,median,1400.0
809e0873,vasa,DMSO,23,nucleo_cytoplasm,100525,pla,sum,161889016.0
809e0873,vasa,DMSO,23,nucleo_cytoplasm,100525,pla,mean,1610.4353742850037
809e0873,vasa,DMSO,23,nucleo_cytoplasm,100525,pla,median,1459.0
809e0873,vasa,DMSO,23,nucleo_cytoplasm,100525,rna_type,sum,149282785.0
809e0873,vasa,DMSO,23,nucleo_cytoplasm,100525,rna_type,mean,1485.0314349664263
809e0873,vasa,DMSO,23,nucleo_cytoplasm,100525,rna_type,median,1254.0
22377d3f,vasa,DMSO,17,granule,2629,granule,sum,26344190.0
22377d3f,vasa,DMSO,17,granule,2629,granule,mean,10020.61240015215
22377d3f,vasa,DMSO,17,granule,2629,granule,median,9172.0
22377d3f,vasa,DMSO,17,granule,2629,pla,sum,2709859.0
22377d3f,vasa,DMSO,17,granule,2629,pla,mean,1030.7565614302016
22377d3f,vasa,DMSO,17,granule,2629,pla,median,905.0
22377d3f,vasa,DMSO,17,granule,2629,rna_type,sum,5375347.0
22377d3f,vasa,DMSO,17,granule,2629,rna_type,mean,2044.635602890833
22377d3f,vasa,DMSO,17,granule,2629,rna_type,median,1564.0
22377d3f,vasa,DMSO,17,cell,96212,granule,sum,175476078.0
22377d3f,vasa,DMSO,17,cell,96212,granule,mean,1823.8481478401864
22377d3f,vasa,DMSO,17,cell,96212,granule,median,1302.0
22377d3f,vasa,DMSO,17,cell,96212,pla,sum,97217744.0
22377d3f,vasa,DMSO,17,cell,96212,pla,mean,1010.4534153743816
22377d3f,vasa,DMSO,17,cell,96212,pla,median,859.0
22377d3f,vasa,DMSO,17,cell,96212,rna_type,sum,151148661.0
22377d3f,vasa,DMSO,17,cell,96212,rna_type,mean,1570.995936057872
22377d3f,vasa,DMSO,17,cell,96212,rna_type,median,1251.0
22377d3f,vasa,DMSO,17,granule_periphery,10586,granule,sum,35780459.0
22377d3f,vasa,DMSO,17,granule_periphery,10586,granule,mean,3379.979123370489
22377d3f,vasa,DMSO,17,granule_periphery,10586,granule,median,3090.0
22377d3f,vasa,DMSO,17,granule_periphery,10586,pla,sum,10258438.0
22377d3f,vasa,DMSO,17,granule_periphery,10586,pla,mean,969.0570564897034
22377d3f,vasa,DMSO,17,granule_periphery,10586,pla,median,844.5
22377d3f,vasa,DMSO,17,granule_periphery,10586,rna_type,sum,16994049.0
22377d3f,vasa,DMSO,17,granule_periphery,10586,rna_type,mean,1605.3324201775931
22377d3f,vasa,DMSO,17,granule_periphery,10586,rna_type,median,1295.5
22377d3f,vasa,DMSO,17,pseudo_nucleus,21296,granule,sum,57735258.0
22377d3f,vasa,DMSO,17,pseudo_nucleus,21296,granule,mean,2711.0846168294515
22377d3f,vasa,DMSO,17,pseudo_nucleus,21296,granule,median,1971.0
22377d3f,vasa,DMSO,17,pseudo_nucleus,21296,pla,sum,18881127.0
22377d3f,vasa,DMSO,17,pseudo_nucleus,21296,pla,mean,886.6043858001502
22377d3f,vasa,DMSO,17,pseudo_nucleus,21296,pla,median,766.0
22377d3f,vasa,DMSO,17,pseudo_nucleus,21296,rna_type,sum,25631130.0
22377d3f,vasa,DMSO,17,pseudo_nucleus,21296,rna_type,mean,1203.5654583020284
22377d3f,vasa,DMSO,17,pseudo_nucleus,21296,rna_type,median,1005.5
22377d3f,vasa,DMSO,17,cytoplasm,67814,granule,sum,86430006.0
22377d3f,vasa,DMSO,17,cytoplasm,67814,granule,mean,1274.5156752293037
22377d3f,vasa,DMSO,17,cytoplasm,67814,granule,median,1070.0
22377d3f,vasa,DMSO,17,cytoplasm,67814,pla,sum,71130218.0
22377d3f,vasa,DMSO,17,cytoplasm,67814,pla,mean,1048.9016722210754
22377d3f,vasa,DMSO,17,cytoplasm,67814,pla,median,886.0
22377d3f,vasa,DMSO,17,cytoplasm,67814,rna_type,sum,112212679.0
22377d3f,vasa,DMSO,17,cytoplasm,67814,rna_type,mean,1654.7125814728522
22377d3f,vasa,DMSO,17,cytoplasm,67814,rna_type,median,1322.0
22377d3f,vasa,DMSO,17,nucleo_cytoplasm,82997,granule,sum,113351429.0
22377d3f,vasa,DMSO,17,nucleo_cytoplasm,82997,granule,mean,1365.7292311770304
22377d3f,vasa,DMSO,17,nucleo_cytoplasm,82997,granule,median,1147.0
22377d3f,vasa,DMSO,17,nucleo_cytoplasm,82997,pla,sum,84249447.0
22377d3f,vasa,DMSO,17,nucleo_cytoplasm,82997,pla,mean,1015.0902683229515
22377d3f,vasa,DMSO,17,nucleo_cytoplasm,82997,pla,median,859.0
22377d3f,vasa,DMSO,17,nucleo_cytoplasm,82997,rna_type,sum,128779265.0
22377d3f,vasa,DMSO,17,nucleo_cytoplasm,82997,rna_type,mean,1551.6134920539296
22377d3f,vasa,DMSO,17,nucleo_cytoplasm,82997,rna_type,median,1237.0
8af4f9c7,actin,DMSO,20,granule,5099,granule,sum,47902491.0
8af4f9c7,actin,DMSO,20,granule,5099,granule,mean,9394.487350460875
8af4f9c7,actin,DMSO,20,granule,5099,granule,median,8923.0
8af4f9c7,actin,DMSO,20,granule,5099,pla,sum,6495676.0
8af4f9c7,actin,DMSO,20,granule,5099,pla,mean,1273.9117474014513
8af4f9c7,actin,DMSO,20,granule,5099,pla,median,1133.0
8af4f9c7,actin,DMSO,20,granule,5099,rna_type,sum,10311650.0
8af4f9c7,actin,DMSO,20,granule,5099,rna_type,mean,2022.288684055697
8af4f9c7,actin,DMSO,20,granule,5099,rna_type,median,1784.0
8af4f9c7,actin,DMSO,20,cell,138966,granule,sum,183121923.0
8af4f9c7,actin,DMSO,20,cell,138966,granule,mean,1317.7462328914987
8af4f9c7,actin,DMSO,20,cell,138966,granule,median,760.0
8af4f9c7,actin,DMSO,20,cell,138966,pla,sum,144328589.0
8af4f9c7,actin,DMSO,20,cell,138966,pla,mean,1038.5892160672395
8af4f9c7,actin,DMSO,20,cell,138966,pla,median,897.0
8af4f9c7,actin,DMSO,20,cell,138966,rna_type,sum,201723043.0
8af4f9c7,actin,DMSO,20,cell,138966,rna_type,mean,1451.5999812903876
8af4f9c7,actin,DMSO,20,cell,138966,rna_type,median,1238.0
8af4f9c7,actin,DMSO,20,granule_periphery,10438,granule,sum,30131150.0
8af4f9c7,actin,DMSO,20,granule_periphery,10438,granule,mean,2886.6784824679057
8af4f9c7,actin,DMSO,20,granule_periphery,10438,granule,median,2486.0
8af4f9c7,actin,DMSO,20,granule_periphery,10438,pla,sum,12271302.0
8af4f9c7,actin,DMSO,20,granule_periphery,10438,pla,mean,1175.6372868365588
8af4f9c7,actin,DMSO,20,granule_periphery,10438,pla,median,1032.0
8af4f9c7,actin,DMSO,20,granule_periphery,10438,rna_type,sum,17504943.0
8af4f9c7,actin,DMSO,20,granule_periphery,10438,rna_type,mean,1677.0399501820273
8af4f9c7,actin,DMSO,20,granule_periphery,10438,rna_type,median,1474.0
8af4f9c7,actin,DMSO,20,pseudo_nucleus,20741,granule,sum,53806091.0
8af4f9c7,actin,DMSO,20,pseudo_nucleus,20741,granule,mean,2594.1898172701412
8af4f9c7,actin,DMSO,20,pseudo_nucleus,20741,granule,median,1541.0
8af4f9c7,actin,DMSO,20,pseudo_nucleus,20741,pla,sum,24146017.0
8af4f9c7,actin,DMSO,20,pseudo_nucleus,20741,pla,mean,1164.16841039487
8af4f9c7,actin,DMSO,20,pseudo_nucleus,20741,pla,median,1020.0
8af4f9c7,actin,DMSO,20,pseudo_nucleus,20741,rna_type,sum,33034609.0
8af4f9c7,actin,DMSO,20,pseudo_nucleus,20741,rna_type,mean,1592.720167783617
8af4f9c7,actin,DMSO,20,pseudo_nucleus,20741,rna_type,median,1384.0
8af4f9c7,actin,DMSO,20,cytoplasm,109471,granule,sum,86629902.0
8af4f9c7,actin,DMSO,20,cytoplasm,109471,granule,mean,791.3502388760494
8af4f9c7,actin,DMSO,20,cytoplasm,109471,granule,median,609.0
8af4f9c7,actin,DMSO,20,cytoplasm,109471,pla,sum,109652320.0
8af4f9c7,actin,DMSO,20,cytoplasm,109471,pla,mean,1001.6563290734532
8af4f9c7,actin,DMSO,20,cytoplasm,109471,pla,median,864.0
8af4f9c7,actin,DMSO,20,cytoplasm,109471,rna_type,sum,152890369.0
8af4f9c7,actin,DMSO,20,cytoplasm,109471,rna_type,mean,1396.6289610947192
8af4f9c7,actin,DMSO,20,cytoplasm,109471,rna_type,median,1184.0
8af4f9c7,actin,DMSO,20,nucleo_cytoplasm,123429,granule,sum,105088282.0
8af4f9c7,actin,DMSO,20,nucleo_cytoplasm,123429,granule,mean,851.4067358562412
8af4f9c7,actin,DMSO,20,nucleo_cytoplasm,123429,granule,median,658.0
8af4f9c7,actin,DMSO,20,nucleo_cytoplasm,123429,pla,sum,125561611.0
8af4f9c7,actin,DMSO,20,nucleo_cytoplasm,123429,pla,mean,1017.2780383864408
8af4f9c7,actin,DMSO,20,nucleo_cytoplasm,123429,pla,median,878.0
8af4f9c7,actin,DMSO,20,nucleo_cytoplasm,123429,rna_type,sum,173906450.0
8af4f9c7,actin,DMSO,20,nucleo_cytoplasm,123429,rna_type,mean,1408.9594017613365
8af4f9c7,actin,DMSO,20,nucleo_cytoplasm,123429,rna_type,median,1198.0
c252ddf7,vasa,PatA,19,granule,8080,granule,sum,108783514.0
c252ddf7,vasa,PatA,19,granule,8080,granule,mean,13463.306188118811
c252ddf7,vasa,PatA,19,granule,8080,granule,median,12225.5
c252ddf7,vasa,PatA,19,granule,8080,pla,sum,14738817.0
c252ddf7,vasa,PatA,19,granule,8080,pla,mean,1824.1110148514852
c252ddf7,vasa,PatA,19,granule,8080,pla,median,1514.0
c252ddf7,vasa,PatA,19,granule,8080,rna_type,sum,34999911.0
c252ddf7,vasa,PatA,19,granule,8080,rna_type,mean,4331.672153465346
c252ddf7,vasa,PatA,19,granule,8080,rna_type,median,2993.5
c252ddf7,vasa,PatA,19,cell,138725,granule,sum,289428421.0
c252ddf7,vasa,PatA,19,cell,138725,granule,mean,2086.3465200937108
c252ddf7,vasa,PatA,19,cell,138725,granule,median,1047.0
c252ddf7,vasa,PatA,19,cell,138725,pla,sum,131243376.0
c252ddf7,vasa,PatA,19,cell,138725,pla,mean,946.0686682285096
c252ddf7,vasa,PatA,19,cell,138725,pla,median,755.0
c252ddf7,vasa,PatA,19,cell,138725,rna_type,sum,155649968.0
c252ddf7,vasa,PatA,19,cell,138725,rna_type,mean,1122.0037340061272
c252ddf7,vasa,PatA,19,cell,138725,rna_type,median,543.0
c252ddf7,vasa,PatA,19,granule_periphery,10956,granule,sum,42106919.0
c252ddf7,vasa,PatA,19,granule_periphery,10956,granule,mean,3843.2748265790433
c252ddf7,vasa,PatA,19,granule_periphery,10956,granule,median,3389.0
c252ddf7,vasa,PatA,19,granule_periphery,10956,pla,sum,15054174.0
c252ddf7,vasa,PatA,19,granule_periphery,10956,pla,mean,1374.0575027382256
c252ddf7,vasa,PatA,19,granule_periphery,10956,pla,median,982.0
c252ddf7,vasa,PatA,19,granule_periphery,10956,rna_type,sum,30879596.0
c252ddf7,vasa,PatA,19,granule_periphery,10956,rna_type,mean,2818.5100401606423
c252ddf7,vasa,PatA,19,granule_periphery,10956,rna_type,median,1168.0
c252ddf7,vasa,PatA,19,pseudo_nucleus,29365,granule,sum,100650544.0
c252ddf7,vasa,PatA,19,pseudo_nucleus,29365,granule,mean,3427.5683296441343
c252ddf7,vasa,PatA,19,pseudo_nucleus,29365,granule,median,1905.0
c252ddf7,vasa,PatA,19,pseudo_nucleus,29365,pla,sum,27925185.0
c252ddf7,vasa,PatA,19,pseudo_nucleus,29365,pla,mean,950.9683296441342
c252ddf7,vasa,PatA,19,pseudo_nucleus,29365,pla,median,735.0
c252ddf7,vasa,PatA,19,pseudo_nucleus,29365,rna_type,sum,40806816.0
c252ddf7,vasa,PatA,19,pseudo_nucleus,29365,rna_type,mean,1389.6412736250638
c252ddf7,vasa,PatA,19,pseudo_nucleus,29365,rna_type,median,679.0
c252ddf7,vasa,PatA,19,cytoplasm,98052,granule,sum,98712969.0
c252ddf7,vasa,PatA,19,cytoplasm,98052,granule,mean,1006.7410047729776
c252ddf7,vasa,PatA,19,cytoplasm,98052,granule,median,783.5
c252ddf7,vasa,PatA,19,cytoplasm,98052,pla,sum,84625425.0
c252ddf7,vasa,PatA,19,cytoplasm,98052,pla,mean,863.0667910904418
c252ddf7,vasa,PatA,19,cytoplasm,98052,pla,median,726.0
c252ddf7,vasa,PatA,19,cytoplasm,98052,rna_type,sum,72655219.0
c252ddf7,vasa,PatA,19,cytoplasm,98052,rna_type,mean,740.9866091461673
c252ddf7,vasa,PatA,19,cytoplasm,98052,rna_type,median,464.0
c252ddf7,vasa,PatA,19,nucleo_cytoplasm,119689,granule,sum,138537988.0
c252ddf7,vasa,PatA,19,nucleo_cytoplasm,119689,granule,mean,1157.4830435545455
c252ddf7,vasa,PatA,19,nucleo_cytoplasm,119689,granule,median,888.0
c252ddf7,vasa,PatA,19,nucleo_cytoplasm,119689,pla,sum,101450385.0
c252ddf7,vasa,PatA,19,nucleo_cytoplasm,119689,pla,mean,847.6166147264995
c252ddf7,vasa,PatA,19,nucleo_cytoplasm,119689,pla,median,712.0
c252ddf7,vasa,PatA,19,nucleo_cytoplasm,119689,rna_type,sum,89770461.0
c252ddf7,vasa,PatA,19,nucleo_cytoplasm,119689,rna_type,mean,750.0310053555464
c252ddf7,vasa,PatA,19,nucleo_cytoplasm,119689,rna_type,median,477.0
c26b6b48,vasa,CHX,24,granule,8916,granule,sum,46704115.0
c26b6b48,vasa,CHX,24,granule,8916,granule,mean,5238.236316733962
c26b6b48,vasa,CHX,24,granule,8916,granule,median,4855.5
c26b6b48,vasa,CHX,24,granule,8916,pla,sum,20498585.0
c26b6b48,vasa,CHX,24,granule,8916,pla,mean,2299.0786227007625
c26b6b48,vasa,CHX,24,granule,8916,pla,median,2151.0
c26b6b48,vasa,CHX,24,granule,8916,rna_type,sum,23250016.0
c26b6b48,vasa,CHX,24,granule,8916,rna_type,mean,2607.6733961417676
c26b6b48,vasa,CHX,24,granule,8916,rna_type,median,2354.0
c26b6b48,vasa,CHX,24,cell,124454,granule,sum,157246094.0
c26b6b48,vasa,CHX,24,cell,124454,granule,mean,1263.4876661256367
c26b6b48,vasa,CHX,24,cell,124454,granule,median,806.0
c26b6b48,vasa,CHX,24,cell,124454,pla,sum,224017366.0
c26b6b48,vasa,CHX,24,cell,124454,pla,mean,1800.0013338261526
c26b6b48,vasa,CHX,24,cell,124454,pla,median,1663.0
c26b6b48,vasa,CHX,24,cell,124454,rna_type,sum,219339003.0
c26b6b48,vasa,CHX,24,cell,124454,rna_type,mean,1762.4102318929083
c26b6b48,vasa,CHX,24,cell,124454,rna_type,median,1482.0
c26b6b48,vasa,CHX,24,granule_periphery,11611,granule,sum,21173078.0
c26b6b48,vasa,CHX,24,granule_periphery,11611,granule,mean,1823.53612953234
c26b6b48,vasa,CHX,24,granule_periphery,11611,granule,median,1586.0
c26b6b48,vasa,CHX,24,granule_periphery,11611,pla,sum,24320221.0
c26b6b48,vasa,CHX,24,granule_periphery,11611,pla,mean,2094.5845319093964
c26b6b48,vasa,CHX,24,granule_periphery,11611,pla,median,1955.0
c26b6b48,vasa,CHX,24,granule_periphery,11611,rna_type,sum,26005756.0
c26b6b48,vasa,CHX,24,granule_periphery,11611,rna_type,mean,2239.751614847989
c26b6b48,vasa,CHX,24,granule_periphery,11611,rna_type,median,1957.0
c26b6b48,vasa,CHX,24,pseudo_nucleus,34981,granule,sum,59199612.0
c26b6b48,vasa,CHX,24,pseudo_nucleus,34981,granule,mean,1692.336182499071
c26b6b48,vasa,CHX,24,pseudo_nucleus,34981,granule,median,1135.0
c26b6b48,vasa,CHX,24,pseudo_nucleus,34981,pla,sum,65420527.0
c26b6b48,vasa,CHX,24,pseudo_nucleus,34981,pla,mean,1870.17315113919
c26b6b48,vasa,CHX,24,pseudo_nucleus,34981,pla,median,1745.0
c26b6b48,vasa,CHX,24,pseudo_nucleus,34981,rna_type,sum,51487430.0
c26b6b48,vasa,CHX,24,pseudo_nucleus,34981,rna_type,mean,1471.868442868986
c26b6b48,vasa,CHX,24,pseudo_nucleus,34981,rna_type,median,1245.0
c26b6b48,vasa,CHX,24,cytoplasm,78864,granule,sum,62244422.0
c26b6b48,vasa,CHX,24,cytoplasm,78864,granule,mean,789.2628068573747
c26b6b48,vasa,CHX,24,cytoplasm,78864,granule,median,611.0
c26b6b48,vasa,CHX,24,cytoplasm,78864,pla,sum,134707440.0
c26b6b48,vasa,CHX,24,cytoplasm,78864,pla,mean,1708.0979914790018
c26b6b48,vasa,CHX,24,cytoplasm,78864,pla,median,1570.0
c26b6b48,vasa,CHX,24,cytoplasm,78864,rna_type,sum,138232605.0
c26b6b48,vasa,CHX,24,cytoplasm,78864,rna_type,mean,1752.797283931832
c26b6b48,vasa,CHX,24,cytoplasm,78864,rna_type,median,1487.0
c26b6b48,vasa,CHX,24,nucleo_cytoplasm,103927,granule,sum,89368901.0
c26b6b48,vasa,CHX,24,nucleo_cytoplasm,103927,granule,mean,859.9199534288491
c26b6b48,vasa,CHX,24,nucleo_cytoplasm,103927,granule,median,672.0
c26b6b48,vasa,CHX,24,nucleo_cytoplasm,103927,pla,sum,179198560.0
c26b6b48,vasa,CHX,24,nucleo_cytoplasm,103927,pla,mean,1724.2733842023729
c26b6b48,vasa,CHX,24,nucleo_cytoplasm,103927,pla,median,1593.0
c26b6b48,vasa,CHX,24,nucleo_cytoplasm,103927,rna_type,sum,170083231.0
c26b6b48,vasa,CHX,24,nucleo_cytoplasm,103927,rna_type,mean,1636.564425029107
c26b6b48,vasa,CHX,24,nucleo_cytoplasm,103927,rna_type,median,1376.0
0e536d0d,vasa,PatA,29,granule,6805,granule,sum,44569076.0
0e536d0d,vasa,PatA,29,granule,6805,granule,mean,6549.46010286554
0e536d0d,vasa,PatA,29,granule,6805,granule,median,5974.0
0e536d0d,vasa,PatA,29,granule,6805,pla,sum,6315570.0
0e536d0d,vasa,PatA,29,granule,6805,pla,mean,928.0778839088905
0e536d0d,vasa,PatA,29,granule,6805,pla,median,817.0
0e536d0d,vasa,PatA,29,granule,6805,rna_type,sum,6510634.0
0e536d0d,vasa,PatA,29,granule,6805,rna_type,mean,956.7426891991183
0e536d0d,vasa,PatA,29,granule,6805,rna_type,median,774.0
0e536d0d,vasa,PatA,29,cell,122969,granule,sum,203776596.0
0e536d0d,vasa,PatA,29,cell,122969,granule,mean,1657.1379453358163
0e536d0d,vasa,PatA,29,cell,122969,granule,median,1111.0
0e536d0d,vasa,PatA,29,cell,122969,pla,sum,98648425.0
0e536d0d,vasa,PatA,29,cell,122969,pla,mean,802.2219014548382
0e536d0d,vasa,PatA,29,cell,122969,pla,median,687.0
0e536d0d,vasa,PatA,29,cell,122969,rna_type,sum,75641722.0
0e536d0d,vasa,PatA,29,cell,122969,rna_type,mean,615.1283819499223
0e536d0d,vasa,PatA,29,cell,122969,rna_type,median,419.0
0e536d0d,vasa,PatA,29,granule_periphery,11982,granule,sum,35632880.0
0e536d0d,vasa,PatA,29,granule_periphery,11982,granule,mean,2973.8674678684692
0e536d0d,vasa,PatA,29,granule_periphery,11982,granule,median,2594.5
0e536d0d,vasa,PatA,29,granule_periphery,11982,pla,sum,10712650.0
0e536d0d,vasa,PatA,29,granule_periphery,11982,pla,mean,894.0619262226674
0e536d0d,vasa,PatA,29,granule_periphery,11982,pla,median,763.0
0e536d0d,vasa,PatA,29,granule_periphery,11982,rna_type,sum,11139755.0
0e536d0d,vasa,PatA,29,granule_periphery,11982,rna_type,mean,929.707477883492
0e536d0d,vasa,PatA,29,granule_periphery,11982,rna_type,median,640.5
0e536d0d,vasa,PatA,29,pseudo_nucleus,33303,granule,sum,80884249.0
0e536d0d,vasa,PatA,29,pseudo_nucleus,33303,granule,mean,2428.7376212353242
0e536d0d,vasa,PatA,29,pseudo_nucleus,33303,granule,median,1842.0
0e536d0d,vasa,PatA,29,pseudo_nucleus,33303,pla,sum,25117458.0
0e536d0d,vasa,PatA,29,pseudo_nucleus,33303,pla,mean,754.2100711647599
0e536d0d,vasa,PatA,29,pseudo_nucleus,33303,pla,median,642.0
0e536d0d,vasa,PatA,29,pseudo_nucleus,33303,rna_type,sum,18926362.0
0e536d0d,vasa,PatA,29,pseudo_nucleus,33303,rna_type,mean,568.3080202984717
0e536d0d,vasa,PatA,29,pseudo_nucleus,33303,rna_type,median,417.0
0e536d0d,vasa,PatA,29,cytoplasm,79512,granule,sum,80029236.0
0e536d0d,vasa,PatA,29,cytoplasm,79512,granule,mean,1006.5051313009357
0e536d0d,vasa,PatA,29,cytoplasm,79512,granule,median,790.0
0e536d0d,vasa,PatA,29,cytoplasm,79512,pla,sum,63646024.0
0e536d0d,vasa,PatA,29,cytoplasm,79512,pla,mean,800.4580943756918
0e536d0d,vasa,PatA,29,cytoplasm,79512,pla,median,689.0
0e536d0d,vasa,PatA,29,cytoplasm,79512,rna_type,sum,45458620.0
0e536d0d,vasa,PatA,29,cytoplasm,79512,rna_type,mean,571.7202434852601
0e536d0d,vasa,PatA,29,cytoplasm,79512,rna_type,median,388.0
0e536d0d,vasa,PatA,29,nucleo_cytoplasm,104182,granule,sum,123574640.0
0e536d0d,vasa,PatA,29,nucleo_cytoplasm,104182,granule,mean,1186.141943905857
0e536d0d,vasa,PatA,29,nucleo_cytoplasm,104182,granule,median,939.0
0e536d0d,vasa,PatA,29,nucleo_cytoplasm,104182,pla,sum,81620205.0
0e536d0d,vasa,PatA,29,nucleo_cytoplasm,104182,pla,mean,783.4386458313336
0e536d0d,vasa,PatA,29,nucleo_cytoplasm,104182,pla,median,672.0
0e536d0d,vasa,PatA,29,nucleo_cytoplasm,104182,rna_type,sum,57991333.0
0e536d0d,vasa,PatA,29,nucleo_cytoplasm,104182,rna_type,mean,556.6348601485861
0e536d0d,vasa,PatA,29,nucleo_cytoplasm,104182,rna_type,median,384.0
fda1b3bd,actin,DMSO,19,granule,6972,granule,sum,81460456.0
fda1b3bd,actin,DMSO,19,granule,6972,granule,mean,11683.943775100402
fda1b3bd,actin,DMSO,19,granule,6972,granule,median,10790.5
fda1b3bd,actin,DMSO,19,granule,6972,pla,sum,9079438.0
fda1b3bd,actin,DMSO,19,granule,6972,pla,mean,1302.2716580608146
fda1b3bd,actin,DMSO,19,granule,6972,pla,median,1159.5
fda1b3bd,actin,DMSO,19,granule,6972,rna_type,sum,15947964.0
fda1b3bd,actin,DMSO,19,granule,6972,rna_type,mean,2287.4302925989673
fda1b3bd,actin,DMSO,19,granule,6972,rna_type,median,2041.5
fda1b3bd,actin,DMSO,19,cell,65512,granule,sum,171029768.0
fda1b3bd,actin,DMSO,19,cell,65512,granule,mean,2610.66320674075
fda1b3bd,actin,DMSO,19,cell,65512,granule,median,1331.0
fda1b3bd,actin,DMSO,19,cell,65512,pla,sum,75184927.0
fda1b3bd,actin,DMSO,19,cell,65512,pla,mean,1147.6512242031995
fda1b3bd,actin,DMSO,19,cell,65512,pla,median,1008.0
fda1b3bd,actin,DMSO,19,cell,65512,rna_type,sum,111407770.0
fda1b3bd,actin,DMSO,19,cell,65512,rna_type,mean,1700.5704298449139
fda1b3bd,actin,DMSO,19,cell,65512,rna_type,median,1469.0
fda1b3bd,actin,DMSO,19,granule_periphery,11529,granule,sum,31653185.0
fda1b3bd,actin,DMSO,19,granule_periphery,11529,granule,mean,2745.5273657732673
fda1b3bd,actin,DMSO,19,granule_periphery,11529,granule,median,2316.0
fda1b3bd,actin,DMSO,19,granule_periphery,11529,pla,sum,13551489.0
fda1b3bd,actin,DMSO,19,granule_periphery,11529,pla,mean,1175.4262295081967
fda1b3bd,actin,DMSO,19,granule_periphery,11529,pla,median,1032.0
fda1b3bd,actin,DMSO,19,granule_periphery,11529,rna_type,sum,20951713.0
fda1b3bd,actin,DMSO,19,granule_periphery,11529,rna_type,mean,1817.3053170266285
fda1b3bd,actin,DMSO,19,granule_periphery,11529,rna_type,median,1588.0
fda1b3bd,actin,DMSO,19,pseudo_nucleus,24072,granule,sum,89319720.0
fda1b3bd,actin,DMSO,19,pseudo_nucleus,24072,granule,mean,3710.5234297108673
fda1b3bd,actin,DMSO,19,pseudo_nucleus,24072,granule,median,1940.0
fda1b3bd,actin,DMSO,19,pseudo_nucleus,24072,pla,sum,27847418.0
fda1b3bd,actin,DMSO,19,pseudo_nucleus,24072,pla,mean,1156.838567630442
fda1b3bd,actin,DMSO,19,pseudo_nucleus,24072,pla,median,1023.0
fda1b3bd,actin,DMSO,19,pseudo_nucleus,24072,rna_type,sum,42524524.0
fda1b3bd,actin,DMSO,19,pseudo_nucleus,24072,rna_type,mean,1766.5555001661683
fda1b3bd,actin,DMSO,19,pseudo_nucleus,24072,rna_type,median,1548.5
fda1b3bd,actin,DMSO,19,cytoplasm,33334,granule,sum,35912198.0
fda1b3bd,actin,DMSO,19,cytoplasm,33334,granule,mean,1077.3443931121378
fda1b3bd,actin,DMSO,19,cytoplasm,33334,granule,median,861.0
fda1b3bd,actin,DMSO,19,cytoplasm,33334,pla,sum,37046547.0
fda1b3bd,actin,DMSO,19,cytoplasm,33334,pla,mean,1111.3741825163497
fda1b3bd,actin,DMSO,19,cytoplasm,33334,pla,median,972.0
fda1b3bd,actin,DMSO,19,cytoplasm,33334,rna_type,sum,51693765.0
fda1b3bd,actin,DMSO,19,cytoplasm,33334,rna_type,mean,1550.7819343613128
fda1b3bd,actin,DMSO,19,cytoplasm,33334,rna_type,median,1338.0
fda1b3bd,actin,DMSO,19,nucleo_cytoplasm,47227,granule,sum,58172946.0
fda1b3bd,actin,DMSO,19,nucleo_cytoplasm,47227,granule,mean,1231.773053549876
fda1b3bd,actin,DMSO,19,nucleo_cytoplasm,47227,granule,median,998.0
fda1b3bd,actin,DMSO,19,nucleo_cytoplasm,47227,pla,sum,52820002.0
fda1b3bd,actin,DMSO,19,nucleo_cytoplasm,47227,pla,mean,1118.4280602197896
fda1b3bd,actin,DMSO,19,nucleo_cytoplasm,47227,pla,median,982.0
fda1b3bd,actin,DMSO,19,nucleo_cytoplasm,47227,rna_type,sum,74812030.0
fda1b3bd,actin,DMSO,19,nucleo_cytoplasm,47227,rna_type,mean,1584.0944798526266
fda1b3bd,actin,DMSO,19,nucleo_cytoplasm,47227,rna_type,median,1370.0
7942be28,vasa,DMSO,9,granule,6095,granule,sum,51858413.0
7942be28,vasa,DMSO,9,granule,6095,granule,mean,8508.353240360952
7942be28,vasa,DMSO,9,granule,6095,granule,median,7676.0
7942be28,vasa,DMSO,9,granule,6095,pla,sum,18128157.0
7942be28,vasa,DMSO,9,granule,6095,pla,mean,2974.2669401148482
7942be28,vasa,DMSO,9,granule,6095,pla,median,2450.0
7942be28,vasa,DMSO,9,granule,6095,rna_type,sum,53519150.0
7942be28,vasa,DMSO,9,granule,6095,rna_type,mean,8780.828547990155
7942be28,vasa,DMSO,9,granule,6095,rna_type,median,7180.0
7942be28,vasa,DMSO,9,cell,126860,granule,sum,149852641.0
7942be28,vasa,DMSO,9,cell,126860,granule,mean,1181.2442140942771
7942be28,vasa,DMSO,9,cell,126860,granule,median,566.0
7942be28,vasa,DMSO,9,cell,126860,pla,sum,142139212.0
7942be28,vasa,DMSO,9,cell,126860,pla,mean,1120.4415260917547
7942be28,vasa,DMSO,9,cell,126860,pla,median,878.0
7942be28,vasa,DMSO,9,cell,126860,rna_type,sum,259029171.0
7942be28,vasa,DMSO,9,cell,126860,rna_type,mean,2041.8506306164275
7942be28,vasa,DMSO,9,cell,126860,rna_type,median,1283.0
7942be28,vasa,DMSO,9,granule_periphery,11136,granule,sum,23539772.0
7942be28,vasa,DMSO,9,granule_periphery,11136,granule,mean,2113.8444683908046
7942be28,vasa,DMSO,9,granule_periphery,11136,granule,median,1842.0
7942be28,vasa,DMSO,9,granule_periphery,11136,pla,sum,18845512.0
7942be28,vasa,DMSO,9,granule_periphery,11136,pla,mean,1692.305316091954
7942be28,vasa,DMSO,9,granule_periphery,11136,pla,median,1401.5
7942be28,vasa,DMSO,9,granule_periphery,11136,rna_type,sum,43545244.0
7942be28,vasa,DMSO,9,granule_periphery,11136,rna_type,mean,3910.3128591954023
7942be28,vasa,DMSO,9,granule_periphery,11136,rna_type,median,2761.5
7942be28,vasa,DMSO,9,pseudo_nucleus,18770,granule,sum,57049882.0
7942be28,vasa,DMSO,9,pseudo_nucleus,18770,granule,mean,3039.4183271177412
7942be28,vasa,DMSO,9,pseudo_nucleus,18770,granule,median,1757.0
7942be28,vasa,DMSO,9,pseudo_nucleus,18770,pla,sum,30159946.0
7942be28,vasa,DMSO,9,pseudo_nucleus,18770,pla,mean,1606.816515716569
7942be28,vasa,DMSO,9,pseudo_nucleus,18770,pla,median,1306.0
7942be28,vasa,DMSO,9,pseudo_nucleus,18770,rna_type,sum,63879685.0
7942be28,vasa,DMSO,9,pseudo_nucleus,18770,rna_type,mean,3403.2863612147044
7942be28,vasa,DMSO,9,pseudo_nucleus,18770,rna_type,median,2244.0
7942be28,vasa,DMSO,9,cytoplasm,99742,granule,sum,59905788.0
7942be28,vasa,DMSO,9,cytoplasm,99742,granule,mean,600.6074472138116
7942be28,vasa,DMSO,9,cytoplasm,99742,granule,median,385.0
7942be28,vasa,DMSO,9,cytoplasm,99742,pla,sum,92044946.0
7942be28,vasa,DMSO,9,cytoplasm,99742,pla,mean,922.8303623348238
7942be28,vasa,DMSO,9,cytoplasm,99742,pla,median,770.0
7942be28,vasa,DMSO,9,cytoplasm,99742,rna_type,sum,141707246.0
7942be28,vasa,DMSO,9,cytoplasm,99742,rna_type,mean,1420.7379639469832
7942be28,vasa,DMSO,9,cytoplasm,99742,rna_type,median,1084.0
7942be28,vasa,DMSO,9,nucleo_cytoplasm,109629,granule,sum,74454456.0
7942be28,vasa,DMSO,9,nucleo_cytoplasm,109629,granule,mean,679.1492761951673
7942be28,vasa,DMSO,9,nucleo_cytoplasm,109629,granule,median,443.0
7942be28,vasa,DMSO,9,nucleo_cytoplasm,109629,pla,sum,105165543.0
7942be28,vasa,DMSO,9,nucleo_cytoplasm,109629,pla,mean,959.2858002900692
7942be28,vasa,DMSO,9,nucleo_cytoplasm,109629,pla,median,801.0
7942be28,vasa,DMSO,9,nucleo_cytoplasm,109629,rna_type,sum,161964777.0
7942be28,vasa,DMSO,9,nucleo_cytoplasm,109629,rna_type,mean,1477.389896833867
7942be28,vasa,DMSO,9,nucleo_cytoplasm,109629,rna_type,median,1135.0
983ddf81,vasa,PatA,16,granule,4905,granule,sum,43158362.0
983ddf81,vasa,PatA,16,granule,4905,granule,mean,8798.850560652396
983ddf81,vasa,PatA,16,granule,4905,granule,median,7834.0
983ddf81,vasa,PatA,16,granule,4905,pla,sum,6043715.0
983ddf81,vasa,PatA,16,granule,4905,pla,mean,1232.1539245667686
983ddf81,vasa,PatA,16,granule,4905,pla,median,1042.0
983ddf81,vasa,PatA,16,granule,4905,rna_type,sum,6374770.0
983ddf81,vasa,PatA,16,granule,4905,rna_type,mean,1299.6472986748215
983ddf81,vasa,PatA,16,granule,4905,rna_type,median,935.0
983ddf81,vasa,PatA,16,cell,125529,granule,sum,169205108.0
983ddf81,vasa,PatA,16,cell,125529,granule,mean,1347.9363971671885
983ddf81,vasa,PatA,16,cell,125529,granule,median,825.0
983ddf81,vasa,PatA,16,cell,125529,pla,sum,109822173.0
983ddf81,vasa,PatA,16,cell,125529,pla,mean,874.8749133666324
983ddf81,vasa,PatA,16,cell,125529,pla,median,742.0
983ddf81,vasa,PatA,16,cell,125529,rna_type,sum,84740817.0
983ddf81,vasa,PatA,16,cell,125529,rna_type,mean,675.069641278111
983ddf81,vasa,PatA,16,cell,125529,rna_type,median,471.0
983ddf81,vasa,PatA,16,granule_periphery,12052,granule,sum,27972674.0
983ddf81,vasa,PatA,16,granule_periphery,12052,granule,mean,2320.998506471955
983ddf81,vasa,PatA,16,granule_periphery,12052,granule,median,1960.0
983ddf81,vasa,PatA,16,granule_periphery,12052,pla,sum,12112764.0
983ddf81,vasa,PatA,16,granule_periphery,12052,pla,mean,1005.0418187852639
983ddf81,vasa,PatA,16,granule_periphery,12052,pla,median,828.0
983ddf81,vasa,PatA,16,granule_periphery,12052,rna_type,sum,10511365.0
983ddf81,vasa,PatA,16,granule_periphery,12052,rna_type,mean,872.1676900099568
983ddf81,vasa,PatA,16,granule_periphery,12052,rna_type,median,571.0
983ddf81,vasa,PatA,16,pseudo_nucleus,38320,granule,sum,72750396.0
983ddf81,vasa,PatA,16,pseudo_nucleus,38320,granule,mean,1898.496764091858
983ddf81,vasa,PatA,16,pseudo_nucleus,38320,granule,median,1151.0
983ddf81,vasa,PatA,16,pseudo_nucleus,38320,pla,sum,30789515.0
983ddf81,vasa,PatA,16,pseudo_nucleus,38320,pla,mean,803.4842118997913
983ddf81,vasa,PatA,16,pseudo_nucleus,38320,pla,median,689.0
983ddf81,vasa,PatA,16,pseudo_nucleus,38320,rna_type,sum,23191320.0
983ddf81,vasa,PatA,16,pseudo_nucleus,38320,rna_type,mean,605.2014613778706
983ddf81,vasa,PatA,16,pseudo_nucleus,38320,rna_type,median,449.0
983ddf81,vasa,PatA,16,cytoplasm,79401,granule,sum,65499583.0
983ddf81,vasa,PatA,16,cytoplasm,79401,granule,mean,824.9213863805242
983ddf81,vasa,PatA,16,cytoplasm,79401,granule,median,653.0
983ddf81,vasa,PatA,16,cytoplasm,79401,pla,sum,69442717.0
983ddf81,vasa,PatA,16,cytoplasm,79401,pla,mean,874.5823982065717
983ddf81,vasa,PatA,16,cytoplasm,79401,pla,median,749.0
983ddf81,vasa,PatA,16,cytoplasm,79401,rna_type,sum,51659353.0
983ddf81,vasa,PatA,16,cytoplasm,79401,rna_type,mean,650.6133801841287
983ddf81,vasa,PatA,16,cytoplasm,79401,rna_type,median,463.0
983ddf81,vasa,PatA,16,nucleo_cytoplasm,108572,granule,sum,98074072.0
983ddf81,vasa,PatA,16,nucleo_cytoplasm,108572,granule,mean,903.3090667943853
983ddf81,vasa,PatA,16,nucleo_cytoplasm,108572,granule,median,718.0
983ddf81,vasa,PatA,16,nucleo_cytoplasm,108572,pla,sum,91665694.0
983ddf81,vasa,PatA,16,nucleo_cytoplasm,108572,pla,mean,844.2848432376671
983ddf81,vasa,PatA,16,nucleo_cytoplasm,108572,pla,median,723.0
983ddf81,vasa,PatA,16,nucleo_cytoplasm,108572,rna_type,sum,67854682.0
983ddf81,vasa,PatA,16,nucleo_cytoplasm,108572,rna_type,mean,624.9740448734481
983ddf81,vasa,PatA,16,nucleo_cytoplasm,108572,rna_type,median,449.0
9e7ecba4,vasa,DMSO,2,granule,5925,granule,sum,137194605.0
9e7ecba4,vasa,DMSO,2,granule,5925,granule,mean,23155.20759493671
9e7ecba4,vasa,DMSO,2,granule,5925,granule,median,22157.0
9e7ecba4,vasa,DMSO,2,granule,5925,pla,sum,12128201.0
9e7ecba4,vasa,DMSO,2,granule,5925,pla,mean,2046.9537552742615
9e7ecba4,vasa,DMSO,2,granule,5925,pla,median,1824.0
9e7ecba4,vasa,DMSO,2,granule,5925,rna_type,sum,17824119.0
9e7ecba4,vasa,DMSO,2,granule,5925,rna_type,mean,3008.2901265822784
9e7ecba4,vasa,DMSO,2,granule,5925,rna_type,median,2590.0
9e7ecba4,vasa,DMSO,2,cell,82207,granule,sum,336367390.0
9e7ecba4,vasa,DMSO,2,cell,82207,granule,mean,4091.7122629459777
9e7ecba4,vasa,DMSO,2,cell,82207,granule,median,2135.0
9e7ecba4,vasa,DMSO,2,cell,82207,pla,sum,139151157.0
9e7ecba4,vasa,DMSO,2,cell,82207,pla,mean,1692.6923133066527
9e7ecba4,vasa,DMSO,2,cell,82207,pla,median,1469.0
9e7ecba4,vasa,DMSO,2,cell,82207,rna_type,sum,170032102.0
9e7ecba4,vasa,DMSO,2,cell,82207,rna_type,mean,2068.3409198730037
9e7ecba4,vasa,DMSO,2,cell,82207,rna_type,median,1642.0
9e7ecba4,vasa,DMSO,2,granule_periphery,11023,granule,sum,66495381.0
9e7ecba4,vasa,DMSO,2,granule_periphery,11023,granule,mean,6032.421391635671
9e7ecba4,vasa,DMSO,2,granule_periphery,11023,granule,median,5379.0
9e7ecba4,vasa,DMSO,2,granule_periphery,11023,pla,sum,21469621.0
9e7ecba4,vasa,DMSO,2,granule_periphery,11023,pla,mean,1947.7112401342647
9e7ecba4,vasa,DMSO,2,granule_periphery,11023,pla,median,1673.0
9e7ecba4,vasa,DMSO,2,granule_periphery,11023,rna_type,sum,29334170.0
9e7ecba4,vasa,DMSO,2,granule_periphery,11023,rna_type,mean,2661.1784450694004
9e7ecba4,vasa,DMSO,2,granule_periphery,11023,rna_type,median,2116.0
9e7ecba4,vasa,DMSO,2,pseudo_nucleus,21887,granule,sum,133739410.0
9e7ecba4,vasa,DMSO,2,pseudo_nucleus,21887,granule,mean,6110.44958194362
9e7ecba4,vasa,DMSO,2,pseudo_nucleus,21887,granule,median,3861.0
9e7ecba4,vasa,DMSO,2,pseudo_nucleus,21887,pla,sum,30194394.0
9e7ecba4,vasa,DMSO,2,pseudo_nucleus,21887,pla,mean,1379.5583679809934
9e7ecba4,vasa,DMSO,2,pseudo_nucleus,21887,pla,median,1208.0
9e7ecba4,vasa,DMSO,2,pseudo_nucleus,21887,rna_type,sum,33485168.0
9e7ecba4,vasa,DMSO,2,pseudo_nucleus,21887,rna_type,mean,1529.9112715310457
9e7ecba4,vasa,DMSO,2,pseudo_nucleus,21887,rna_type,median,1272.0
9e7ecba4,vasa,DMSO,2,cytoplasm,50102,granule,sum,80779078.0
9e7ecba4,vasa,DMSO,2,cytoplasm,50102,granule,mean,1612.2924833339987
9e7ecba4,vasa,DMSO,2,cytoplasm,50102,granule,median,1313.0
9e7ecba4,vasa,DMSO,2,cytoplasm,50102,pla,sum,86812364.0
9e7ecba4,vasa,DMSO,2,cytoplasm,50102,pla,mean,1732.7125464053331
9e7ecba4,vasa,DMSO,2,cytoplasm,50102,pla,median,1521.0
9e7ecba4,vasa,DMSO,2,cytoplasm,50102,rna_type,sum,103749776.0
9e7ecba4,vasa,DMSO,2,cytoplasm,50102,rna_type,mean,2070.7711468604048
9e7ecba4,vasa,DMSO,2,cytoplasm,50102,rna_type,median,1674.5
9e7ecba4,vasa,DMSO,2,nucleo_cytoplasm,65259,granule,sum,132677404.0
9e7ecba4,vasa,DMSO,2,nucleo_cytoplasm,65259,granule,mean,2033.089750072787
9e7ecba4,vasa,DMSO,2,nucleo_cytoplasm,65259,granule,median,1655.0
9e7ecba4,vasa,DMSO,2,nucleo_cytoplasm,65259,pla,sum,105553335.0
9e7ecba4,vasa,DMSO,2,nucleo_cytoplasm,65259,pla,mean,1617.4525352824899
9e7ecba4,vasa,DMSO,2,nucleo_cytoplasm,65259,pla,median,1412.0
9e7ecba4,vasa,DMSO,2,nucleo_cytoplasm,65259,rna_type,sum,122873813.0
9e7ecba4,vasa,DMSO,2,nucleo_cytoplasm,65259,rna_type,mean,1882.8638655204645
9e7ecba4,vasa,DMSO,2,nucleo_cytoplasm,65259,rna_type,median,1496.0
03b2bd96,actin,PatA,16,granule,7073,granule,sum,69000824.0
03b2bd96,actin,PatA,16,granule,7073,granule,mean,9755.524388519723
03b2bd96,actin,PatA,16,granule,7073,granule,median,9519.0
03b2bd96,actin,PatA,16,granule,7073,pla,sum,2378011.0
03b2bd96,actin,PatA,16,granule,7073,pla,mean,336.2096705782553
03b2bd96,actin,PatA,16,granule,7073,pla,median,306.0
03b2bd96,actin,PatA,16,granule,7073,rna_type,sum,5400800.0
03b2bd96,actin,PatA,16,granule,7073,rna_type,mean,763.5798105471512
03b2bd96,actin,PatA,16,granule,7073,rna_type,median,545.0
03b2bd96,actin,PatA,16,cell,76065,granule,sum,158486937.0
03b2bd96,actin,PatA,16,cell,76065,granule,mean,2083.5724314730824
03b2bd96,actin,PatA,16,cell,76065,granule,median,1091.0
03b2bd96,actin,PatA,16,cell,76065,pla,sum,23316750.0
03b2bd96,actin,PatA,16,cell,76065,pla,mean,306.5371721553934
03b2bd96,actin,PatA,16,cell,76065,pla,median,275.0
03b2bd96,actin,PatA,16,cell,76065,rna_type,sum,48328849.0
03b2bd96,actin,PatA,16,cell,76065,rna_type,mean,635.3625057516598
03b2bd96,actin,PatA,16,cell,76065,rna_type,median,419.0
03b2bd96,actin,PatA,16,granule_periphery,10892,granule,sum,28064977.0
03b2bd96,actin,PatA,16,granule_periphery,10892,granule,mean,2576.6596584649283
03b2bd96,actin,PatA,16,granule_periphery,10892,granule,median,2198.0
03b2bd96,actin,PatA,16,granule_periphery,10892,pla,sum,3467247.0
03b2bd96,actin,PatA,16,granule_periphery,10892,pla,mean,318.3296915167095
03b2bd96,actin,PatA,16,granule_periphery,10892,pla,median,287.5
03b2bd96,actin,PatA,16,granule_periphery,10892,rna_type,sum,7210310.0
03b2bd96,actin,PatA,16,granule_periphery,10892,rna_type,mean,661.9821887623945
03b2bd96,actin,PatA,16,granule_periphery,10892,rna_type,median,445.0
03b2bd96,actin,PatA,16,pseudo_nucleus,26143,granule,sum,90823243.0
03b2bd96,actin,PatA,16,pseudo_nucleus,26143,granule,mean,3474.094136097617
03b2bd96,actin,PatA,16,pseudo_nucleus,26143,granule,median,2003.0
03b2bd96,actin,PatA,16,pseudo_nucleus,26143,pla,sum,8312768.0
03b2bd96,actin,PatA,16,pseudo_nucleus,26143,pla,mean,317.97299468308915
03b2bd96,actin,PatA,16,pseudo_nucleus,26143,pla,median,288.0
03b2bd96,actin,PatA,16,pseudo_nucleus,26143,rna_type,sum,17197142.0
03b2bd96,actin,PatA,16,pseudo_nucleus,26143,rna_type,mean,657.8105802700532
03b2bd96,actin,PatA,16,pseudo_nucleus,26143,rna_type,median,439.0
03b2bd96,actin,PatA,16,cytoplasm,43247,granule,sum,37955089.0
03b2bd96,actin,PatA,16,cytoplasm,43247,granule,mean,877.6351885679932
03b2bd96,actin,PatA,16,cytoplasm,43247,granule,median,688.0
03b2bd96,actin,PatA,16,cytoplasm,43247,pla,sum,12881462.0
03b2bd96,actin,PatA,16,cytoplasm,43247,pla,mean,297.85793234212775
03b2bd96,actin,PatA,16,cytoplasm,43247,pla,median,266.0
03b2bd96,actin,PatA,16,cytoplasm,43247,rna_type,sum,26409971.0
03b2bd96,actin,PatA,16,cytoplasm,43247,rna_type,mean,610.6775267648623
03b2bd96,actin,PatA,16,cytoplasm,43247,rna_type,median,396.0
03b2bd96,actin,PatA,16,nucleo_cytoplasm,58115,granule,sum,61433233.0
03b2bd96,actin,PatA,16,nucleo_cytoplasm,58115,granule,mean,1057.0977028305945
03b2bd96,actin,PatA,16,nucleo_cytoplasm,58115,granule,median,834.0
03b2bd96,actin,PatA,16,nucleo_cytoplasm,58115,pla,sum,17474768.0
03b2bd96,actin,PatA,16,nucleo_cytoplasm,58115,pla,mean,300.692902004646
03b2bd96,actin,PatA,16,nucleo_cytoplasm,58115,pla,median,269.0
03b2bd96,actin,PatA,16,nucleo_cytoplasm,58115,rna_type,sum,35722043.0
03b2bd96,actin,PatA,16,nucleo_cytoplasm,58115,rna_type,mean,614.6785339413233
03b2bd96,actin,PatA,16,nucleo_cytoplasm,58115,rna_type,median,399.0
f245e072,vasa,PatA,6,granule,4006,granule,sum,40004816.0
f245e072,vasa,PatA,6,granule,4006,granule,mean,9986.224663005492
f245e072,vasa,PatA,6,granule,4006,granule,median,8852.0
f245e072,vasa,PatA,6,granule,4006,pla,sum,6587074.0
f245e072,vasa,PatA,6,granule,4006,pla,mean,1644.3020469296057
f245e072,vasa,PatA,6,granule,4006,pla,median,1504.0
f245e072,vasa,PatA,6,granule,4006,rna_type,sum,4434459.0
f245e072,vasa,PatA,6,granule,4006,rna_type,mean,1106.9543185222167
f245e072,vasa,PatA,6,granule,4006,rna_type,median,875.0
f245e072,vasa,PatA,6,cell,147479,granule,sum,228305676.0
f245e072,vasa,PatA,6,cell,147479,granule,mean,1548.0554926464106
f245e072,vasa,PatA,6,cell,147479,granule,median,1085.0
f245e072,vasa,PatA,6,cell,147479,pla,sum,317186523.0
f245e072,vasa,PatA,6,cell,147479,pla,mean,2150.7233097593557
f245e072,vasa,PatA,6,cell,147479,pla,median,1384.0
f245e072,vasa,PatA,6,cell,147479,rna_type,sum,112915156.0
f245e072,vasa,PatA,6,cell,147479,rna_type,mean,765.6354870862971
f245e072,vasa,PatA,6,cell,147479,rna_type,median,573.0
f245e072,vasa,PatA,6,granule_periphery,10304,granule,sum,29503636.0
f245e072,vasa,PatA,6,granule_periphery,10304,granule,mean,2863.3187111801244
f245e072,vasa,PatA,6,granule_periphery,10304,granule,median,2281.5
f245e072,vasa,PatA,6,granule_periphery,10304,pla,sum,16726052.0
f245e072,vasa,PatA,6,granule_periphery,10304,pla,mean,1623.258152173913
f245e072,vasa,PatA,6,granule_periphery,10304,pla,median,1374.0
f245e072,vasa,PatA,6,granule_periphery,10304,rna_type,sum,10044605.0
f245e072,vasa,PatA,6,granule_periphery,10304,rna_type,mean,974.8257958074535
f245e072,vasa,PatA,6,granule_periphery,10304,rna_type,median,643.0
f245e072,vasa,PatA,6,pseudo_nucleus,49301,granule,sum,96270859.0
f245e072,vasa,PatA,6,pseudo_nucleus,49301,granule,mean,1952.7161518021946
f245e072,vasa,PatA,6,pseudo_nucleus,49301,granule,median,1307.0
f245e072,vasa,PatA,6,pseudo_nucleus,49301,pla,sum,64230873.0
f245e072,vasa,PatA,6,pseudo_nucleus,49301,pla,mean,1302.8310379099814
f245e072,vasa,PatA,6,pseudo_nucleus,49301,pla,median,1176.0
f245e072,vasa,PatA,6,pseudo_nucleus,49301,rna_type,sum,33460142.0
f245e072,vasa,PatA,6,pseudo_nucleus,49301,rna_type,mean,678.6909393318593
f245e072,vasa,PatA,6,pseudo_nucleus,49301,rna_type,median,526.0
f245e072,vasa,PatA,6,cytoplasm,92133,granule,sum,103487862.0
f245e072,vasa,PatA,6,cytoplasm,92133,granule,mean,1123.2442447331575
f245e072,vasa,PatA,6,cytoplasm,92133,granule,median,943.0
f245e072,vasa,PatA,6,cytoplasm,92133,pla,sum,241729959.0
f245e072,vasa,PatA,6,cytoplasm,92133,pla,mean,2623.706587216307
f245e072,vasa,PatA,6,cytoplasm,92133,pla,median,1512.0
f245e072,vasa,PatA,6,cytoplasm,92133,rna_type,sum,72301652.0
f245e072,vasa,PatA,6,cytoplasm,92133,rna_type,mean,784.7530417982699
f245e072,vasa,PatA,6,cytoplasm,92133,rna_type,median,591.0
f245e072,vasa,PatA,6,nucleo_cytoplasm,133169,granule,sum,158797224.0
f245e072,vasa,PatA,6,nucleo_cytoplasm,133169,granule,mean,1192.4488732362638
f245e072,vasa,PatA,6,nucleo_cytoplasm,133169,granule,median,1004.0
f245e072,vasa,PatA,6,nucleo_cytoplasm,133169,pla,sum,293873397.0
f245e072,vasa,PatA,6,nucleo_cytoplasm,133169,pla,mean,2206.7703219217688
f245e072,vasa,PatA,6,nucleo_cytoplasm,133169,pla,median,1381.0
f245e072,vasa,PatA,6,nucleo_cytoplasm,133169,rna_type,sum,98436092.0
f245e072,vasa,PatA,6,nucleo_cytoplasm,133169,rna_type,mean,739.1817314840541
f245e072,vasa,PatA,6,nucleo_cytoplasm,133169,rna_type,median,562.0
